perturbation,direction_score,direction_sign_agreement,direction_n_donors,direction_per_donor
NAA10,-1.248795564739546,True,1,-1.2488
NKAP,-1.1825974294499166,True,1,-1.1826
HNRNPL,-1.1114136576421016,True,1,-1.1114
IL2RG,-1.0733165830564713,True,1,-1.0733
ADSS,-1.0450756573756745,True,1,-1.0451
MCL1,-1.042605845107714,True,1,-1.0426
KARS,-1.035088098941492,True,1,-1.0351
SEPHS2,-0.8782292206820108,True,1,-0.8782
DGCR8,-0.862613753620453,True,1,-0.8626
PALB2,-0.8507666176717709,True,1,-0.8508
TRMT5,-0.8377381001128766,True,2,-1.1640;-0.5114
MED9,-0.8148422937503681,True,2,-0.9860;-0.6436
DPP7,-0.8000964917784341,True,1,-0.8001
SPOUT1,-0.7909727413323728,True,2,-0.4361;-1.1458
CAPZB,-0.7791248762240509,True,1,-0.7791
ILF2,-0.7745228981335415,True,1,-0.7745
NUP214,-0.7688310269593384,True,1,-0.7688
LCP2,-0.7582315931996088,True,2,-1.0547;-0.4617
TAMM41,-0.7553036026530956,True,1,-0.7553
RIOK2,-0.7036980264785231,True,1,-0.7037
EIF2B2,-0.703506829224704,True,1,-0.7035
GMPPB,-0.6993765268337784,True,2,-0.9124;-0.4863
CD3G,-0.6980521920818432,True,2,-0.8949;-0.5012
DNTTIP2,-0.6894246769321153,True,1,-0.6894
CCT2,-0.6763222540918876,True,1,-0.6763
RSL1D1,-0.6741167154185246,True,1,-0.6741
JAK1,-0.6657984439737815,True,1,-0.6658
CD3D,-0.6626816273194278,True,2,-0.9750;-0.3504
CD3E,-0.661904563561555,True,2,-0.9381;-0.3857
AARS,-0.6611814348542683,True,1,-0.6612
PLCG1,-0.6605333630921706,True,2,-0.8113;-0.5098
NOP2,-0.6391449298129297,True,1,-0.6391
LAT,-0.6350032385481219,True,2,-0.8233;-0.4467
ZAP70,-0.6272267957372919,True,2,-0.7969;-0.4575
SMC2,-0.6197449789268413,True,1,-0.6197
SMARCD3,-0.6163005356001533,True,2,-0.8359;-0.3967
PSTK,-0.6154109929951601,True,1,-0.6154
NOL12,-0.6153709172339732,True,2,-1.0673;-0.1635
NDUFA1,-0.6046311672361655,True,1,-0.6046
DAD1,-0.5996509554143081,True,2,-0.8274;-0.3719
VAV1,-0.5921438378987751,True,2,-0.7848;-0.3995
GPATCH1,-0.5910583316009624,True,1,-0.5911
SRP9,-0.5870722725009685,True,2,-0.8904;-0.2838
CPNE1,-0.5863981454709952,True,2,-1.1710;-0.0018
ORC5,-0.5842843723547387,True,2,-0.5304;-0.6382
GEMIN2,-0.5839761508127022,True,2,-0.6765;-0.4914
MRTO4,-0.5795013283405563,True,2,-0.5181;-0.6409
GNPNAT1,-0.5713597904563466,True,2,-0.7029;-0.4398
SMARCE1,-0.5545346906684179,True,2,-0.6365;-0.4726
ZBED3,-0.5544545419436817,True,2,-0.6606;-0.4483
RPS17,-0.5517505398612608,True,1,-0.5518
TUBGCP2,-0.5510981262046085,True,1,-0.5511
SENP6,-0.5493470524632696,True,1,-0.5493
ATRIP,-0.5483231481169094,True,1,-0.5483
RUVBL2,-0.5459089648748146,True,1,-0.5459
GSPT1,-0.5385122549207988,True,1,-0.5385
LCK,-0.5295273258000488,True,2,-0.7772;-0.2818
PGD,-0.5280755033784446,True,2,-0.8454;-0.2107
EIF2S2,-0.5226327652362887,True,1,-0.5226
GMIP,-0.5199954128614286,True,2,-0.4253;-0.6147
SON,-0.5193340126833639,True,2,-0.7170;-0.3216
EIF3M,-0.5170026312293152,True,2,-0.7049;-0.3291
POLR3F,-0.5153295474584073,False,2,-1.0628;0.0322
RINT1,-0.5138968773509384,True,1,-0.5139
TIMM22,-0.5128112285676616,True,2,-0.2776;-0.7480
PRDM10,-0.510358248853247,True,2,-0.5913;-0.4294
NMNAT1,-0.5082281375652988,True,1,-0.5082
CCT6A,-0.5057210756926867,True,1,-0.5057
EXOC4,-0.5057188698582257,True,2,-0.3333;-0.6781
TUBA1B,-0.5046256816069896,True,1,-0.5046
INTS3,-0.503703129145977,True,1,-0.5037
GARS,-0.500244733162289,True,2,-0.6619;-0.3386
SKIV2L,-0.4999613039562275,True,2,-0.6732;-0.3267
MBTPS2,-0.4947800236402032,True,2,-0.7511;-0.2385
CD247,-0.49101853203140566,True,2,-0.6102;-0.3718
GNL3L,-0.49033891243106265,True,1,-0.4903
TBL3,-0.4897771636671896,True,1,-0.4898
SFPQ,-0.4886274475713851,True,1,-0.4886
ACD,-0.4853868829932676,True,1,-0.4854
PDPK1,-0.48354532560613217,True,2,-0.9554;-0.0117
RPL30,-0.4809297972795318,True,1,-0.4809
FUNDC1,-0.4799145214258203,True,2,-0.3510;-0.6089
SURF6,-0.4795219850054877,True,1,-0.4795
PSMG4,-0.47824568250451294,True,1,-0.4782
TBX21,-0.4782114928166363,True,2,-0.5770;-0.3794
CHTF8,-0.47785032965728513,True,1,-0.4778
ALG1,-0.4776193910685882,True,2,-0.6382;-0.3171
PNN,-0.47534513990593613,True,2,-0.2919;-0.6588
BATF,-0.47528357725196735,True,2,-0.7652;-0.1854
VMA21,-0.4741398167765558,True,2,-0.9122;-0.0360
BCAT2,-0.4716198826043694,True,2,-0.6480;-0.2953
ZC3H18,-0.47008729148331624,True,2,-0.7492;-0.1910
COG8,-0.46839604955422764,True,2,-0.5377;-0.3991
SRPRA,-0.4632635645409176,True,2,-0.7256;-0.2010
FTSJ3,-0.46306671615806105,True,1,-0.4631
NCBP2,-0.462179206127294,True,1,-0.4622
KANSL3,-0.45994107475532664,True,1,-0.4599
TRAPPC5,-0.4569537353517369,True,2,-0.7626;-0.1513
TTYH3,-0.45690459182684223,True,2,-0.5903;-0.3235
DDX56,-0.4559488052075751,True,2,-0.4949;-0.4170
CCDC84,-0.4542742746486128,True,2,-0.1281;-0.7804
SLBP,-0.4537338654536345,True,1,-0.4537
SPCS3,-0.4531830351805728,True,2,-0.7676;-0.1387
SRA1,-0.4498456115890083,True,2,-0.7666;-0.1331
MOB4,-0.4490400708407767,True,1,-0.4490
SF3B2,-0.4479543001864503,True,1,-0.4480
EFR3A,-0.44565257229484634,True,2,-0.7471;-0.1442
STRN4,-0.4453473248221146,True,2,-0.1793;-0.7114
HGS,-0.4441783635246159,True,1,-0.4442
SMC1A,-0.4437954909231565,True,1,-0.4438
UBE2E2,-0.4429380371276407,True,2,-0.6270;-0.2588
EIF2B3,-0.44212885338264185,True,2,-0.2880;-0.5962
MYO9B,-0.4402923937906189,True,1,-0.4403
NCSTN,-0.4384661754087902,True,1,-0.4385
MED6,-0.4349270221918833,True,1,-0.4349
RHOA,-0.43419286357831427,True,2,-0.3016;-0.5667
PHAX,-0.4326943584764047,True,1,-0.4327
RIC1,-0.4269570616569669,True,1,-0.4270
KIF18B,-0.4262612482761308,True,2,-0.6452;-0.2074
RPL12,-0.42178228258519834,True,1,-0.4218
RPAP3,-0.421137901408039,True,1,-0.4211
HSPA9,-0.4148548245425623,True,1,-0.4149
RFT1,-0.4142881781903009,True,2,-0.6970;-0.1316
ZNF131,-0.41347640141159303,True,2,-0.2086;-0.6183
C5orf22,-0.4130914867671526,True,2,-0.3506;-0.4756
IGBP1,-0.4120545867376019,True,2,-0.1239;-0.7002
SP140,-0.4090286883553842,True,2,-0.0206;-0.7975
UMAD1,-0.4067452779347318,True,1,-0.4067
MPI,-0.4056858629108445,True,2,-0.5354;-0.2760
ILF3,-0.4054091222529046,True,2,-0.7410;-0.0699
POLR3D,-0.40538515040060585,False,2,-0.9175;0.1067
TJP2,-0.40493015147907535,True,2,-0.1192;-0.6906
TIMM44,-0.40248914617660025,True,2,-0.6051;-0.1999
RACK1,-0.4009746944509145,True,2,-0.2532;-0.5488
MVK,-0.3999617335357077,True,2,-0.5747;-0.2252
SMN1,-0.399542611885392,True,1,-0.3995
PRPF38B,-0.39925172902664485,True,2,-0.7886;-0.0099
DXO,-0.3990005284475144,True,2,-0.6136;-0.1844
GFPT1,-0.39610209126919904,True,1,-0.3961
RPS15A,-0.3952480669164351,True,1,-0.3952
TAF4,-0.39522519499155584,False,2,-0.7982;0.0077
SDAD1,-0.39412185497949925,True,1,-0.3941
CD99L2,-0.39351314856742564,True,2,-0.6970;-0.0900
EIF2B1,-0.3931089204380682,True,2,-0.5784;-0.2078
TTI1,-0.3926574816713538,True,2,-0.3817;-0.4037
POLR2D,-0.3924109405592806,True,1,-0.3924
MRPL11,-0.3921232224379616,True,2,-0.3149;-0.4693
PGK1,-0.39210838952679505,True,2,-0.4560;-0.3282
DHX8,-0.39006744430412366,True,1,-0.3901
PGGT1B,-0.3898197481741641,True,2,-0.5367;-0.2429
C6orf203,-0.38839721933825827,True,2,-0.3868;-0.3900
NOP10,-0.38773452730780084,False,2,-0.8046;0.0291
UQCRC1,-0.38665139744014126,True,2,-0.4368;-0.3365
TARS,-0.3855038231936976,True,2,-0.4572;-0.3138
RNASEK,-0.3853606857784619,True,2,-0.4973;-0.2734
PDIA3,-0.38440535916866286,True,2,-0.6458;-0.1230
ACTR3B,-0.3829618208174088,True,2,-0.0830;-0.6830
CTNNBL1,-0.38286729037573525,True,2,-0.4222;-0.3435
SLC3A2,-0.3808382835236038,True,2,-0.6606;-0.1011
MTOR,-0.38082505115542853,True,2,-0.3648;-0.3969
SPCS2,-0.380314489235164,True,2,-0.6155;-0.1452
SAE1,-0.38031264586141966,True,1,-0.3803
PI4KA,-0.3799911048223239,True,1,-0.3800
TOMM40,-0.3796419429317042,True,2,-0.5218;-0.2375
ESPL1,-0.3794552522810777,True,1,-0.3795
CHTOP,-0.37899814251933966,True,2,-0.0503;-0.7077
TAF8,-0.3786152878815391,True,2,-0.5234;-0.2338
POLR2J,-0.3784487775383224,True,1,-0.3784
MED23,-0.3777480181057247,True,2,-0.4401;-0.3154
ANKIB1,-0.3771168504427487,True,2,-0.4630;-0.2912
WDCP,-0.37666658521611307,True,1,-0.3767
MTREX,-0.3756955758720015,True,2,-0.6856;-0.0658
TAF2,-0.3709571756585536,True,1,-0.3710
NBN,-0.3701266739766056,True,1,-0.3701
CEBPZ,-0.3697953171490611,True,1,-0.3698
HIST1H3E,-0.3676831799893688,True,2,-0.2695;-0.4659
MED14,-0.3665634642385531,True,1,-0.3666
IKBKG,-0.36255736469348243,True,2,-0.4562;-0.2690
COPS2,-0.36191109360333784,True,1,-0.3619
SUCO,-0.3619059478303154,True,2,-0.1573;-0.5666
PAPOLA,-0.36185244959591134,True,2,-0.0875;-0.6362
SUMO3,-0.3608205604901108,False,2,0.0031;-0.7247
RBX1,-0.36038668626404013,True,1,-0.3604
GSTP1,-0.3592448888535618,True,2,-0.6157;-0.1028
USO1,-0.359059042991552,True,2,-0.5770;-0.1411
RPS19,-0.35730579071577484,True,1,-0.3573
GUCD1,-0.357221741071687,True,2,-0.3894;-0.3250
POP5,-0.35610751931411555,False,2,-0.9062;0.1940
APPL1,-0.3558234956030565,True,2,-0.6498;-0.0618
RPL26,-0.3557067462215624,True,1,-0.3557
PTCD3,-0.3536662441318677,True,2,-0.3617;-0.3456
TLN1,-0.3527848645275695,True,2,-0.2856;-0.4200
ATP1A1,-0.35151052690970963,True,1,-0.3515
ZKSCAN1,-0.3511999873176833,True,2,-0.6365;-0.0659
RPS14,-0.3510990299503558,True,1,-0.3511
WAPL,-0.34828496313258567,True,2,-0.4966;-0.2000
MPC2,-0.3478195415579813,True,2,-0.6422;-0.0534
LONP1,-0.346541944400193,True,2,-0.5226;-0.1705
MNAT1,-0.346397402616043,True,2,-0.5965;-0.0962
ALDH6A1,-0.3462674953007186,True,2,-0.6910;-0.0015
WDR43,-0.34535856410294863,True,2,-0.4166;-0.2741
CLSTN3,-0.34487738067943124,True,2,-0.3015;-0.3882
TRPC1,-0.34485517568151086,True,2,-0.3967;-0.2930
SLC7A6,-0.34419551022725037,True,2,-0.5245;-0.1639
AP2S1,-0.34300471158432116,True,2,-0.6093;-0.0767
BRIX1,-0.3420897395942357,True,1,-0.3421
TMX1,-0.34159418947412956,True,2,-0.4105;-0.2727
SYK,-0.34142275016381335,True,2,-0.3347;-0.3481
CD82,-0.34015865446626115,True,2,-0.0192;-0.6611
WAS,-0.3399847816250498,True,2,-0.4238;-0.2561
XRCC3,-0.33935619418676477,True,2,-0.3809;-0.2978
CASC3,-0.3384592607228354,True,2,-0.4840;-0.1929
NSRP1,-0.3368848794915993,True,1,-0.3369
GOLGA3,-0.335771268757526,True,2,-0.5037;-0.1678
TUT4,-0.3357087906018753,True,2,-0.3217;-0.3497
XRCC6,-0.3352829424256587,True,1,-0.3353
TXN,-0.33525552260178104,True,1,-0.3353
COG5,-0.3350819559267816,True,2,-0.5384;-0.1317
RPS18,-0.33452107729414177,True,2,-0.2516;-0.4175
IPO7,-0.3339894193014812,True,2,-0.3103;-0.3577
FARSB,-0.3339535326016039,True,1,-0.3340
WDR3,-0.3339076252084104,True,2,-0.4321;-0.2357
RFC3,-0.3337004042472269,True,1,-0.3337
MED10,-0.3330202582925238,True,2,-0.3463;-0.3197
MBD5,-0.33192255605938736,True,2,-0.3549;-0.3089
PIP4P1,-0.33139435117895527,True,2,-0.4352;-0.2276
METRN,-0.3311901839475873,True,2,-0.6052;-0.0572
MEA1,-0.33111932467389654,True,2,-0.1824;-0.4799
FAM204A,-0.33098617041856604,True,2,-0.4729;-0.1891
MARCH5,-0.33030112266898826,True,2,-0.1756;-0.4850
ATP6V0B,-0.3302198537606985,True,2,-0.2312;-0.4293
EXOSC6,-0.3296691826074632,True,2,-0.5288;-0.1306
CHMP3,-0.3296148574082125,True,2,-0.2171;-0.4421
PPWD1,-0.3290144312646486,True,1,-0.3290
PGAM1,-0.32901328980893446,True,2,-0.4788;-0.1793
GIMAP1,-0.32888703666130503,True,1,-0.3289
COG1,-0.3285759262825732,True,2,-0.5511;-0.1061
CD28,-0.3283019932982625,True,2,-0.4502;-0.2064
TRMT2B,-0.32552966459619487,True,2,-0.1501;-0.5009
EAPP,-0.3252815670912965,True,2,-0.3276;-0.3229
ITK,-0.324870944874502,True,2,-0.3747;-0.2750
PRKCE,-0.3246732071223909,True,2,-0.0940;-0.5554
RPP30,-0.3245400145604462,False,2,-0.7068;0.0578
DOLPP1,-0.32369924426465957,True,2,-0.4610;-0.1864
ZW10,-0.323651244393395,True,2,-0.4489;-0.1984
TRIOBP,-0.32316629223467974,True,2,-0.3782;-0.2681
EIF3I,-0.32250905570801813,True,1,-0.3225
GEMIN8,-0.321317027018028,True,2,-0.3026;-0.3400
CYB5R4,-0.32054262232054614,True,2,-0.5646;-0.0765
RNASE6,-0.32037966882400887,True,2,-0.1395;-0.5012
RBM33,-0.32022300569039863,True,2,-0.2486;-0.3918
PRPF18,-0.31982387387501104,True,2,-0.4499;-0.1898
SPTY2D1,-0.31824961964316406,True,2,-0.3968;-0.2397
SUGT1,-0.31812112752387195,True,2,-0.2484;-0.3879
MARS,-0.31759109595514434,True,2,-0.1770;-0.4582
CHAF1B,-0.31723855772207477,True,1,-0.3172
SEC61B,-0.31709969818777034,True,2,-0.4473;-0.1869
SLC25A38,-0.3163159720430825,True,2,-0.3609;-0.2718
RTF2,-0.31627973095546874,True,2,-0.4488;-0.1837
FZR1,-0.3162225477808036,True,2,-0.5811;-0.0514
CINP,-0.3160568688548586,True,2,-0.3579;-0.2742
TTF1,-0.31593737466106836,True,2,-0.4364;-0.1955
YBX1,-0.3153201724660325,True,2,-0.4652;-0.1654
TBP,-0.31517753886001965,True,1,-0.3152
CDC26,-0.3151453804204847,True,1,-0.3151
IL21R,-0.3141864246910494,True,2,-0.5110;-0.1174
SMARCB1,-0.3141813373790553,True,2,-0.2119;-0.4164
NAA15,-0.3130764627253648,True,2,-0.1395;-0.4867
CALCOCO2,-0.3127120001730947,True,2,-0.5428;-0.0827
PAXBP1,-0.3124860151193234,True,1,-0.3125
USE1,-0.3123475998841331,True,1,-0.3123
CHERP,-0.3119295541536267,True,2,-0.5332;-0.0907
CITED2,-0.3110941260263408,True,2,-0.3395;-0.2827
EIPR1,-0.31098128005640135,True,2,-0.4420;-0.1800
ZNF768,-0.31095047795107306,True,2,-0.2501;-0.3718
SAA1,-0.3103057769861257,True,1,-0.3103
ZNF341,-0.3100691626353961,True,1,-0.3101
HSD17B10,-0.30986989367154233,True,2,-0.2901;-0.3296
PTPRC,-0.3090328272833158,True,2,-0.3488;-0.2693
HNRNPK,-0.30901802375695175,False,2,-0.6468;0.0288
HELT,-0.3086994428916763,True,2,-0.3964;-0.2210
P2RY13,-0.3082700458729025,True,2,-0.5018;-0.1148
USP7,-0.30713291757894856,True,2,-0.3651;-0.2492
PANX1,-0.30677956241761967,False,2,-0.7541;0.1406
EXOSC4,-0.30654780321146957,True,1,-0.3065
CCT5,-0.3056017109101772,True,1,-0.3056
NDUFAB1,-0.30537345831049856,True,1,-0.3054
MRPS6,-0.3045011046787396,True,1,-0.3045
NMD3,-0.3042177300520302,True,2,-0.5749;-0.0336
SLC35B1,-0.30383145016897756,True,2,-0.4730;-0.1347
NKX3-2,-0.30292683864007464,True,2,-0.5835;-0.0224
SLK,-0.30262599542030927,True,2,-0.1122;-0.4930
VPS29,-0.3025842921506219,True,2,-0.3325;-0.2727
MTA3,-0.3024711502302426,True,2,-0.3238;-0.2811
ZNF497,-0.30240703410172526,True,2,-0.3530;-0.2518
EXOSC7,-0.3023718147818203,True,1,-0.3024
DDX27,-0.3017447726808209,True,1,-0.3017
ASH2L,-0.3005834941686747,True,2,-0.5226;-0.0786
TSPAN4,-0.3004003098526078,True,2,-0.3738;-0.2270
CCDC6,-0.30030457785611775,True,2,-0.4284;-0.1722
HAUS8,-0.2993538667626931,True,2,-0.4486;-0.1501
YPEL5,-0.2987191641675055,True,2,-0.4644;-0.1330
PMPCA,-0.2982305003153666,True,2,-0.2961;-0.3004
MED24,-0.2964085412737815,True,2,-0.2866;-0.3062
ZNF703,-0.2957307486961878,True,2,-0.4981;-0.0933
UMPS,-0.2955405849047833,True,2,-0.4636;-0.1275
GPR135,-0.2951670560378506,True,2,-0.5100;-0.0804
SMG5,-0.2946594585415549,True,2,-0.5719;-0.0174
MBD2,-0.2933126898640644,True,2,-0.5267;-0.0599
NEDD4,-0.2928733382093129,True,2,-0.4028;-0.1829
PRKCQ,-0.29278525824900636,True,2,-0.3853;-0.2003
VPS33A,-0.2926941171307077,False,2,-0.7048;0.1194
PAXIP1,-0.2924567293212108,True,2,-0.2965;-0.2884
OTUD6B,-0.2920706879108902,True,2,-0.5103;-0.0738
ATP6V0E2,-0.28966354931045735,True,2,-0.5711;-0.0083
PDZK1IP1,-0.28943476183616523,True,2,-0.1125;-0.4664
COG2,-0.28927024312778216,True,2,-0.3419;-0.2366
PRPF4B,-0.2892363729186196,True,2,-0.3132;-0.2653
PSMB6,-0.2881760447382173,True,2,-0.3197;-0.2567
USP27X,-0.288147538767503,True,2,-0.2232;-0.3531
RMDN2,-0.2880907029027879,True,2,-0.1719;-0.4042
CAMSAP1,-0.28785899385392405,True,2,-0.2662;-0.3095
COG3,-0.28748928419824504,True,2,-0.4676;-0.1074
POLG2,-0.28689026902841497,True,2,-0.3582;-0.2155
NELFE,-0.2865199511170303,True,2,-0.4311;-0.1420
ARID1A,-0.28627045703113885,True,2,-0.4473;-0.1252
GPR75,-0.2861994869754667,False,2,0.0228;-0.5952
RBBP4,-0.2858504986054519,True,2,-0.4413;-0.1304
VAMP5,-0.2858107299587692,True,2,-0.1680;-0.4036
CAMLG,-0.28418260047417554,False,2,-0.6281;0.0597
ARPC2,-0.2837483344391364,True,2,-0.2645;-0.3030
FXR1,-0.2836812880275441,True,2,-0.3276;-0.2398
KPNA6,-0.28279923991990674,True,2,-0.2944;-0.2712
HSPE1-MOB4,-0.28231585473880294,True,2,-0.5057;-0.0590
CHD9,-0.28219191428306023,True,2,-0.2423;-0.3221
SRPRB,-0.2820341760736329,False,2,0.0962;-0.6602
COG6,-0.28189973090865933,True,2,-0.4144;-0.1494
ZBTB4,-0.28166409680953813,True,2,-0.4048;-0.1585
HLA-B,-0.28165690180479713,True,2,-0.3112;-0.2521
GTF3C2,-0.28163945190128126,True,2,-0.1181;-0.4452
CACNB1,-0.28162526086001455,True,2,-0.2775;-0.2857
C17orf75,-0.281404894998114,True,2,-0.2225;-0.3403
NDUFS8,-0.28119959091824687,True,2,-0.3379;-0.2245
NDUFA5,-0.28104984109273695,True,2,-0.1705;-0.3916
TIMM50,-0.28087515141686614,True,2,-0.5040;-0.0577
P2RX4,-0.28067342567485287,True,2,-0.3003;-0.2611
TOMM22,-0.2798194989303695,True,1,-0.2798
DARS2,-0.27949647058998994,True,2,-0.4325;-0.1265
FAAP24,-0.2793125040263614,True,2,-0.4249;-0.1337
IFNG,-0.2776157142096736,True,2,-0.2757;-0.2796
TMED9,-0.27755436339886064,True,2,-0.4110;-0.1441
STAG1,-0.2773031737039023,True,2,-0.2498;-0.3048
SUCLG2,-0.2771729310422474,True,2,-0.0519;-0.5025
USP24,-0.27709357842895876,True,2,-0.4259;-0.1283
RPL37,-0.2767978532515307,False,2,-1.1383;0.5847
TXNL4A,-0.2766764268448274,True,1,-0.2767
ATP11B,-0.27579332352137054,True,2,-0.4169;-0.1347
ZBTB11,-0.27507093217954115,True,1,-0.2751
ARL2,-0.27492977943108493,True,2,-0.1067;-0.4432
PSMC6,-0.27458412423857803,True,1,-0.2746
PFDN2,-0.27413426026092447,True,2,-0.2055;-0.3428
LSR,-0.273913200116211,True,2,-0.3198;-0.2281
ZMYM1,-0.2733543754192099,True,2,-0.1904;-0.3563
EME2,-0.27314865325810095,True,2,-0.4300;-0.1163
ZNF207,-0.2727797008981602,True,2,-0.3185;-0.2271
DDX42,-0.27222144864239517,True,2,-0.2301;-0.3144
SDHB,-0.2714998085221468,True,2,-0.4367;-0.1063
INPP1,-0.2713413618900595,False,2,0.0486;-0.5913
HIST2H3C,-0.27083640813878807,True,2,-0.3213;-0.2204
ZNF112,-0.2708219432376413,True,1,-0.2708
PPP4R2,-0.27045199604935816,True,2,-0.1855;-0.3554
OCRL,-0.2702957931178572,True,2,-0.0497;-0.4909
POLDIP3,-0.2698889610632211,True,2,-0.4344;-0.1054
MFSD3,-0.26981395544135606,True,2,-0.1827;-0.3569
CLASRP,-0.269738785975015,True,2,-0.2357;-0.3038
SECISBP2,-0.26933086469334794,True,2,-0.2338;-0.3049
HARS2,-0.2692265768809048,True,2,-0.2822;-0.2563
HSD17B12,-0.26881201559187895,True,2,-0.2833;-0.2543
PPP4C,-0.26857999964252427,True,2,-0.4651;-0.0720
EIF4G2,-0.2681000344825049,True,2,-0.4350;-0.1012
LRBA,-0.2674006510491093,True,2,-0.1434;-0.3914
GON7,-0.26715907966782404,True,2,-0.2659;-0.2684
TXNRD2,-0.2670634972277459,True,2,-0.4179;-0.1162
KIAA1324L,-0.2670107981935193,True,2,-0.4047;-0.1294
PDCD2,-0.26679352776110427,False,2,-0.7228;0.1893
PSMC4,-0.2662101787217248,True,1,-0.2662
NET1,-0.2660194043841637,True,2,-0.1133;-0.4187
PDCL3,-0.2657467118393483,True,2,-0.3229;-0.2086
METTL2B,-0.26569190126647874,True,2,-0.3816;-0.1498
ACTR2,-0.2656312020998923,True,2,-0.4630;-0.0683
KYAT1,-0.2651219569063981,True,2,-0.1060;-0.4243
PAIP1,-0.2649213110707104,True,2,-0.3399;-0.1899
APBB1IP,-0.26392424170128237,True,2,-0.5078;-0.0200
GPN1,-0.2637520239847658,True,2,-0.2851;-0.2424
SETX,-0.26358696273311993,True,2,-0.2652;-0.2620
DDX51,-0.26357923240739994,True,2,-0.3215;-0.2057
CDK12,-0.262519384269427,True,2,-0.4095;-0.1155
YY2,-0.2625116697786785,True,2,-0.2396;-0.2854
ZC3H8,-0.2620155013524735,True,2,-0.3548;-0.1692
FDPS,-0.26143387095561454,True,1,-0.2614
TBXA2R,-0.26136174275027296,True,2,-0.2542;-0.2685
SNAP29,-0.26129314270390747,True,2,-0.3049;-0.2177
XRRA1,-0.2610211326052236,True,2,-0.2396;-0.2824
SPHK1,-0.26092677661589797,True,2,-0.1739;-0.3479
CLDN7,-0.26046038180479997,True,2,-0.3529;-0.1680
NUP188,-0.2601142822610288,True,2,-0.3015;-0.2187
ZFHX2,-0.25989791180804295,True,2,-0.2505;-0.2693
MYC,-0.2598586547493461,False,2,-0.5569;0.0372
ATP8B1,-0.259126058146349,True,2,-0.0266;-0.4916
NCBP3,-0.25893295880160644,True,2,-0.1062;-0.4117
RBBP5,-0.25888091155439125,True,2,-0.3162;-0.2016
EML2,-0.2588093508713141,True,2,-0.2703;-0.2473
SLC17A9,-0.25838705041227916,True,2,-0.1030;-0.4137
RPF2,-0.25785472452489144,True,1,-0.2579
PHYKPL,-0.2576490444181286,True,2,-0.5128;-0.0025
OTX1,-0.2576144980045124,True,2,-0.1389;-0.3763
LAMTOR5,-0.25760086844997426,True,2,-0.1520;-0.3633
CLIP1,-0.2571360819999623,True,2,-0.3047;-0.2095
NADK2,-0.25710591887320544,True,2,-0.1306;-0.3836
NBAS,-0.2570038854647043,True,1,-0.2570
CD3EAP,-0.25687636791550916,True,2,-0.4848;-0.0290
DOHH,-0.25669934191691807,True,2,-0.3793;-0.1341
ZNF223,-0.2566985738088388,True,2,-0.3980;-0.1154
CTBP1,-0.2561313072308721,True,2,-0.3386;-0.1737
PLIN4,-0.2553885965644118,True,2,-0.1406;-0.3702
KDM1A,-0.25514400011942073,True,2,-0.2456;-0.2647
UQCRFS1,-0.25497424357609605,False,2,-0.6979;0.1879
SMARCA5,-0.2549318044271767,True,2,-0.4773;-0.0326
HPS4,-0.25469366052196196,True,2,-0.1647;-0.3447
MYO9A,-0.25454254222428524,True,2,-0.4441;-0.0650
TRPM7,-0.25417366259035556,True,2,-0.2870;-0.2213
EEF2KMT,-0.2539371361003864,True,2,-0.2629;-0.2450
FITM1,-0.2537815690745868,True,2,-0.0090;-0.4985
LENG1,-0.25349390289623686,True,1,-0.2535
CDH26,-0.2522538056297908,True,2,-0.3775;-0.1270
FASTKD3,-0.252177373173259,True,2,-0.2147;-0.2897
EXOC2,-0.2521494394209296,True,2,-0.3429;-0.1614
CCT8,-0.25183582493861456,True,2,-0.1041;-0.3996
GATB,-0.2517970026840734,True,2,-0.2558;-0.2478
LARP4B,-0.2516419499145483,True,2,-0.0970;-0.4062
KCMF1,-0.25120504782675684,True,2,-0.3820;-0.1204
HACD4,-0.25119317640243954,True,2,-0.3471;-0.1553
LPAR2,-0.25110681579753225,True,2,-0.3945;-0.1077
RPIA,-0.2507749978526591,True,2,-0.4981;-0.0034
POLA1,-0.2504999108791304,False,2,-0.6622;0.1612
TMEM117,-0.2503580902188476,True,2,-0.2747;-0.2260
CTSS,-0.2502391839287555,True,2,-0.3325;-0.1680
STMP1,-0.2501648137993781,True,2,-0.1089;-0.3914
PPP3R1,-0.24976334689186147,True,2,-0.3507;-0.1489
GAPDH,-0.24960123048498578,True,2,-0.1963;-0.3029
PSMD11,-0.24944041442396037,True,1,-0.2494
PMM2,-0.24893917925191328,True,2,-0.4462;-0.0516
EGR2,-0.24885459685731748,True,2,-0.2501;-0.2476
CCZ1,-0.2480989988597354,True,2,-0.3015;-0.1947
ADGRE2,-0.24787891336147483,False,2,-0.5850;0.0892
FAF2,-0.24764599162099132,True,2,-0.4159;-0.0794
CDC45,-0.24751174538087628,True,1,-0.2475
WRB,-0.2474742860646295,True,2,-0.4712;-0.0238
PHF1,-0.2474567038888843,True,2,-0.3658;-0.1291
MICU3,-0.24723408180197703,True,2,-0.1399;-0.3546
GLE1,-0.24722860078115705,True,1,-0.2472
TRIAP1,-0.2471950551729809,True,1,-0.2472
TTI2,-0.24710320734245128,True,2,-0.4461;-0.0481
ALDOA,-0.24701825321285142,True,2,-0.2370;-0.2570
ZBTB47,-0.2469265056433489,True,2,-0.1239;-0.3699
LFNG,-0.24674437211189487,True,2,-0.1683;-0.3252
PRELID1,-0.24665370625607008,True,2,-0.3139;-0.1794
KDELC2,-0.2466265435742449,True,2,-0.4488;-0.0445
ALG3,-0.24652534141153715,True,2,-0.1901;-0.3029
MFGE8,-0.24619417720235093,True,2,-0.1027;-0.3897
PNPLA6,-0.24588382745967569,True,2,-0.0554;-0.4364
PRRC2B,-0.24565759694068667,True,2,-0.3718;-0.1195
TPBG,-0.24556701929479519,True,2,-0.1255;-0.3657
NDFIP2,-0.24554205240403237,True,2,-0.3065;-0.1846
ACSL4,-0.24536041078959503,True,2,-0.1458;-0.3450
PIAS4,-0.24531009233316603,True,2,-0.4889;-0.0017
RPL26L1,-0.24518288557935541,True,2,-0.0030;-0.4874
FAM162A,-0.24509015788922844,True,2,-0.1187;-0.3715
NPEPPS,-0.24494977015250236,True,2,-0.0376;-0.4523
DENR,-0.2446770136175428,True,2,-0.2681;-0.2213
RASD1,-0.24467632264951494,True,2,-0.3015;-0.1878
ELOB,-0.24454478955768444,True,2,-0.1629;-0.3262
CISD1,-0.24442336711699653,True,2,-0.4131;-0.0758
INTS5,-0.2443931457209938,True,1,-0.2444
MAP2K7,-0.24430948250982,True,1,-0.2443
SRP72,-0.24423064884626428,True,2,-0.2013;-0.2871
KLF7,-0.24408301669376642,False,2,0.0186;-0.5068
CYP4V2,-0.24406930711947306,True,2,-0.3342;-0.1540
UBA1,-0.24402587467862225,True,1,-0.2440
UAP1,-0.24327209211529088,True,2,-0.3168;-0.1698
C12orf42,-0.2430856696105652,True,2,-0.0918;-0.3943
ATPAF2,-0.24302911550538447,True,2,-0.2306;-0.2555
FAM69B,-0.24297367772363238,True,2,-0.1285;-0.3574
PAPOLG,-0.2429313971521193,True,2,-0.0788;-0.4071
DHX36,-0.2429156432230446,True,2,-0.4090;-0.0768
SLC16A1,-0.24289495626826757,True,2,-0.3152;-0.1706
GNG11,-0.2428692801994891,True,2,-0.0725;-0.4132
YIF1A,-0.24259364411967782,True,2,-0.2252;-0.2600
FBL,-0.24255866091306233,True,2,-0.2473;-0.2379
ZNF671,-0.242532285900176,True,2,-0.0226;-0.4624
FADS1,-0.2424813056730976,True,2,-0.3610;-0.1240
AHCTF1,-0.24240431273120988,True,1,-0.2424
ESYT1,-0.24170535206911087,True,2,-0.1560;-0.3274
ARHGAP27,-0.24107055541934502,True,2,-0.1083;-0.3739
IL2RB,-0.2408524098224511,True,2,-0.3492;-0.1325
RPL39,-0.2408039998849158,True,2,-0.0163;-0.4653
ANKRA2,-0.24074016994530512,True,1,-0.2407
SEPT1,-0.24066980237439017,True,2,-0.2005;-0.2808
SENP5,-0.2406150336501932,True,2,-0.4783;-0.0029
HECTD4,-0.24046049253824536,True,2,-0.3428;-0.1381
GDPD1,-0.2403553467319236,True,2,-0.3826;-0.0981
SNX25,-0.24021515225234608,True,2,-0.1017;-0.3787
PAG1,-0.24017041523316685,True,2,-0.0308;-0.4496
RAP2A,-0.2401123910572825,True,2,-0.2589;-0.2213
PRF1,-0.2401078916281973,True,2,-0.2861;-0.1941
MSH3,-0.2400987582434228,True,2,-0.3457;-0.1344
DHX35,-0.24000009133805955,True,1,-0.2400
HNRNPA3,-0.23994816675799102,True,2,-0.2531;-0.2268
GZMK,-0.23990030969432025,True,2,-0.3022;-0.1776
INIP,-0.23971396570251197,True,2,-0.1953;-0.2841
MMS19,-0.23967720132068016,True,2,-0.2651;-0.2143
APOBEC3C,-0.23948900852070554,True,1,-0.2395
TCAF1,-0.23945676171782765,False,2,0.0275;-0.5064
NDUFB7,-0.2394151111854224,True,2,-0.1147;-0.3642
FAM161B,-0.2394148706163856,True,2,-0.2244;-0.2545
BCL10,-0.23934440634196402,True,2,-0.2068;-0.2719
NOLC1,-0.23933846510297163,True,2,-0.3161;-0.1626
FBXW5,-0.23912648757636362,True,2,-0.2679;-0.2104
TP73,-0.23890319167208257,True,2,-0.3393;-0.1385
ITGAL,-0.23879508735478694,True,2,-0.1677;-0.3099
UBXN2A,-0.2387900907825271,True,2,-0.2634;-0.2142
TGIF2-RAB5IF,-0.2386777508280929,True,2,-0.3910;-0.0863
PPP1R15B,-0.23822861202980844,True,2,-0.2171;-0.2593
PET100,-0.23821413923427692,True,2,-0.2164;-0.2600
MED12,-0.23794504826339863,False,2,-0.4879;0.0121
ATP6V1A,-0.237832442526706,True,1,-0.2378
ARL4A,-0.2378141572675212,True,2,-0.2122;-0.2634
TNIP3,-0.23779148212267964,False,2,-0.4954;0.0198
CWF19L2,-0.23765703665696725,True,1,-0.2377
TEDC1,-0.23765273835963824,False,2,0.0301;-0.5054
PPA1,-0.23761805435045324,True,2,-0.1724;-0.3028
SPATA33,-0.23735347055468403,True,2,-0.1319;-0.3428
SERPINH1,-0.2366741908896779,True,2,-0.1277;-0.3456
USP41,-0.23649675735374137,True,2,-0.3199;-0.1531
C9orf85,-0.2361647073468358,True,2,-0.1201;-0.3522
SSRP1,-0.23522524882443308,True,1,-0.2352
ZNF432,-0.2350501057564694,True,2,-0.1635;-0.3066
CSNK1G3,-0.2349196616155056,True,2,-0.4435;-0.0263
C6orf120,-0.2347975491663719,True,2,-0.3319;-0.1377
BMPR2,-0.2343492332834496,True,1,-0.2343
MFN2,-0.23418772559810797,True,2,-0.2408;-0.2276
IARS2,-0.23386759315124356,True,2,-0.4067;-0.0610
FITM2,-0.23384112522181938,True,2,-0.1613;-0.3064
KIAA1958,-0.23339159306086116,True,2,-0.2320;-0.2348
MAD2L2,-0.23334556996157174,True,2,-0.0570;-0.4097
ZNF598,-0.23330214540706157,True,2,-0.4096;-0.0570
SRP14,-0.2332114258417739,True,2,-0.0687;-0.3977
HMCN2,-0.2331956756695432,True,2,-0.2933;-0.1731
CD74,-0.23277829642032738,True,2,-0.1632;-0.3024
MRPL32,-0.23272855469559167,True,2,-0.0145;-0.4510
HMBOX1,-0.2326942534474139,True,2,-0.2994;-0.1660
ALDOC,-0.23261886913024288,True,2,-0.1100;-0.3552
EPHB4,-0.23222681375104853,True,2,-0.2354;-0.2290
TOP1MT,-0.2321094579892023,True,2,-0.2304;-0.2338
CCT4,-0.23203154522570618,True,2,-0.2741;-0.1900
CEPT1,-0.23195592343308002,True,2,-0.3527;-0.1112
MROH6,-0.2304950511901923,False,2,-0.4862;0.0253
BOD1L1,-0.23046677798119486,False,2,-0.6012;0.1403
MISP,-0.23046108303973994,True,2,-0.2044;-0.2565
ATP6V1C1,-0.2302271064104784,True,1,-0.2302
SPNS3,-0.2301703182449233,True,2,-0.0660;-0.3944
ZNF165,-0.23012947773707226,True,2,-0.1607;-0.2995
UPF3A,-0.2300292641833523,True,2,-0.3040;-0.1560
INSL3,-0.22987073040270617,True,2,-0.3732;-0.0866
DUSP28,-0.2298168943909294,True,2,-0.2338;-0.2259
HIGD1A,-0.22974833359341568,True,2,-0.1861;-0.2734
HDGF,-0.2295511595294082,True,2,-0.2359;-0.2232
NFKBIZ,-0.22949859788034044,True,2,-0.1348;-0.3242
THG1L,-0.22944000676161513,True,1,-0.2294
GBP3,-0.22937823423145526,True,2,-0.1462;-0.3126
FCMR,-0.2293530848353143,True,2,-0.2860;-0.1727
GTF2B,-0.2292820487635846,True,1,-0.2293
DCAF10,-0.22924799765784226,True,2,-0.1685;-0.2900
CHORDC1,-0.22855708462420454,True,2,-0.4376;-0.0195
NRDE2,-0.22839955479790608,True,1,-0.2284
PAGR1,-0.2283686309062214,True,2,-0.2374;-0.2193
UBE2J1,-0.2282897996300327,True,2,-0.2286;-0.2280
ETFA,-0.2281203570762158,True,1,-0.2281
ACIN1,-0.2280170327715605,True,2,-0.2611;-0.1950
DEF6,-0.22797874494010667,True,2,-0.2907;-0.1653
LILRB1,-0.22788918457717372,True,2,-0.1472;-0.3086
GLS2,-0.2277994761038331,True,2,-0.2939;-0.1617
C15orf62,-0.2276435422612345,True,2,-0.2756;-0.1797
FLCN,-0.22761926048765335,True,2,-0.3415;-0.1137
PGS1,-0.22760928448295403,True,2,-0.1570;-0.2983
DHX9,-0.2274291723065046,True,2,-0.3413;-0.1135
LDLRAD4,-0.2270906257255073,True,2,-0.3585;-0.0957
ANKRD31,-0.2269434296697126,False,2,-0.4724;0.0185
RNF113A,-0.22675054713031528,True,1,-0.2268
NRM,-0.2265971657232832,True,2,-0.3265;-0.1267
NIP7,-0.22648558937920898,True,2,-0.1396;-0.3133
SENP2,-0.22644587394560756,True,2,-0.2207;-0.2322
DMXL2,-0.22609940740721413,True,2,-0.2329;-0.2193
IVD,-0.22585434780134828,True,2,-0.1168;-0.3349
NFIX,-0.22518649376027705,True,2,-0.3696;-0.0807
PTAR1,-0.22517954848989885,True,2,-0.3741;-0.0763
NFU1,-0.2249566520974821,True,2,-0.2710;-0.1789
RPN1,-0.2249215995355704,True,2,-0.2203;-0.2296
FAM92A,-0.22475906852922045,True,2,-0.0175;-0.4320
TXNDC12,-0.22464692833178718,True,2,-0.3174;-0.1319
TENM1,-0.22432364419600587,True,2,-0.3563;-0.0923
DCPS,-0.2242915651256141,True,2,-0.3180;-0.1305
FAM84B,-0.22404947698531347,True,2,-0.1968;-0.2513
TBCB,-0.2240441248076509,True,1,-0.2240
NCOA6,-0.22403249937212477,True,2,-0.2445;-0.2035
ARFGAP1,-0.22385255252059172,True,2,-0.2304;-0.2173
RECQL4,-0.22381256766415591,False,2,-0.6798;0.2322
PAFAH1B1,-0.2237963985813548,True,2,-0.3700;-0.0776
CLEC2B,-0.22362379658596626,True,2,-0.4172;-0.0301
PEX12,-0.2228057216817103,True,2,-0.2162;-0.2294
ANKRD55,-0.22267126920716196,True,2,-0.3156;-0.1297
PAK1IP1,-0.22264881745128462,True,1,-0.2226
MRFAP1L1,-0.22261771651673223,True,2,-0.2510;-0.1942
FOXRED2,-0.2225381631416048,True,2,-0.2348;-0.2103
NEK6,-0.22230068522605662,True,2,-0.3961;-0.0485
CHCHD7,-0.2220759926586393,True,2,-0.3243;-0.1199
RFX4,-0.22180856116927095,True,2,-0.3405;-0.1031
UBASH3B,-0.22174655723226966,True,2,-0.0559;-0.3876
PGBD2,-0.22173352125452944,True,2,-0.2210;-0.2224
ENSA,-0.2216719635983303,True,2,-0.1149;-0.3285
BTF3,-0.22157499684433746,True,1,-0.2216
F8A3,-0.22148693883181042,True,2,-0.2496;-0.1934
TMEM214,-0.22143786219613532,True,2,-0.1784;-0.2644
KCNAB2,-0.22141801464179856,True,2,-0.1880;-0.2548
LTV1,-0.22111677288809606,True,2,-0.1296;-0.3127
HSPE1,-0.2209424381917468,False,2,-0.5523;0.1104
GPD1L,-0.22080412149326684,True,2,-0.2843;-0.1573
CSF2,-0.22059306001425466,True,2,-0.3294;-0.1118
FMNL1,-0.22045278955086756,True,2,-0.1786;-0.2623
MPZL2,-0.22018137583582087,True,2,-0.3562;-0.0842
TRAF6,-0.22017562314628486,True,2,-0.3933;-0.0471
GOLGA5,-0.22008583003162718,True,2,-0.1921;-0.2481
SFTPB,-0.22004948363213456,True,2,-0.0675;-0.3726
ULK4,-0.21999324440703877,True,2,-0.2645;-0.1754
SDE2,-0.21991911074143988,True,2,-0.3081;-0.1318
COPS4,-0.2198561453049283,True,2,-0.3892;-0.0505
STAT3,-0.2197100246020519,True,2,-0.3207;-0.1187
RPE,-0.219686865457067,True,2,-0.1293;-0.3100
DTD2,-0.21934952468113622,True,2,-0.3601;-0.0786
MYLIP,-0.2189820713886544,True,2,-0.2731;-0.1648
PARP15,-0.21893021134542262,True,2,-0.3419;-0.0960
ACO2,-0.21889855519798151,True,2,-0.3629;-0.0749
ZNF688,-0.21877051647336693,True,2,-0.1890;-0.2485
ACAP2,-0.2186922336139034,True,2,-0.3192;-0.1182
ZNF117,-0.2185748470038027,True,2,-0.1542;-0.2829
PBX3,-0.21848835464539107,True,2,-0.2004;-0.2366
RPL38,-0.21845477049415307,True,1,-0.2185
EXTL3,-0.21841892554598258,True,2,-0.2353;-0.2015
PCED1A,-0.21837838065075976,True,1,-0.2184
DZANK1,-0.21836603250793668,True,2,-0.2176;-0.2191
CFAP20,-0.2182124289573597,True,2,-0.3077;-0.1287
PJA1,-0.21813395378046152,True,2,-0.1709;-0.2653
CCDC102B,-0.21808301896966764,True,2,-0.2540;-0.1822
LDLR,-0.2176217651986892,True,2,-0.0795;-0.3558
B4GALNT1,-0.21761127727419166,True,2,-0.3215;-0.1137
PCGF3,-0.2175569228672546,True,2,-0.1639;-0.2713
PHF6,-0.21753207678152797,True,2,-0.1534;-0.2817
COX14,-0.21742933239685525,True,1,-0.2174
CARMIL2,-0.21742492671674873,True,2,-0.2358;-0.1991
YWHAQ,-0.21726696028314224,True,2,-0.3217;-0.1128
ERMARD,-0.2170721022860712,True,2,-0.2275;-0.2066
PKNOX1,-0.21705367573977707,True,2,-0.3348;-0.0993
KPNA1,-0.2169501515677601,True,2,-0.1578;-0.2761
ZNF709,-0.2164492611524696,True,2,-0.0198;-0.4131
TMEM126B,-0.21634498910458838,True,2,-0.3102;-0.1225
APC,-0.21631384858283242,True,2,-0.3538;-0.0788
BCL2L13,-0.21609624447725911,True,2,-0.2320;-0.2002
TBC1D9B,-0.21577357880222459,True,2,-0.2259;-0.2057
NF1,-0.21572167502375444,True,2,-0.3020;-0.1295
PABPN1,-0.21571031822909692,True,2,-0.3100;-0.1215
URI1,-0.21566154711306473,True,2,-0.4052;-0.0261
AREL1,-0.21556473173046392,True,2,-0.2725;-0.1586
SLC16A13,-0.21539273118513036,True,2,-0.2432;-0.1876
RFC1,-0.21527662520538393,True,1,-0.2153
GYPE,-0.21520020880499907,True,2,-0.0964;-0.3340
FCER1A,-0.21509710260186743,True,2,-0.2666;-0.1636
SLC35A1,-0.21478849335666256,True,2,-0.2708;-0.1588
HYLS1,-0.21458594138004977,True,2,-0.3585;-0.0707
TBRG4,-0.21441740732278247,True,2,-0.0630;-0.3659
ADA2,-0.2144058529508056,True,2,-0.3339;-0.0949
DOP1A,-0.21400489564876757,True,2,-0.2672;-0.1608
PUM3,-0.21395896599006597,True,2,-0.3266;-0.1014
ZNF354B,-0.21394343382980485,True,2,-0.1635;-0.2644
CEP120,-0.21390673917592917,True,2,-0.1007;-0.3271
ZFP82,-0.2137834802906931,True,2,-0.1530;-0.2746
NAA25,-0.21358900335882158,True,2,-0.2356;-0.1916
UTP15,-0.2133264305096475,True,1,-0.2133
TMEM259,-0.21318873072175637,True,2,-0.2798;-0.1466
UQCR10,-0.2131548640005776,True,2,-0.0737;-0.3527
ZNF790,-0.2129607864904971,False,2,-0.4390;0.0131
VARS2,-0.2127818716469384,True,2,-0.2569;-0.1687
PPP1R18,-0.2125855225350678,True,2,-0.3315;-0.0936
XPR1,-0.2123346708025723,True,2,-0.2036;-0.2210
RASGEF1B,-0.21191327418320793,True,2,-0.2771;-0.1468
FBXL8,-0.21189210915211099,True,2,-0.1824;-0.2414
PIAS3,-0.21189000369018918,True,2,-0.2146;-0.2092
PARP11,-0.2117906044531484,True,2,-0.1642;-0.2593
OTP,-0.21131118438262964,True,2,-0.1713;-0.2513
HECTD3,-0.2112889712445215,True,2,-0.2316;-0.1910
C8orf76,-0.2111867258073573,True,2,-0.2285;-0.1939
GALNT4,-0.2109702020631693,True,2,-0.3001;-0.1219
TINF2,-0.21087388954677738,True,2,-0.3754;-0.0463
PSPH,-0.21083011350844905,True,2,-0.0271;-0.3945
PKM,-0.21040762494499138,True,2,-0.2669;-0.1539
ARMH3,-0.21037100614727006,False,2,-0.5659;0.1451
KLF2,-0.2100203309472376,True,2,-0.3871;-0.0329
NRIP2,-0.20992028012045588,True,2,-0.2288;-0.1910
SEC31B,-0.2099065722292084,True,2,-0.2359;-0.1839
FKBP15,-0.20980056199701563,True,2,-0.2140;-0.2056
TTC19,-0.2096671963336758,True,2,-0.1019;-0.3174
ID2,-0.2095760084878045,True,2,-0.1358;-0.2834
SINHCAF,-0.20952572953147164,True,2,-0.3534;-0.0657
RNF13,-0.20950943235233083,True,2,-0.2844;-0.1346
UBR4,-0.20911224512117332,True,2,-0.3457;-0.0725
BUD23,-0.20892321169217393,False,2,0.0360;-0.4539
MIOS,-0.20885137489053313,True,2,-0.2051;-0.2126
TRMT10C,-0.20867444264768792,True,2,-0.2124;-0.2050
JUNB,-0.20856943265576922,True,2,-0.2357;-0.1814
DDX41,-0.2084717518666812,True,1,-0.2085
ZNF114,-0.20829587067205124,True,2,-0.2434;-0.1732
PCSK7,-0.20827661320827712,True,2,-0.1605;-0.2561
MRPL35,-0.20827567690216686,True,2,-0.2128;-0.2037
CXCL5,-0.20826656118239606,True,2,-0.0474;-0.3691
PSTPIP2,-0.20780047029660287,True,2,-0.2841;-0.1315
MALT1,-0.20755682645031465,True,2,-0.2933;-0.1218
NNT,-0.20749265196783945,True,2,-0.1951;-0.2199
NDUFA7,-0.20747039736856032,True,1,-0.2075
SOS2,-0.20723220758353844,True,2,-0.2435;-0.1710
SLC25A45,-0.20709664014134366,True,2,-0.2349;-0.1793
CHCHD6,-0.20692393652719038,True,2,-0.2344;-0.1795
PELI3,-0.2067245253989482,True,2,-0.1675;-0.2460
MRPS5,-0.20667464014186626,True,2,-0.2250;-0.1884
TBC1D13,-0.20646919282507814,False,2,0.1770;-0.5899
FNBP1L,-0.20625577053356386,True,2,-0.1512;-0.2613
ALG6,-0.20623128951848457,True,2,-0.3343;-0.0782
POLR3E,-0.20609920251057917,True,2,-0.2403;-0.1719
ZNF195,-0.20593498519475756,True,2,-0.2951;-0.1167
DTL,-0.2057325888024253,True,1,-0.2057
WDFY4,-0.20571478467748355,True,2,-0.2659;-0.1455
SMARCC1,-0.20563777399146033,True,2,-0.2593;-0.1520
NR6A1,-0.205604262648455,True,2,-0.2191;-0.1921
RC3H1,-0.2050166803201759,True,2,-0.1517;-0.2584
TMEM86A,-0.2049947310951285,True,2,-0.2959;-0.1141
NOL9,-0.20492237297162447,True,2,-0.2326;-0.1773
SLC17A5,-0.20471376113019935,True,2,-0.1222;-0.2872
PDLIM5,-0.2046391528234206,True,2,-0.1127;-0.2966
FOXRED1,-0.2045962330023376,True,2,-0.3374;-0.0718
PIKFYVE,-0.20443940411699818,True,2,-0.2831;-0.1258
TMED2,-0.20433379862000062,True,2,-0.3142;-0.0944
SPTLC2,-0.20428444905207804,True,2,-0.2378;-0.1707
ZC3H12C,-0.20418680839919545,True,2,-0.1265;-0.2819
COL4A1,-0.20413651079267758,True,2,-0.2032;-0.2051
AASDHPPT,-0.20410836928220683,True,2,-0.1898;-0.2184
PORCN,-0.20397969850876074,True,1,-0.2040
GPSM3,-0.20389784048958687,True,2,-0.1382;-0.2696
MYOG,-0.20388446155042633,True,2,-0.2865;-0.1213
TUT1,-0.20377601372743348,True,2,-0.1878;-0.2198
LUC7L3,-0.203636706033489,True,2,-0.3685;-0.0388
E2F6,-0.20362616605905665,True,2,-0.0975;-0.3097
CBFB,-0.2036216501867798,True,2,-0.2135;-0.1937
SDHA,-0.20358037726066336,False,2,-0.4556;0.0485
SNRNP70,-0.20354512566848837,True,1,-0.2035
DCLRE1B,-0.20341972358342197,True,2,-0.2645;-0.1424
ZNF789,-0.20326420780245663,True,2,-0.0992;-0.3073
FAM156B,-0.202803417779918,True,2,-0.1153;-0.2903
SEL1L,-0.20278646902650593,True,2,-0.3124;-0.0931
ECT2,-0.2024630820918425,True,1,-0.2025
CHMP4A,-0.20245453035793054,True,2,-0.1802;-0.2247
MAD2L1,-0.2024110557058978,True,1,-0.2024
TWIST2,-0.20235268448735855,True,2,-0.2371;-0.1676
IGLL5,-0.2023083143146054,True,1,-0.2023
TBX22,-0.2022602318036027,True,2,-0.1562;-0.2484
PCP4L1,-0.20210623259081983,True,2,-0.1265;-0.2777
ABCB7,-0.20197354247496735,False,2,-0.4556;0.0517
BOP1,-0.20194591881449964,False,2,-1.2475;0.8436
ZWINT,-0.20186650047738652,True,2,-0.3079;-0.0959
ZNF358,-0.20139777577735674,True,2,-0.2146;-0.1882
UGGT1,-0.20137816392148766,True,2,-0.3878;-0.0149
ZNF510,-0.20133259218142335,True,2,-0.1977;-0.2050
TIPARP,-0.20104211232641528,True,2,-0.1915;-0.2106
DTX4,-0.20103776114501593,True,2,-0.2504;-0.1517
THOC6,-0.20099941854755926,True,2,-0.2822;-0.1198
ISCA2,-0.20086166567777575,True,2,-0.2225;-0.1793
CD53,-0.20079010703301692,True,2,-0.0656;-0.3360
WDR48,-0.20062561253503114,True,2,-0.3035;-0.0977
TRIQK,-0.20054522045499623,True,2,-0.2366;-0.1645
LSM8,-0.20052472492107526,True,2,-0.1838;-0.2173
ESCO2,-0.2004125764045781,True,1,-0.2004
PECR,-0.20032401662784288,True,2,-0.1737;-0.2270
TFAP4,-0.20024757011394567,True,2,-0.3143;-0.0861
TBX20,-0.20012805933978234,True,2,-0.1004;-0.2998
PTGER2,-0.19995618866120768,True,2,-0.1448;-0.2551
MCOLN1,-0.19983117737782435,True,2,-0.2659;-0.1338
CRKL,-0.19958381391268415,True,2,-0.1887;-0.2105
HSPA6,-0.19954321065389002,True,2,-0.1793;-0.2198
ZNF517,-0.19952798360326496,True,2,-0.2635;-0.1356
B4GALT5,-0.19952019370764018,True,2,-0.2544;-0.1447
SWT1,-0.1995173614098305,True,2,-0.1829;-0.2161
ARG1,-0.19946119683935748,True,2,-0.3113;-0.0876
ZNF808,-0.19937243870766908,True,2,-0.2874;-0.1114
IMMT,-0.19930479248272792,True,2,-0.2209;-0.1777
ZNF221,-0.19929083067853204,True,2,-0.3043;-0.0943
SNAP47,-0.19911573020721834,True,2,-0.3680;-0.0302
SLC35A2,-0.1990626131826529,True,2,-0.2126;-0.1856
EZH2,-0.19897964447894217,True,2,-0.2324;-0.1655
GABPA,-0.1988448495073763,False,2,-0.5585;0.1608
DCBLD2,-0.19871463056797434,True,2,-0.3287;-0.0687
ARID4B,-0.19862646577592824,True,2,-0.2394;-0.1579
TIA1,-0.1985749079917729,True,2,-0.0508;-0.3463
SNW1,-0.19854903165318122,True,2,-0.1905;-0.2066
CD6,-0.19848101175153926,True,2,-0.2463;-0.1507
ADO,-0.19845746600611847,True,2,-0.3249;-0.0720
TFRC,-0.1984206826727536,False,2,-0.4727;0.0759
RPS12,-0.19833653674366336,True,1,-0.1983
FAAP20,-0.19821315106601128,True,2,-0.2898;-0.1066
PTRH1,-0.19820036831616072,True,2,-0.1870;-0.2094
ZNF573,-0.19782876542910643,True,2,-0.1307;-0.2650
RPN2,-0.19763755743691142,True,2,-0.2457;-0.1496
GBF1,-0.19761958809083513,True,1,-0.1976
EGR3,-0.1974830421848639,True,2,-0.1261;-0.2689
MINDY3,-0.19710812012336903,True,2,-0.2007;-0.1935
EPHB6,-0.197002458297647,True,2,-0.0850;-0.3091
ZNF570,-0.19699326323088662,True,2,-0.3100;-0.0840
PCBP1,-0.19690744072261585,True,2,-0.0263;-0.3675
TRAPPC13,-0.1969027821352699,True,2,-0.1878;-0.2060
DUS4L,-0.19679293831974626,True,2,-0.1487;-0.2449
GLI1,-0.19643841257278777,True,2,-0.2444;-0.1485
MTO1,-0.19642300219992537,True,2,-0.2019;-0.1910
ISCA1,-0.19619847596740397,True,2,-0.1258;-0.2666
ILKAP,-0.19609032987908642,True,2,-0.1500;-0.2422
KRT73,-0.19590632414177855,True,2,-0.0432;-0.3486
NAA16,-0.19582767593715084,True,2,-0.3200;-0.0716
SART3,-0.19548438293601544,True,1,-0.1955
HNRNPDL,-0.1954732039380923,True,2,-0.3724;-0.0185
ZNF543,-0.19540868547409185,True,2,-0.2657;-0.1252
C2orf69,-0.19535834479717562,True,2,-0.3469;-0.0438
NUPR1,-0.19534632114102723,True,2,-0.0077;-0.3830
ZNF740,-0.19531042038502278,True,2,-0.2219;-0.1687
ZDHHC8,-0.1952242384638639,True,2,-0.2177;-0.1728
COPS7A,-0.19497607884167473,True,2,-0.2482;-0.1417
GLIS1,-0.19491090240901798,True,2,-0.3367;-0.0531
MRPL23,-0.19464670813133755,True,2,-0.2611;-0.1282
HSPBAP1,-0.19461181481928946,True,2,-0.2962;-0.0930
KIN,-0.19458098966558168,True,2,-0.3724;-0.0168
MYH3,-0.19455321168513146,True,2,-0.2589;-0.1302
CARD6,-0.1945241639301089,True,2,-0.1604;-0.2286
ZNF460,-0.19451881904172041,True,2,-0.2563;-0.1327
ALAS1,-0.1942433754149962,True,2,-0.2487;-0.1398
PDE3B,-0.1939916215843327,True,2,-0.0589;-0.3291
PALD1,-0.1939376278849329,True,2,-0.1220;-0.2659
ABCD4,-0.1938447907560485,True,2,-0.2051;-0.1826
FBXO44,-0.19380373380585858,True,2,-0.2686;-0.1190
HDAC2,-0.1937308817895032,True,2,-0.2947;-0.0928
COG7,-0.1936995640796168,True,2,-0.2084;-0.1790
SNAPC5,-0.19310371187039882,True,2,-0.1931;-0.1931
MAP4K3,-0.19308256987882394,True,2,-0.2834;-0.1028
ZNF526,-0.1929502093974479,True,2,-0.1488;-0.2371
DNAJC8,-0.19294274504885045,True,2,-0.2954;-0.0905
MOSPD2,-0.19293845938090703,True,2,-0.2772;-0.1087
HDAC5,-0.19278885232274307,True,2,-0.1940;-0.1916
NTHL1,-0.19267643154360986,True,2,-0.1232;-0.2621
SLC15A2,-0.19266622687060242,True,2,-0.2241;-0.1612
THAP4,-0.19252679146969692,True,2,-0.2688;-0.1163
REC8,-0.19251507346326385,True,2,-0.1711;-0.2139
UBE2R2,-0.1924833754946974,True,2,-0.2767;-0.1082
SCAMP4,-0.1924803075161598,True,2,-0.2750;-0.1100
LLGL2,-0.19246931387441207,True,2,-0.2820;-0.1029
NFE2L2,-0.19210694003801249,True,2,-0.3527;-0.0315
GRWD1,-0.19202638333611455,True,2,-0.3072;-0.0768
ZNF446,-0.19196543808736327,True,2,-0.0888;-0.2951
ITGB2,-0.19188956973046323,True,2,-0.1362;-0.2476
VPS72,-0.1917926987738789,True,2,-0.2416;-0.1420
PHPT1,-0.1917527037258056,True,2,-0.1823;-0.2012
FKBP2,-0.19174678841866022,True,2,-0.2508;-0.1327
PLEKHO2,-0.19168586234713053,True,2,-0.1388;-0.2446
CYB5D2,-0.19159607382289462,True,2,-0.1887;-0.1945
ATAD1,-0.19145222833415032,True,2,-0.1140;-0.2689
NFE2L1,-0.19143676810321475,True,2,-0.3514;-0.0315
CRAMP1,-0.19141421480837967,True,2,-0.2282;-0.1546
RHOBTB2,-0.19138402142544808,True,2,-0.2760;-0.1068
TBCA,-0.19134879515385128,True,2,-0.2271;-0.1556
SYNE3,-0.19130740702444382,True,2,-0.2192;-0.1635
PPARD,-0.19126356488365187,True,2,-0.2512;-0.1313
MRE11,-0.1912131493538951,False,2,-0.4793;0.0969
GZMB,-0.1911289181922486,True,2,-0.0916;-0.2907
KLF16,-0.191127207507566,True,2,-0.2119;-0.1704
VPS13B,-0.1909879458820496,True,2,-0.2066;-0.1754
MATK,-0.1908636098380575,True,2,-0.1779;-0.2038
GM2A,-0.19075208364725726,True,2,-0.3080;-0.0735
GRN,-0.1907472047516237,True,2,-0.2865;-0.0950
STX5,-0.19062073065288854,False,2,-0.4164;0.0352
NANS,-0.1906135052745705,True,2,-0.3296;-0.0517
PSMA3,-0.19048001307575535,True,1,-0.1905
CDC14B,-0.1904356213380457,True,2,-0.2299;-0.1509
SHISA5,-0.19041270325280657,True,2,-0.3610;-0.0198
ELMO3,-0.190294818681656,True,2,-0.2197;-0.1609
ALKBH1,-0.19027559121939325,True,2,-0.1536;-0.2270
HOXA4,-0.1902724496641337,True,2,-0.2333;-0.1473
INPPL1,-0.19017823234943682,True,2,-0.0602;-0.3201
U2SURP,-0.1901276457599544,True,2,-0.3310;-0.0493
NAXE,-0.19010481426633796,True,2,-0.2157;-0.1645
GIPC3,-0.19002274549432435,True,2,-0.2217;-0.1584
QDPR,-0.18999930471565352,True,2,-0.1783;-0.2017
BOD1,-0.18991148163500665,True,2,-0.1293;-0.2505
DLG4,-0.18975061045864017,True,2,-0.2271;-0.1524
ALDH1B1,-0.1896973274093407,True,2,-0.1651;-0.2143
GK5,-0.18956511417944377,True,2,-0.3461;-0.0331
C17orf58,-0.18949629653734407,True,2,-0.1351;-0.2439
RALA,-0.1893572756354585,True,2,-0.1155;-0.2632
DIS3L,-0.18929846525957317,True,2,-0.1904;-0.1882
LPIN1,-0.18922631726628003,True,2,-0.3270;-0.0515
ABCF1,-0.18918335563646282,True,2,-0.2757;-0.1027
SLC26A5,-0.18908943543030554,True,2,-0.3738;-0.0044
HS1BP3,-0.18898486339059833,True,2,-0.3029;-0.0751
TMUB2,-0.18883632116944965,True,2,-0.2615;-0.1162
EXOC1,-0.1888171549340465,True,2,-0.2168;-0.1608
SNU13,-0.18872242569342768,True,2,-0.2529;-0.1246
NR4A1,-0.18858486859609047,True,2,-0.1536;-0.2235
GTDC1,-0.18857935545095011,True,2,-0.3296;-0.0476
POGZ,-0.1885554123679417,True,2,-0.2331;-0.1440
GMCL1,-0.18855315432930791,True,2,-0.3411;-0.0360
MBD1,-0.18854073892660866,True,2,-0.1403;-0.2368
FNBP4,-0.18846241922596674,True,2,-0.3051;-0.0718
DTX2,-0.18837489897856818,True,2,-0.0322;-0.3446
PI4KB,-0.18834009612300673,True,1,-0.1883
AFF2,-0.18829247318734338,True,2,-0.1835;-0.1931
MLEC,-0.18826071451200244,True,2,-0.3518;-0.0247
SRRM2,-0.18813375650773062,True,2,-0.3192;-0.0571
TMEM127,-0.18809729917547208,True,2,-0.1340;-0.2422
TIMM8B,-0.1880728729549861,True,2,-0.2305;-0.1457
TMEM39A,-0.18794271515154198,True,2,-0.2966;-0.0793
MSL3,-0.18791401098211458,True,2,-0.0690;-0.3068
XPC,-0.187848649817697,True,2,-0.1953;-0.1804
RPP21,-0.18779934010983934,True,1,-0.1878
SYVN1,-0.18757648890433637,True,2,-0.3047;-0.0705
PTGR1,-0.18752433510922267,True,2,-0.3102;-0.0648
GPSM2,-0.18748727101361634,True,2,-0.3285;-0.0465
NKAPD1,-0.18747342411739054,True,2,-0.1717;-0.2033
KLKB1,-0.1873460296924499,True,2,-0.2386;-0.1361
USP30,-0.18732193075489662,True,2,-0.2086;-0.1660
LCAT,-0.18727042179776726,True,2,-0.0814;-0.2931
CERS3,-0.18723953941808147,True,2,-0.2044;-0.1701
JDP2,-0.18721801798777576,True,2,-0.1388;-0.2356
SLC5A6,-0.18715078330764712,True,2,-0.1232;-0.2511
PIP4K2B,-0.18713304687608728,True,2,-0.1852;-0.1890
POLR3B,-0.18710154075096935,True,2,-0.1590;-0.2152
THAP2,-0.18710046840360517,True,2,-0.0603;-0.3139
NELFB,-0.18707009127103102,False,2,-0.3812;0.0071
SHMT2,-0.1870047939069766,True,2,-0.1840;-0.1900
PNKD,-0.18697644980341938,True,2,-0.2699;-0.1041
CRACR2A,-0.18696552146521045,True,2,-0.3326;-0.0414
DAB1,-0.18690525984977713,True,2,-0.1021;-0.2717
MROH1,-0.18685377379045776,True,2,-0.1636;-0.2102
GSC2,-0.1868044814781557,True,2,-0.1992;-0.1744
LTBP4,-0.18669863610972326,True,2,-0.1334;-0.2400
BICRA,-0.18649034446768287,True,2,-0.2558;-0.1172
OXSM,-0.18647782348128306,True,2,-0.3427;-0.0302
ERCC2,-0.18643737016552686,True,1,-0.1864
PTAFR,-0.18641501570578312,True,2,-0.1740;-0.1988
INF2,-0.18639130606606402,True,2,-0.0890;-0.2838
EHBP1,-0.18635709760264185,True,2,-0.1478;-0.2249
KIF5C,-0.18632990903852287,True,2,-0.2630;-0.1097
ATXN7,-0.18622837980917145,True,2,-0.1917;-0.1807
S100A12,-0.1860113979469169,False,2,0.0296;-0.4016
GPR65,-0.18598213172509315,True,2,-0.1894;-0.1826
PSMD14,-0.18595227420749294,True,1,-0.1860
KANSL1,-0.18590041499681287,True,2,-0.1526;-0.2192
MYLK4,-0.18585415201162475,True,2,-0.1721;-0.1996
LTF,-0.1858048376269042,True,2,-0.1601;-0.2115
ZNF827,-0.1857507415103946,True,2,-0.0529;-0.3186
KLF12,-0.18564849427997193,True,2,-0.1845;-0.1868
HOXA3,-0.1855446717786623,True,2,-0.1636;-0.2075
NDUFB10,-0.1854728692582252,True,2,-0.1758;-0.1951
ZNF431,-0.18543958360344964,True,2,-0.2015;-0.1694
ZNF732,-0.18541164571937652,True,2,-0.0679;-0.3029
CACNB2,-0.1851692768278851,False,2,-0.4282;0.0579
ZEB2,-0.18514865836836464,True,2,-0.1597;-0.2106
FOXE3,-0.1849660309013486,True,2,-0.2635;-0.1064
GALR2,-0.18488412207690308,True,2,-0.1814;-0.1884
RMND1,-0.1847145693088511,True,2,-0.2124;-0.1571
TRMT6,-0.1847073406653994,True,2,-0.2942;-0.0752
DBH,-0.1846370184592387,True,2,-0.1159;-0.2534
NCK1,-0.1845534039347675,True,2,-0.2743;-0.0948
TTC4,-0.18445704296149346,True,2,-0.2130;-0.1560
MAGEH1,-0.18444112446324828,True,2,-0.2479;-0.1210
PRKAR1B,-0.18443849217046226,False,2,-0.4599;0.0910
C8orf82,-0.18440841716491774,False,2,-0.3905;0.0216
C2orf68,-0.1843921472534033,True,2,-0.2423;-0.1265
SLC7A6OS,-0.18439047815700293,False,2,-0.4825;0.1137
RPL36A-HNRNPH2,-0.18437030314614977,True,2,-0.2439;-0.1249
NBPF12,-0.1842987872838232,True,1,-0.1843
NOL6,-0.18424535602415937,False,2,-0.3884;0.0199
MAGEF1,-0.18414215150068552,True,2,-0.2876;-0.0807
MMAB,-0.18406515452753036,True,2,-0.1688;-0.1993
FNIP2,-0.18384831707869603,True,2,-0.2190;-0.1487
MEIS2,-0.1838422059065281,True,2,-0.2623;-0.1054
NDUFA4,-0.18379479730502918,True,2,-0.2553;-0.1122
SHOC2,-0.18372485705065744,True,2,-0.1321;-0.2354
TMEM205,-0.18367891085651344,False,2,-0.3893;0.0220
TACO1,-0.18366412005669192,True,2,-0.2349;-0.1325
SNTB1,-0.18349216541126495,True,2,-0.1892;-0.1778
TUFT1,-0.1833976758429895,False,2,-0.3809;0.0141
KIF16B,-0.18335384743792216,True,2,-0.1889;-0.1778
C6orf163,-0.1832992777598501,True,2,-0.1568;-0.2098
RARS2,-0.1831402621926962,False,2,-0.4620;0.0957
C4orf48,-0.18307886282586772,True,2,-0.2027;-0.1634
ELAC2,-0.1830768399507448,True,2,-0.1523;-0.2139
FAM131A,-0.1829788907027065,True,2,-0.2927;-0.0733
SPSB2,-0.18293326907566942,False,2,-0.4262;0.0604
TRMT44,-0.18293165717476306,True,2,-0.2665;-0.0993
TDRKH,-0.18290260305790035,True,2,-0.2546;-0.1112
PLEKHH2,-0.18278411040703357,True,2,-0.1275;-0.2381
TBCEL,-0.18252357491397941,True,2,-0.2848;-0.0802
UCHL5,-0.18245027999786834,True,2,-0.2229;-0.1420
CENPT,-0.18240710106353253,True,1,-0.1824
CMTM6,-0.18234686036238335,True,2,-0.2150;-0.1497
IFITM1,-0.1823230728801417,True,2,-0.2216;-0.1430
SNCA,-0.1822517636201212,True,2,-0.2367;-0.1278
DYNC2H1,-0.18203185751552192,True,2,-0.2751;-0.0890
UBE2C,-0.18194658868242908,True,2,-0.0520;-0.3119
CDKN2AIP,-0.181929652953228,True,2,-0.1988;-0.1651
LAS1L,-0.1818985109617317,True,1,-0.1819
FLII,-0.18188222816904537,True,2,-0.2341;-0.1296
MDM2,-0.18187841881522082,True,2,-0.1313;-0.2325
C1orf109,-0.18184192839880792,True,2,-0.1395;-0.2242
ZNF587B,-0.18176273053687614,True,2,-0.1385;-0.2250
ARHGAP5,-0.18175709430231252,True,2,-0.1045;-0.2590
FEN1,-0.18175001753622166,True,2,-0.2194;-0.1441
SLC22A15,-0.18168693448422524,True,2,-0.0482;-0.3151
SALL2,-0.18158158005432679,True,2,-0.2586;-0.1046
TLDC2,-0.1815451191047464,True,2,-0.0236;-0.3395
PRKCSH,-0.1815285074865663,True,2,-0.2822;-0.0809
CHCHD4,-0.18144780777850056,True,2,-0.1609;-0.2020
PLBD2,-0.18135669345091798,True,2,-0.2499;-0.1128
PPA2,-0.18133455126782466,True,2,-0.2424;-0.1203
CRYBG1,-0.18131335071840277,True,2,-0.2649;-0.0977
AP3M2,-0.18131131229616299,True,2,-0.1073;-0.2553
EFHD2,-0.18127734210418056,False,2,-0.4183;0.0557
GPRC5A,-0.18100776758055281,True,2,-0.2328;-0.1292
PRMT7,-0.18086750105233207,True,2,-0.2127;-0.1490
CDKN2A,-0.18083767481283058,True,2,-0.1190;-0.2426
GIT1,-0.18082658204635516,True,2,-0.1227;-0.2389
HYPK,-0.18078587940601798,True,1,-0.1808
PREP,-0.18077288640051847,True,2,-0.1265;-0.2350
CCDC12,-0.18073351859345982,True,2,-0.1878;-0.1737
RNF25,-0.18061069944644115,True,2,-0.1136;-0.2476
ACOX3,-0.18057926097004307,True,2,-0.0470;-0.3142
CPLANE2,-0.1805668763009018,True,2,-0.1773;-0.1838
PTPN6,-0.18050349930481968,True,2,-0.1924;-0.1686
GGCT,-0.1803328789422402,True,2,-0.0208;-0.3398
RPS11,-0.18022819378825877,True,2,-0.1845;-0.1760
SMG7,-0.18017724353558212,True,2,-0.1827;-0.1776
UTP14C,-0.18017238139434089,True,2,-0.3509;-0.0095
NR3C1,-0.18011933039248834,True,2,-0.2569;-0.1034
TMED1,-0.18010132604355972,True,2,-0.1502;-0.2100
KCTD11,-0.18008670688288936,True,2,-0.2135;-0.1467
SUV39H2,-0.17995332823952148,True,2,-0.3114;-0.0485
ZNF34,-0.1799435212372099,True,2,-0.3033;-0.0566
MRPL57,-0.17992023861248702,True,2,-0.1690;-0.1909
MRGBP,-0.1798708132737239,True,2,-0.2388;-0.1210
TRIM21,-0.17986174856222736,True,2,-0.1940;-0.1658
HIST1H4B,-0.17986014982021464,True,2,-0.2990;-0.0607
KMT2D,-0.17979468296668882,True,2,-0.2201;-0.1395
PUDP,-0.17976880641499549,True,2,-0.2479;-0.1117
SRGAP2C,-0.17954533170685794,False,2,0.0318;-0.3909
CEBPD,-0.17952806785175573,True,2,-0.2759;-0.0831
ZC4H2,-0.1794610462446295,True,2,-0.2627;-0.0962
ZNF85,-0.17938760317569757,True,2,-0.3112;-0.0476
NDUFS2,-0.17909374923037202,True,2,-0.2643;-0.0939
UPRT,-0.1790747928963078,True,2,-0.1666;-0.1916
NPAS2,-0.17896470171068318,True,2,-0.1998;-0.1582
NLGN2,-0.17841647865000165,False,2,-0.3617;0.0048
GNPDA2,-0.17830056176678954,True,2,-0.1795;-0.1771
ZNF672,-0.17825359280073166,True,2,-0.2967;-0.0598
FAM173A,-0.17820806444329496,True,2,-0.0536;-0.3028
COMMD4,-0.17820305272332027,True,2,-0.0944;-0.2621
METAP2,-0.17791906045898653,True,2,-0.3119;-0.0439
PRKAR2B,-0.17789134687094316,False,2,0.0554;-0.4112
ASB13,-0.177648662434856,True,2,-0.2362;-0.1191
GSR,-0.17750850365935866,True,2,-0.1696;-0.1855
GP1BB,-0.17750752575471684,True,2,-0.2472;-0.1078
POLR2G,-0.17735114516048722,True,1,-0.1774
CCL18,-0.17730133591358038,True,2,-0.2778;-0.0768
ALG8,-0.1771336432363736,False,2,-0.3991;0.0448
RAB33A,-0.17703405273517547,True,2,-0.1433;-0.2108
CTSH,-0.1770167148947916,True,2,-0.0882;-0.2659
HIST2H4B,-0.1767933993574664,True,2,-0.1719;-0.1817
ZNF384,-0.17659755020004897,True,2,-0.3052;-0.0480
RABL3,-0.1764099798245235,True,2,-0.1347;-0.2181
PDE6D,-0.17629549197348154,True,2,-0.1111;-0.2415
HS6ST1,-0.1762894123996237,True,2,-0.1991;-0.1535
GSTM4,-0.17627488516370693,True,2,-0.2414;-0.1111
PAAF1,-0.1762332227248023,True,2,-0.3122;-0.0402
CEP63,-0.17597810440239525,True,1,-0.1760
TEDC2,-0.17595978402552487,True,2,-0.1843;-0.1676
DRG1,-0.1758416634489992,True,2,-0.1800;-0.1716
DNAJC13,-0.1758239947275479,True,2,-0.2865;-0.0652
KCNK6,-0.1757605275725579,True,2,-0.0282;-0.3233
TAF3,-0.1757122897577641,True,2,-0.1691;-0.1824
NDUFAF4,-0.1757095864913346,True,2,-0.2107;-0.1407
EXOSC5,-0.17567402272340127,False,2,-0.4120;0.0606
RALGDS,-0.175672778618419,True,2,-0.1201;-0.2312
GATA2,-0.17564360123857564,True,2,-0.2818;-0.0695
ZNF277,-0.17559285983929795,True,2,-0.2173;-0.1339
FAM71F2,-0.17537196062161486,True,2,-0.1949;-0.1558
NEDD4L,-0.1753483920721275,True,2,-0.1356;-0.2151
SMDT1,-0.17531967764336942,True,2,-0.2823;-0.0683
SOWAHC,-0.17526196839196773,True,2,-0.0959;-0.2547
CXCL8,-0.17516708625661748,True,2,-0.2108;-0.1395
ABHD6,-0.1751196731039113,True,2,-0.0024;-0.3478
WDR25,-0.17500146223849417,True,2,-0.1298;-0.2202
PGGHG,-0.17496724565779326,True,2,-0.1461;-0.2039
SPATA20,-0.1748712111377811,True,2,-0.1130;-0.2367
HIST1H1B,-0.17486795126117294,True,2,-0.1841;-0.1656
JMY,-0.174795774275311,True,2,-0.2240;-0.1256
GRAP2,-0.17468182019306522,True,2,-0.1950;-0.1544
ARSB,-0.1746145275734992,True,2,-0.0536;-0.2956
RAB7A,-0.17453322378052083,True,2,-0.1660;-0.1831
ZNF700,-0.1745091879080785,True,2,-0.1446;-0.2044
MOCS3,-0.17450112637172566,True,2,-0.3181;-0.0309
FES,-0.17447535874318026,True,2,-0.2443;-0.1047
FADS3,-0.17443363989381178,True,2,-0.1497;-0.1992
TMEM238,-0.174362477117737,False,2,-0.3755;0.0268
SS18,-0.17429089997931102,False,2,-0.3714;0.0228
GP9,-0.17427800330859988,True,2,-0.3023;-0.0462
SEC14L5,-0.17425329456169958,True,2,-0.2204;-0.1281
ATF5,-0.17422361580781842,True,1,-0.1742
CWF19L1,-0.17421801383734115,True,2,-0.0803;-0.2681
ZNRF1,-0.17420559282057768,False,2,-0.3576;0.0092
CD19,-0.17417327773429364,True,2,-0.2029;-0.1454
IGFBP6,-0.17412805872728948,True,2,-0.2638;-0.0845
PLAT,-0.17397996038071817,False,2,-0.4173;0.0693
DEDD2,-0.17392653562292487,True,2,-0.1876;-0.1603
RCOR1,-0.17392611077244474,True,2,-0.2879;-0.0600
LEO1,-0.17392241547006299,True,2,-0.0810;-0.2669
PHLDA1,-0.17379078910947415,True,2,-0.1680;-0.1796
NEK1,-0.17378549596951964,True,2,-0.0800;-0.2676
SCRIB,-0.17370616679070106,True,2,-0.2610;-0.0864
IFT74,-0.17369001379327753,True,2,-0.1248;-0.2225
GRK2,-0.17361731209793835,True,2,-0.1819;-0.1654
GPT2,-0.17352567793650697,True,2,-0.1177;-0.2294
ESYT2,-0.17352076153890716,True,2,-0.2096;-0.1374
EXOC5,-0.17348666136913915,True,1,-0.1735
SULT1A4,-0.1734780270576053,True,2,-0.1790;-0.1679
SMOX,-0.17347035520948711,True,2,-0.1973;-0.1497
ZNF93,-0.17336003260639676,True,2,-0.2979;-0.0488
KIAA2013,-0.17327671947686746,True,2,-0.1557;-0.1908
FASTKD5,-0.17319208155600824,True,2,-0.1930;-0.1533
TRIM47,-0.17318466833073765,True,2,-0.2776;-0.0688
IGFBP7,-0.1730860145137333,True,2,-0.1706;-0.1756
CREG1,-0.17308083716499378,True,2,-0.2337;-0.1124
PASK,-0.17304371878318336,True,2,-0.3096;-0.0365
AVEN,-0.17292174512763026,True,2,-0.1924;-0.1534
HSF4,-0.17285958938777862,True,2,-0.2577;-0.0880
LMOD3,-0.1728243383123606,True,2,-0.0197;-0.3260
SMIM3,-0.17280937967109244,True,2,-0.0974;-0.2482
SPAG8,-0.17275956604887716,True,2,-0.0715;-0.2740
CXorf40B,-0.17269657955548878,True,2,-0.1338;-0.2116
PLEKHG4,-0.17262561127089449,True,2,-0.1592;-0.1861
FAM45A,-0.17256782417813837,True,2,-0.0223;-0.3228
AFAP1,-0.17255448703986243,True,2,-0.1352;-0.2099
USP42,-0.1725277455187489,True,2,-0.1172;-0.2278
APOBEC3A,-0.17247091626570837,True,2,-0.1012;-0.2437
SWAP70,-0.17240186388580625,True,2,-0.1074;-0.2374
KIAA0100,-0.17237138406750402,True,2,-0.2722;-0.0725
FMNL3,-0.1723382009461673,True,2,-0.1065;-0.2381
OTULINL,-0.17232960848754564,True,2,-0.3089;-0.0358
KIF21B,-0.17231891189347326,True,2,-0.3302;-0.0145
ASB6,-0.17231357446490025,True,1,-0.1723
ADAM22,-0.17212659602008623,True,2,-0.2768;-0.0674
C19orf12,-0.17211376278194557,True,2,-0.1501;-0.1941
RPS6KA2,-0.17211058014623382,True,2,-0.2042;-0.1400
GTF3C6,-0.17203040216529575,True,2,-0.0419;-0.3022
PPP4R1,-0.17199495079372285,True,2,-0.2582;-0.0858
CR1,-0.17184217477469899,False,2,0.0092;-0.3529
SMTN,-0.17182549047853707,True,2,-0.1750;-0.1687
ACO1,-0.17181850747493915,True,2,-0.2216;-0.1221
RORB,-0.17175706605185126,True,2,-0.1917;-0.1518
DAPK1,-0.171713328365801,True,2,-0.2457;-0.0977
EXOSC9,-0.17165013781690797,False,2,-0.3510;0.0077
SND1,-0.17163273734291223,True,2,-0.2032;-0.1401
UTS2,-0.1716060646459257,True,2,-0.1854;-0.1578
COX20,-0.17155792121212965,True,2,-0.2010;-0.1421
COA1,-0.1714738216699387,True,2,-0.2514;-0.0915
SNUPN,-0.17144500329923984,True,2,-0.1505;-0.1924
KLK14,-0.17141134373513633,True,2,-0.2318;-0.1110
FZD3,-0.17138532555201635,True,2,-0.3219;-0.0209
RPS6KC1,-0.1711952443188795,True,2,-0.1527;-0.1897
ZCCHC2,-0.17092628023780426,True,2,-0.2089;-0.1329
ST8SIA1,-0.17089818682126623,True,2,-0.1768;-0.1650
ATP2A3,-0.1708690505928352,True,2,-0.1821;-0.1596
FH,-0.17081448706215874,False,2,-0.5064;0.1648
ADHFE1,-0.17079502734649543,True,2,-0.1049;-0.2367
ZCCHC3,-0.17076363350726886,True,2,-0.2620;-0.0796
GPR55,-0.17075961680416424,True,2,-0.2207;-0.1208
SELL,-0.170634310846692,True,2,-0.2906;-0.0506
IGSF6,-0.17063310747267613,True,2,-0.2424;-0.0989
RASSF3,-0.17054884899126,True,2,-0.1513;-0.1898
ZNF304,-0.17045248048400968,True,2,-0.1273;-0.2136
MTMR3,-0.17044152742879476,True,2,-0.2348;-0.1061
SACM1L,-0.17042724228686773,True,2,-0.2259;-0.1150
MAK16,-0.17036788216472976,True,1,-0.1704
FCAR,-0.17035574657467023,True,2,-0.0769;-0.2638
HIST1H4C,-0.1703111955461009,True,2,-0.2839;-0.0567
MARCH6,-0.17028868511183398,True,2,-0.1766;-0.1640
TMEM9,-0.17026706968669736,True,2,-0.0823;-0.2582
MTF1,-0.17026061211804688,True,2,-0.3041;-0.0364
FBXO34,-0.17017049110326954,True,2,-0.1287;-0.2117
CC2D1A,-0.17005053558774147,True,2,-0.2210;-0.1191
BTG1,-0.16999260404442934,True,2,-0.1919;-0.1480
DNAJB12,-0.16993397839348645,True,2,-0.2363;-0.1036
ERP29,-0.16987068980084052,True,2,-0.1980;-0.1417
WASHC1,-0.16981806113776865,True,2,-0.0131;-0.3266
ERCC1,-0.16978662254560561,True,2,-0.1413;-0.1982
CDKN2C,-0.16973248798857743,True,2,-0.1024;-0.2371
SNRPB,-0.1697254945098241,True,2,-0.1581;-0.1813
FAM208B,-0.16969069440946338,True,2,-0.3043;-0.0351
RNASEH2B,-0.16962233542404825,False,2,-0.3955;0.0562
GTPBP10,-0.16939962951206566,True,2,-0.1328;-0.2060
C9orf78,-0.16939203801017827,True,2,-0.1893;-0.1495
HOXD12,-0.1693157181909808,True,2,-0.1231;-0.2155
DDX60L,-0.16928212428863632,True,2,-0.2350;-0.1036
GNPDA1,-0.16907590308132048,True,2,-0.0676;-0.2706
KIAA0556,-0.16901870072779318,True,2,-0.1791;-0.1589
KLHL8,-0.16897876021496128,True,2,-0.0685;-0.2694
MTFP1,-0.16885352821591126,False,2,-0.3455;0.0077
INTS14,-0.16884050327403444,True,2,-0.2103;-0.1274
DR1,-0.16882448273595918,True,2,-0.2441;-0.0936
MIER3,-0.16877519335682445,True,2,-0.2024;-0.1351
PAQR8,-0.16875895861871826,True,2,-0.2107;-0.1268
DOLK,-0.16862151757930727,True,2,-0.2778;-0.0594
SKA1,-0.16860420736202753,True,2,-0.2235;-0.1137
GLUL,-0.16859257939735045,True,2,-0.2616;-0.0756
TIMD4,-0.1685426904716129,True,2,-0.2793;-0.0578
PAK1,-0.1685084024408362,True,2,-0.1742;-0.1628
PFN1,-0.16846658408631954,False,2,0.2176;-0.5545
SPATA24,-0.16832925411240168,True,2,-0.0971;-0.2396
FAM170A,-0.16831038310874658,True,2,-0.2946;-0.0420
THAP10,-0.16830297308672593,True,2,-0.1114;-0.2252
SSBP1,-0.16820772904687364,True,2,-0.2303;-0.1062
UNC119,-0.16812336850846277,True,2,-0.2231;-0.1131
TREX1,-0.16811152430381393,True,2,-0.1618;-0.1745
FSIP1,-0.1680674621193392,True,2,-0.0940;-0.2421
METRNL,-0.1680518230139822,True,2,-0.0182;-0.3179
CCDC141,-0.16790528363711543,True,2,-0.0903;-0.2455
TNKS,-0.1678773911733633,True,2,-0.1059;-0.2298
ARHGEF6,-0.16785328130517257,True,2,-0.1715;-0.1642
VAT1,-0.16772617042495253,True,2,-0.1628;-0.1727
NRARP,-0.1677072101645648,True,2,-0.1310;-0.2044
C16orf45,-0.1675564634579399,True,2,-0.2002;-0.1349
MYO5A,-0.1675121389319873,True,2,-0.1818;-0.1533
ELP1,-0.1673659870753284,True,2,-0.1650;-0.1698
WASHC5,-0.1672335218937649,True,2,-0.2553;-0.0792
MAP6D1,-0.16709751865455869,True,2,-0.0802;-0.2540
CBX1,-0.16700454733215014,True,2,-0.2127;-0.1213
ZDHHC12,-0.16695269813471647,False,2,-0.4268;0.0929
PRDM2,-0.16688414717889183,True,2,-0.0025;-0.3313
MAFK,-0.16679612771587893,True,2,-0.0918;-0.2418
ADAM28,-0.1667524577940555,True,2,-0.1953;-0.1382
ZNF616,-0.16675217903474054,True,2,-0.2819;-0.0516
BRCA1,-0.1667239665891409,True,1,-0.1667
ATP5MF,-0.16654611881709158,True,2,-0.2588;-0.0743
INTS6L,-0.1665247365991387,True,2,-0.1706;-0.1625
PCMT1,-0.16646797397093688,True,2,-0.2397;-0.0932
CENPO,-0.1664585483529668,True,2,-0.1880;-0.1449
ZNF705B,-0.16645326623912987,True,2,-0.1695;-0.1634
IKZF2,-0.16640230796604344,True,2,-0.1869;-0.1459
LRRCC1,-0.16637530100738057,True,2,-0.2025;-0.1302
C1S,-0.1663060762258884,True,2,-0.1757;-0.1569
CMIP,-0.16621637869139266,True,2,-0.0749;-0.2575
EWSR1,-0.1661820125056866,True,2,-0.1696;-0.1628
MYF6,-0.1661647624301248,True,2,-0.0911;-0.2412
ZNF420,-0.16597363239895413,True,2,-0.2573;-0.0747
CDKL2,-0.16597320251358078,True,2,-0.0669;-0.2650
CA9,-0.16586442455092687,True,2,-0.1045;-0.2272
IFIH1,-0.16576672321363156,True,2,-0.1860;-0.1456
RNF10,-0.16576052636932487,True,2,-0.1815;-0.1501
DMAC2,-0.16575564327281922,True,2,-0.2033;-0.1282
PDP2,-0.16570772536328254,True,2,-0.0157;-0.3157
C2CD4D,-0.16570137158629578,True,2,-0.1440;-0.1874
RGP1,-0.16566903374493291,True,1,-0.1657
FXN,-0.16550285665692682,False,2,0.0736;-0.4046
LAMTOR1,-0.16548387540035736,True,2,-0.3055;-0.0254
TSPAN33,-0.1654676238835484,True,2,-0.1082;-0.2228
CCDC30,-0.16530289467985693,True,2,-0.1955;-0.1351
IFT57,-0.16528851023102087,True,2,-0.1302;-0.2004
CETN3,-0.16526215042843723,True,2,-0.0036;-0.3269
MAFF,-0.1651784732722006,True,2,-0.2145;-0.1158
MTHFD1,-0.1650435834595963,True,2,-0.2750;-0.0551
CAPG,-0.16500690555766212,True,2,-0.1976;-0.1324
CAMTA2,-0.1649854888498773,False,2,-0.3508;0.0209
THRB,-0.16496602395490195,True,2,-0.2478;-0.0821
ZNF366,-0.16495390214419492,True,2,-0.1589;-0.1710
TLE4,-0.16493331441159653,True,2,-0.2139;-0.1159
KIDINS220,-0.16489815070552682,True,2,-0.2983;-0.0315
ATP5F1A,-0.1648793170147192,True,2,-0.2226;-0.1072
BCKDK,-0.1648530055487561,True,2,-0.0702;-0.2595
CPSF4,-0.16479204964874317,True,1,-0.1648
NRL,-0.16478746370716985,True,2,-0.2572;-0.0724
PSME3,-0.16472226234133813,True,2,-0.1327;-0.1968
AK3,-0.16470550446740512,True,2,-0.1561;-0.1733
CXCR6,-0.1646810810248086,True,2,-0.1810;-0.1484
OCLN,-0.1646714914481528,True,2,-0.0717;-0.2577
SLC23A2,-0.16466825925470513,True,2,-0.1218;-0.2075
EBNA1BP2,-0.16462630991765437,True,1,-0.1646
FAM122B,-0.16459058423136202,True,2,-0.2138;-0.1154
HNF4G,-0.16452439632984456,True,2,-0.2264;-0.1026
MUC1,-0.16450160574504652,True,2,-0.2736;-0.0554
MSS51,-0.16449325935843556,True,2,-0.0502;-0.2788
CTSO,-0.16438865581723455,True,2,-0.2616;-0.0671
GUCA2B,-0.16434671801866835,True,2,-0.1057;-0.2229
NKIRAS2,-0.16432585895313945,True,2,-0.2808;-0.0479
TMEM140,-0.1642839502129242,True,2,-0.1922;-0.1364
ZNF8,-0.16426242068168428,True,2,-0.1476;-0.1809
ARID5B,-0.16407133087691012,True,2,-0.1824;-0.1457
GPR171,-0.16389868826834947,True,2,-0.1571;-0.1707
CENPP,-0.16384661536791117,True,2,-0.1810;-0.1467
ZNF92,-0.16355830358522128,True,2,-0.0114;-0.3157
DNAH1,-0.16354308975891996,True,2,-0.1404;-0.1867
PTGIR,-0.16349751776481203,True,2,-0.2429;-0.0841
EMG1,-0.16349400782975815,True,2,-0.1399;-0.1871
ZNF720,-0.1634806927129629,True,2,-0.0847;-0.2422
SLC35A3,-0.16340132514589017,True,2,-0.2130;-0.1138
PTGER3,-0.1633655176679143,True,1,-0.1634
CMAS,-0.16336411941693418,True,2,-0.1753;-0.1514
UBTF,-0.163284443371989,True,2,-0.1531;-0.1735
SEC61G,-0.16326777986472396,True,1,-0.1633
TNFAIP8L1,-0.1632563417515132,True,2,-0.1540;-0.1725
NPIPB3,-0.16321186027173573,True,2,-0.1513;-0.1751
PLEKHA8,-0.16314928759275954,True,2,-0.1415;-0.1848
GPRASP1,-0.1631275022903862,True,2,-0.0347;-0.2916
CHN2,-0.16307545695019043,True,2,-0.2298;-0.0963
FAM129C,-0.16307115823770713,True,2,-0.0901;-0.2361
CTDP1,-0.16305449931206706,True,1,-0.1631
GTSE1,-0.16293922815845568,True,2,-0.1295;-0.1963
RAB24,-0.16292384060891413,True,2,-0.1113;-0.2146
BST2,-0.1629224672074875,True,2,-0.1479;-0.1780
TRMT10A,-0.1629098304446216,True,2,-0.1409;-0.1849
OGFRL1,-0.16289788498018531,True,2,-0.2402;-0.0856
AMMECR1,-0.16289441225318824,True,2,-0.1627;-0.1631
PSMD4,-0.16282712018976703,True,2,-0.0370;-0.2886
SNRK,-0.16282579584575207,True,2,-0.2133;-0.1124
RTEL1,-0.1625735009617033,True,2,-0.2806;-0.0445
PLEKHB2,-0.16247568758780856,True,2,-0.2514;-0.0736
SYNRG,-0.1624699570454956,True,2,-0.1465;-0.1785
ACAD10,-0.16240622702594026,True,2,-0.1647;-0.1601
MAFB,-0.16222788648273817,True,2,-0.2138;-0.1106
C16orf95,-0.16222398807026928,True,2,-0.0814;-0.2431
ACP2,-0.1622023841130713,True,2,-0.2291;-0.0953
CHKA,-0.1621633772234255,True,2,-0.1187;-0.2056
HOXC13,-0.16213578780800086,True,2,-0.2165;-0.1077
TMEM258,-0.16200971747524817,False,2,-0.4286;0.1046
TMEM242,-0.16195723340838453,True,2,-0.1864;-0.1375
BLOC1S2,-0.16192454443670412,True,2,-0.1471;-0.1768
FUZ,-0.16191774720542162,True,2,-0.2455;-0.0783
UBE2G1,-0.1618510120408153,True,2,-0.0684;-0.2553
C9orf40,-0.1618298007278552,True,2,-0.0695;-0.2541
RNMT,-0.16182143392357107,True,2,-0.1332;-0.1905
CNST,-0.16177512364817304,True,2,-0.0105;-0.3131
SRPK1,-0.16168710948858306,True,2,-0.1903;-0.1330
PRTN3,-0.16165326331432717,True,2,-0.1487;-0.1746
AGO1,-0.16165145600891057,True,2,-0.1751;-0.1482
C1orf198,-0.16163981303750746,True,2,-0.1233;-0.2000
ERH,-0.1616135984141489,True,1,-0.1616
RPRD1B,-0.16158788836104349,True,2,-0.2633;-0.0599
KIAA0895L,-0.16151095407654698,True,2,-0.2702;-0.0528
ZNF407,-0.1614461112574711,True,2,-0.1303;-0.1926
CBWD3,-0.1613600887269357,True,2,-0.1648;-0.1579
HEXB,-0.1613128116663603,True,2,-0.1760;-0.1466
NELFCD,-0.16131249164861,True,2,-0.2132;-0.1094
PGAP2,-0.16128701027475512,True,2,-0.3106;-0.0120
EMX1,-0.16124886502983532,True,2,-0.2217;-0.1008
ASCL1,-0.1612327620794387,True,2,-0.1937;-0.1287
FAM120B,-0.16116350964754123,False,2,-0.3646;0.0423
GOLIM4,-0.1611334807985621,True,2,-0.2571;-0.0652
ERGIC1,-0.16108199179066401,True,2,-0.2816;-0.0405
TCEAL8,-0.1610800885870491,True,2,-0.1227;-0.1995
FAM120C,-0.16105336106265478,True,2,-0.2581;-0.0640
PRSS23,-0.16092013856036919,True,2,-0.0529;-0.2689
PPP1R16B,-0.16087550288459979,True,2,-0.1936;-0.1282
CREBBP,-0.16075486204887862,True,2,-0.2136;-0.1079
SRGAP1,-0.16073900748180342,True,2,-0.1548;-0.1667
DPAGT1,-0.160663713727921,True,2,-0.1968;-0.1245
RNF175,-0.1606331240097994,True,2,-0.2880;-0.0333
PPP1R35,-0.160617977295348,False,2,-0.4083;0.0870
GPI,-0.16059754965350764,True,2,-0.2772;-0.0440
PNRC2,-0.1605535657183334,True,2,-0.2042;-0.1169
ADCY4,-0.16053519371274327,False,2,-0.3598;0.0387
NKX3-1,-0.16037994551279633,True,2,-0.2720;-0.0488
TIPRL,-0.16036027604699649,True,2,-0.2253;-0.0954
ZNF780B,-0.16034440048525944,True,2,-0.1301;-0.1906
SUN1,-0.16033038495739643,True,2,-0.2543;-0.0664
ATP5MF-PTCD1,-0.16022178468702614,True,2,-0.1653;-0.1552
GOLGA8A,-0.1602213064503648,False,2,-0.3771;0.0566
TTC17,-0.16003321389699376,True,2,-0.2168;-0.1033
CD2BP2,-0.15987232578268656,True,2,-0.0747;-0.2450
HSF1,-0.15982960594556211,True,2,-0.0510;-0.2687
TM9SF3,-0.15982360301315562,True,2,-0.2707;-0.0490
PIM1,-0.15974147767159735,True,2,-0.2291;-0.0903
NKX2-2,-0.1596685751466787,True,2,-0.1990;-0.1203
ONECUT3,-0.1596303303480487,True,2,-0.1764;-0.1428
RAB15,-0.15954322321671133,True,2,-0.2377;-0.0814
MRPS17,-0.15943754382946235,True,2,-0.2276;-0.0913
ITFG1,-0.15938283808666442,True,2,-0.2004;-0.1183
PMS1,-0.1593768927585293,True,2,-0.0817;-0.2370
VKORC1,-0.15937250221680394,True,2,-0.1663;-0.1524
MRPL22,-0.15927578200648468,True,2,-0.2334;-0.0852
SAPCD2,-0.15922756532763294,True,2,-0.1566;-0.1619
TMEM178B,-0.15921340064445028,True,2,-0.1592;-0.1593
C11orf68,-0.15920566552823417,True,2,-0.2175;-0.1009
SEC63,-0.15916230858115676,True,2,-0.2802;-0.0381
B3GNTL1,-0.1591622178925412,True,2,-0.0251;-0.2932
LHX6,-0.159153325488665,True,2,-0.0949;-0.2234
ASNS,-0.15915116375099347,True,2,-0.0857;-0.2326
ADRM1,-0.15913579509376025,False,2,0.0081;-0.3264
SPICE1,-0.15912691825484176,True,2,-0.1595;-0.1588
TIMMDC1,-0.15903699608538918,True,2,-0.2372;-0.0809
P2RY14,-0.15900390755670712,True,2,-0.2081;-0.1099
VPS50,-0.15890671125122963,True,2,-0.0258;-0.2920
C12orf49,-0.15885553129754298,True,2,-0.1367;-0.1810
UBE2Q1,-0.15882638436540197,True,2,-0.2247;-0.0930
TRIM37,-0.15880004295181915,False,2,0.1362;-0.4538
DNMT1,-0.1587704293880256,True,2,-0.2243;-0.0933
NHLH1,-0.15868366706552195,True,2,-0.1031;-0.2143
KRAS,-0.1584519169888785,True,2,-0.2956;-0.0213
MFSD6,-0.15829386946992197,True,2,-0.0494;-0.2672
TMEM94,-0.15828605573057486,True,2,-0.0402;-0.2763
CCDC136,-0.1582829431391093,True,2,-0.0383;-0.2782
E2F4,-0.15828004245881794,True,2,-0.0320;-0.2846
DCAF7,-0.15827561341924473,True,2,-0.1071;-0.2094
ZNF891,-0.15826277268343764,True,2,-0.1032;-0.2133
MYO1F,-0.15822327921307028,True,2,-0.2769;-0.0396
SPACA9,-0.15814870865750152,True,2,-0.1215;-0.1948
PMVK,-0.15806712582906307,True,2,-0.1823;-0.1338
EXOSC1,-0.15796821382660015,True,2,-0.2528;-0.0631
ACOT9,-0.15781510266396848,True,2,-0.1406;-0.1750
RSBN1,-0.15776440758433724,False,2,0.0349;-0.3505
SLC25A36,-0.1577154600483408,True,2,-0.2948;-0.0207
TBC1D10A,-0.15766838342120715,True,2,-0.2545;-0.0608
NUDT11,-0.15764444336984285,True,2,-0.1525;-0.1628
ALYREF,-0.15755095181776146,True,1,-0.1576
C17orf53,-0.15746724992968697,True,2,-0.0303;-0.2846
PPTC7,-0.1573804192034235,True,2,-0.1926;-0.1221
PNPLA4,-0.15737300633509582,True,2,-0.0946;-0.2201
BRWD1,-0.15722288798954892,True,2,-0.2381;-0.0763
DMWD,-0.15717989716328135,True,2,-0.0924;-0.2219
PHIP,-0.15716511876377626,True,2,-0.2112;-0.1032
EFHC1,-0.15715795588134573,True,2,-0.1167;-0.1976
MTIF3,-0.15709841199739688,True,2,-0.2086;-0.1056
TRA2A,-0.1570465708424849,True,2,-0.0653;-0.2488
SPATA5L1,-0.15704248592538167,True,2,-0.0498;-0.2642
PPP4R3B,-0.15704224328546967,True,2,-0.2884;-0.0257
OSR1,-0.1570274742794801,True,2,-0.1814;-0.1326
AP1G1,-0.1570086866889998,True,2,-0.2059;-0.1082
POLR3C,-0.15700257294351455,False,2,0.1281;-0.4421
CDK13,-0.15692065212363332,True,2,-0.1021;-0.2117
EIF3H,-0.15689571333828778,True,2,-0.2193;-0.0945
HDAC6,-0.15678906690174094,True,2,-0.1957;-0.1179
PDCD7,-0.15672302637925062,True,2,-0.0379;-0.2755
SFXN2,-0.15670193019537149,True,2,-0.1839;-0.1295
FAM220A,-0.15665513736549963,True,2,-0.2146;-0.0987
MRPL39,-0.15664668583831137,True,2,-0.1786;-0.1347
MRPL2,-0.15662563205161295,True,2,-0.2646;-0.0486
ITGB3,-0.1565065858369739,True,2,-0.2384;-0.0746
ST6GAL1,-0.15646716542391848,True,2,-0.2036;-0.1093
TGS1,-0.1564637659156301,True,2,-0.1796;-0.1333
LIMD2,-0.15644700764358377,True,2,-0.1425;-0.1704
FBXL3,-0.156389327169085,True,2,-0.1523;-0.1605
SELENON,-0.156311942087895,True,2,-0.1523;-0.1604
ST6GALNAC6,-0.15621241165009203,False,2,-0.3375;0.0250
NT5C3B,-0.1562024562706782,True,2,-0.0939;-0.2185
LAMTOR4,-0.15609425902254492,True,2,-0.1308;-0.1814
FOXD4L4,-0.15609017570141587,True,2,-0.2571;-0.0551
ERO1A,-0.15599506310276035,True,2,-0.0620;-0.2499
PLSCR1,-0.15568998643688803,True,2,-0.2252;-0.0862
NAGPA,-0.1555834976671457,True,2,-0.0761;-0.2351
INTS1,-0.15556818485186275,True,2,-0.2877;-0.0235
SLC37A3,-0.15556593531798973,True,2,-0.2186;-0.0925
NDUFB1,-0.15555586773789815,True,2,-0.1329;-0.1783
CSMD1,-0.1555421503064645,True,2,-0.1905;-0.1206
SDCBP,-0.1554031548017703,True,2,-0.0897;-0.2211
DZIP1,-0.1554020421024943,True,2,-0.2306;-0.0802
B3GNT5,-0.15538510341559053,True,2,-0.1894;-0.1214
ATP5F1B,-0.15534215351375436,True,2,-0.1728;-0.1378
YBX3,-0.15533693392392484,True,2,-0.1250;-0.1856
SAA2,-0.15513180426916823,True,2,-0.1500;-0.1602
MSMO1,-0.15513099829201282,True,2,-0.2833;-0.0269
RBBP7,-0.15509420628028214,True,2,-0.2320;-0.0782
TMEM65,-0.15501819775377784,True,2,-0.0796;-0.2304
TRAPPC3,-0.15497880964152932,False,2,-0.3188;0.0089
CLK2,-0.15480647057258218,True,2,-0.2004;-0.1092
SQLE,-0.15478999467176102,True,2,-0.2103;-0.0993
CXorf65,-0.15477040923739854,True,2,-0.2590;-0.0505
RPL36AL,-0.15476484016913267,True,2,-0.1670;-0.1426
RAB18,-0.15475723219254417,True,2,-0.0244;-0.2851
PTPRN2,-0.15469033038600694,True,2,-0.0993;-0.2100
NUDT13,-0.154590823752005,True,2,-0.2512;-0.0580
RANBP1,-0.15453029799823592,True,2,-0.1743;-0.1348
ZNF589,-0.15435973631179695,True,2,-0.1669;-0.1418
MRNIP,-0.15429500836237153,True,2,-0.2382;-0.0704
CCDC71L,-0.15429081279736728,True,2,-0.1368;-0.1717
U2AF1L5,-0.15425990450811194,True,2,-0.2397;-0.0688
SELENOW,-0.154190321741908,True,2,-0.1891;-0.1192
RNF39,-0.1541618658779345,True,2,-0.1606;-0.1477
COG4,-0.15409177557272552,True,2,-0.1689;-0.1393
SGSM2,-0.15402052525160237,True,2,-0.2496;-0.0585
NEUROG2,-0.15399815885036539,True,2,-0.1865;-0.1215
IL7R,-0.15395986569512565,True,2,-0.1056;-0.2023
KNTC1,-0.15394185527807386,True,2,-0.2425;-0.0654
ZNF471,-0.1539203402577381,True,2,-0.1614;-0.1465
ZNF665,-0.15391996768641936,True,2,-0.2562;-0.0517
NHLRC3,-0.15390457059870571,True,2,-0.1430;-0.1648
TLX2,-0.15390177252576154,True,2,-0.0499;-0.2579
SEPSECS,-0.1538196031909183,True,2,-0.0661;-0.2416
INO80,-0.153804390541613,True,2,-0.2551;-0.0525
ZSCAN22,-0.15365041992462664,True,2,-0.1938;-0.1135
TSHZ3,-0.15356200673524095,True,2,-0.0952;-0.2120
FAM192A,-0.153499180530209,True,2,-0.1079;-0.1991
ACTR3,-0.1534828781925785,True,2,-0.2424;-0.0646
ABLIM1,-0.15337474552314267,True,2,-0.1303;-0.1764
COQ8B,-0.15332171826775054,True,2,-0.3037;-0.0030
DHCR24,-0.15330625409537696,True,2,-0.0586;-0.2480
MAGT1,-0.15324181061978587,True,2,-0.1020;-0.2045
IRX2,-0.15312227753377883,False,2,-0.3636;0.0574
CCNG2,-0.15307758511774772,True,2,-0.0863;-0.2199
BPHL,-0.1530238591378717,True,2,-0.1823;-0.1238
SLC5A10,-0.15288678440190534,True,2,-0.0808;-0.2249
FGFBP3,-0.15288269310657532,True,2,-0.0339;-0.2719
HIRIP3,-0.15284521820062313,True,2,-0.2983;-0.0074
PPIL2,-0.15281940940173638,True,2,-0.0076;-0.2981
RARA,-0.15279691063725537,True,2,-0.2762;-0.0294
IDH3A,-0.15261495417530258,True,2,-0.2494;-0.0558
HOXD4,-0.15256004087307373,False,2,0.0412;-0.3463
DNAAF2,-0.1525546491531506,True,2,-0.2102;-0.0949
CRTAM,-0.15252351168633904,True,2,-0.1568;-0.1483
PFKFB1,-0.15251060160868568,True,2,-0.0590;-0.2460
TCEAL3,-0.15246824863135666,True,2,-0.1493;-0.1556
PSTPIP1,-0.15245004087979835,False,2,0.0526;-0.3575
C3orf38,-0.15238892725784864,True,2,-0.1976;-0.1072
METTL9,-0.15236999717558303,True,2,-0.1179;-0.1868
MMP25,-0.15235867371745426,False,2,-0.3204;0.0157
RPL28,-0.15234647075027896,True,2,-0.1549;-0.1498
MAPK1,-0.15234318142775732,True,2,-0.1856;-0.1190
ALMS1,-0.15232112015906607,True,2,-0.1164;-0.1883
MYOF,-0.15230220129021277,True,2,-0.1125;-0.1921
RFWD3,-0.15227127505930604,True,2,-0.1530;-0.1516
GGT7,-0.15220348233977643,True,2,-0.1480;-0.1564
JAKMIP2,-0.15220139846061936,True,2,-0.0634;-0.2410
CEACAM21,-0.1521348235061269,True,2,-0.1412;-0.1631
RANBP9,-0.15212373689941472,True,2,-0.0691;-0.2352
PIANP,-0.1520476566834354,True,2,-0.2530;-0.0511
FLVCR2,-0.15204553630652695,True,2,-0.2953;-0.0088
OAS3,-0.1520413905060085,True,2,-0.2764;-0.0277
TSPAN18,-0.1519042218395168,True,2,-0.0433;-0.2605
MYO15A,-0.15190018655674742,True,2,-0.1852;-0.1186
XPOT,-0.15186879374290185,True,2,-0.0204;-0.2834
RANGRF,-0.15180389270201416,True,2,-0.1544;-0.1492
TRAPPC11,-0.1517790679183526,False,2,-0.3172;0.0136
SMARCD2,-0.151739308793308,True,2,-0.2033;-0.1002
TNRC6C,-0.15168709675524616,True,2,-0.2127;-0.0907
CBWD2,-0.1516734019798346,True,2,-0.0033;-0.3000
IDNK,-0.15163905528918886,True,2,-0.0887;-0.2146
HNF4A,-0.15162049760719215,True,2,-0.1948;-0.1085
KMT5A,-0.15151784176613192,True,2,-0.2107;-0.0924
ABHD17B,-0.15148278315984104,True,2,-0.0278;-0.2751
ASCL2,-0.15146538567080614,True,2,-0.2324;-0.0705
PICK1,-0.15136634180424824,True,2,-0.0324;-0.2704
ZNF408,-0.15134563540800933,True,2,-0.1289;-0.1737
CD200,-0.15129792174216689,True,2,-0.1301;-0.1725
ATP5MG,-0.15123886017426125,True,2,-0.1662;-0.1363
PROX2,-0.15113617206401503,True,2,-0.1469;-0.1553
RAG1,-0.15107289726698703,True,2,-0.1702;-0.1320
ADGRG1,-0.15101214568434934,True,2,-0.2244;-0.0776
TAF12,-0.1509913087365607,True,2,-0.0641;-0.2379
CERS4,-0.1509324915530716,True,2,-0.1326;-0.1693
TUFM,-0.15092662307747473,True,2,-0.2664;-0.0355
SGTA,-0.15087427997569774,True,2,-0.1778;-0.1239
ASRGL1,-0.15082738515467342,False,2,-0.3290;0.0273
TNS3,-0.15081880885216448,True,2,-0.1876;-0.1141
ZKSCAN2,-0.1507876271794545,True,2,-0.1981;-0.1034
IKZF1,-0.15077244874999512,True,2,-0.0751;-0.2265
QKI,-0.150749621373797,True,2,-0.2254;-0.0761
TUBB4B,-0.15074788811119932,True,2,-0.1063;-0.1952
MRPS14,-0.15072152684611406,True,2,-0.1794;-0.1220
TMSB4X,-0.150707617345899,True,2,-0.1412;-0.1602
CSMD2,-0.1505416386898099,True,2,-0.2631;-0.0379
KCTD21,-0.15048234286363288,True,2,-0.1975;-0.1035
PIK3R1,-0.15038142906339425,True,2,-0.0125;-0.2882
ATOH8,-0.15031650714723938,True,2,-0.2561;-0.0445
PGAP1,-0.15030313104472393,False,2,0.0413;-0.3419
PDCD5,-0.15019238235027732,True,2,-0.0909;-0.2095
MAST2,-0.15015802383446863,True,2,-0.1521;-0.1482
CCDC91,-0.15014393235768098,True,2,-0.1615;-0.1388
PTDSS1,-0.15007986250204097,True,2,-0.0708;-0.2294
IL31,-0.15003363297359218,True,2,-0.1734;-0.1267
UBXN7,-0.149989827663861,True,2,-0.1646;-0.1354
ZMYM4,-0.14997350416622596,True,2,-0.1705;-0.1294
MED18,-0.14996509937924707,True,1,-0.1500
C1orf131,-0.14991253054832715,False,2,0.0225;-0.3223
YIPF1,-0.14990293642637598,True,2,-0.1626;-0.1372
CALHM2,-0.14989144082711886,True,2,-0.2112;-0.0886
SRXN1,-0.14984547458096453,True,2,-0.0085;-0.2912
MCFD2,-0.1497960073461846,True,2,-0.1657;-0.1339
CAMTA1,-0.14976735483272596,True,2,-0.1891;-0.1105
DNPEP,-0.14971451451344553,True,2,-0.1740;-0.1255
HOPX,-0.149696546149598,True,2,-0.0267;-0.2727
HIST1H2BM,-0.14966514534285308,True,2,-0.2607;-0.0387
HNRNPUL2,-0.14954194139780347,True,2,-0.0777;-0.2214
P3H1,-0.1495259701382422,True,2,-0.1574;-0.1417
KCTD12,-0.1494992310111264,True,2,-0.2224;-0.0766
RAB40C,-0.1494679929671024,True,2,-0.0942;-0.2047
SUMO4,-0.1494577831586857,True,2,-0.0574;-0.2416
FAM136A,-0.14944354185208675,True,2,-0.1348;-0.1641
ABHD16A,-0.14943751719428527,True,2,-0.1824;-0.1165
ATL2,-0.14942872403997398,True,2,-0.2216;-0.0773
MICALL1,-0.149377458741338,True,2,-0.1127;-0.1860
BTBD6,-0.14937241959236375,True,2,-0.0825;-0.2163
RFESD,-0.14936836392175157,True,2,-0.0872;-0.2115
RNF34,-0.14936037807252117,True,2,-0.2098;-0.0889
TRIM66,-0.1493125311305149,True,2,-0.1431;-0.1556
SGO1,-0.14929027848446313,True,2,-0.1130;-0.1856
PHKA1,-0.1491512602446613,True,2,-0.1586;-0.1397
POLR2K,-0.14914408212542174,True,1,-0.1491
CA11,-0.14908583128768443,True,2,-0.0261;-0.2720
PRR7,-0.14906635301452686,True,2,-0.2213;-0.0768
JMJD6,-0.1490414268692058,True,2,-0.1640;-0.1341
COX7C,-0.14902294261682414,True,2,-0.1046;-0.1934
COMMD10,-0.14901236440340382,True,2,-0.1694;-0.1286
SIX5,-0.1490111914273483,True,2,-0.1170;-0.1810
TRAT1,-0.14898487353279682,True,2,-0.0646;-0.2333
SUSD4,-0.1489334753810867,True,2,-0.1488;-0.1491
LARS,-0.14892736264876683,True,1,-0.1489
AAR2,-0.14887828320740049,False,2,-0.3063;0.0086
HNRNPLL,-0.14883065051342048,True,2,-0.0271;-0.2705
UTP11,-0.14882622781191246,True,1,-0.1488
VRK1,-0.1488099896107748,True,2,-0.0195;-0.2781
TADA2A,-0.14872928785445405,True,2,-0.2366;-0.0608
NDUFC2,-0.14863406369927296,True,2,-0.1284;-0.1689
SEC22C,-0.14860803129644978,True,2,-0.1883;-0.1089
SP8,-0.14860270253650987,True,2,-0.1455;-0.1517
NAV1,-0.14858736047970705,True,2,-0.0771;-0.2201
POMGNT2,-0.14854805814412908,True,2,-0.2594;-0.0377
ERAP2,-0.14850630991912328,True,2,-0.1261;-0.1709
PPP2R5B,-0.14848833334422545,True,2,-0.2068;-0.0902
ATG10,-0.14847010295237006,True,2,-0.1864;-0.1105
PTPMT1,-0.14845180249746326,True,2,-0.2151;-0.0818
SEMA4D,-0.148420313772407,True,2,-0.2504;-0.0464
SEMA4F,-0.14841663555966883,True,2,-0.1640;-0.1328
LENG8,-0.1482082461886442,True,2,-0.1904;-0.1061
SEC22B,-0.14818279610881863,True,2,-0.1692;-0.1271
MLLT10,-0.1481428216981443,True,2,-0.1323;-0.1640
MRPL1,-0.14812392331055885,False,2,0.0004;-0.2966
AAAS,-0.14804493111807904,False,2,0.0098;-0.3059
ANO9,-0.1480244901058529,True,2,-0.2123;-0.0838
ODC1,-0.14797653051581405,True,2,-0.2164;-0.0795
RPAIN,-0.14792838719897394,True,2,-0.2741;-0.0218
FAM102B,-0.1479145983511248,True,2,-0.2226;-0.0733
C1orf35,-0.14785582350374837,False,2,-0.4603;0.1646
ICAM2,-0.14774009254384712,True,2,-0.2888;-0.0066
MBTPS1,-0.1477112281685608,True,2,-0.2639;-0.0315
G2E3,-0.14769879203546343,True,2,-0.0529;-0.2425
EZR,-0.14766943650174857,True,2,-0.2595;-0.0359
CACNA1I,-0.1476085040121064,True,2,-0.1966;-0.0986
COASY,-0.14759356898454146,False,2,-0.3546;0.0595
VPS39,-0.14752750178295676,True,2,-0.2108;-0.0842
NR2C2AP,-0.14739914937763393,True,2,-0.0885;-0.2063
SLC24A1,-0.14739354016232914,True,2,-0.1433;-0.1515
MCMBP,-0.14734416838197067,True,2,-0.1993;-0.0954
IDH3G,-0.147337416274345,True,2,-0.0023;-0.2924
CEP55,-0.14727877472244022,True,2,-0.2206;-0.0740
METTL15,-0.14718327260994507,False,2,0.0953;-0.3897
ERLIN2,-0.14717080521586323,False,2,0.0423;-0.3367
C4orf33,-0.14715581981766862,True,2,-0.1379;-0.1564
HBS1L,-0.14714680757330023,True,1,-0.1471
RBPMS,-0.1471421915906146,True,2,-0.2565;-0.0378
ABAT,-0.14710964273863192,True,2,-0.0207;-0.2735
GLMP,-0.14709393219974237,True,2,-0.1506;-0.1436
UBXN11,-0.14705041062879742,True,2,-0.1244;-0.1697
MRPS27,-0.1470478821931121,True,2,-0.2137;-0.0804
LPO,-0.14700206940831112,True,2,-0.1844;-0.1096
AP3S1,-0.14694754473614213,True,2,-0.1031;-0.1908
CSH1,-0.146874738942668,True,2,-0.2247;-0.0690
SLC9A8,-0.14687156393878303,True,2,-0.1586;-0.1351
HAX1,-0.14686016827818238,False,2,-0.3580;0.0642
KIF13B,-0.14685013656424667,True,2,-0.2173;-0.0764
HSD17B11,-0.1468320148060528,True,2,-0.1983;-0.0953
MAN1A2,-0.1467903098542837,True,2,-0.2209;-0.0727
RBM6,-0.14675743004994157,False,2,-0.3029;0.0093
CCDC18,-0.14673844844682815,True,2,-0.1382;-0.1553
RASA1,-0.14668463434184753,True,2,-0.1814;-0.1119
MRPL21,-0.1466386418100707,True,2,-0.2134;-0.0799
STAT5B,-0.14655050818810433,True,2,-0.2926;-0.0005
ZNF641,-0.14653472621778024,True,2,-0.2301;-0.0630
SERPINA1,-0.14642939675153516,True,2,-0.0933;-0.1996
IRF6,-0.1463335405168658,True,2,-0.1140;-0.1787
RNASEH1,-0.14626888801437204,True,2,-0.1106;-0.1819
DLD,-0.14622746219728683,True,2,-0.2265;-0.0660
RERE,-0.14622297031144388,True,2,-0.1766;-0.1159
RLF,-0.1461788347896441,True,2,-0.2478;-0.0446
LDHB,-0.1460801022906396,True,2,-0.1662;-0.1260
QRSL1,-0.14607767218819157,True,2,-0.1512;-0.1410
RPS3A,-0.14607711702032233,True,1,-0.1461
TRAPPC4,-0.14604806617099142,True,2,-0.1923;-0.0998
NSD1,-0.14600555508075136,True,2,-0.0783;-0.2137
TRAM2,-0.14584351112325955,True,2,-0.2673;-0.0244
B3GALNT2,-0.1458171479990381,True,2,-0.1714;-0.1203
SATB2,-0.14563763086507808,True,2,-0.1346;-0.1566
MAEA,-0.1455792318643233,True,2,-0.1577;-0.1334
B3GALT4,-0.14554259107799306,True,2,-0.1520;-0.1391
ZC2HC1A,-0.14550313958439082,True,2,-0.1775;-0.1135
COA5,-0.14549609296317895,True,2,-0.1629;-0.1281
CYB5D1,-0.14549392253179283,True,2,-0.1083;-0.1827
NDUFS7,-0.14548152756805405,True,2,-0.1403;-0.1507
NPR2,-0.1454734959735089,True,2,-0.2616;-0.0293
TRAPPC8,-0.1452585362067822,False,2,0.0037;-0.2942
TMEM154,-0.14525662252394989,True,2,-0.1313;-0.1592
VSIG1,-0.1451646464192457,True,2,-0.1419;-0.1484
COL5A3,-0.14516208232750333,True,2,-0.0947;-0.1957
ZFP64,-0.14515301525451885,False,2,0.0944;-0.3847
GBX2,-0.14508768148753037,True,2,-0.2112;-0.0790
HIST1H2BJ,-0.14504844553446622,True,2,-0.2101;-0.0800
STRBP,-0.14488492816862397,True,2,-0.0572;-0.2325
NUBPL,-0.14480059700268433,True,2,-0.2445;-0.0451
WASHC4,-0.14477314094386456,True,2,-0.0597;-0.2299
DOCK10,-0.14473254049546486,True,2,-0.1023;-0.1872
TIAL1,-0.14467955351612788,True,2,-0.1198;-0.1695
TNFRSF14,-0.14464258079213688,True,2,-0.2409;-0.0484
CIRBP,-0.1446206726053066,True,2,-0.1903;-0.0989
CPEB1,-0.14461251376319095,True,2,-0.2740;-0.0152
COQ3,-0.14453609403385215,False,2,-0.3996;0.1105
BRMS1L,-0.14448958579837595,True,2,-0.0137;-0.2753
EVC2,-0.14448757651855226,True,2,-0.0645;-0.2245
PARVB,-0.14446908121148028,True,2,-0.2443;-0.0447
CDC123,-0.14439541544456336,True,2,-0.2880;-0.0008
WSB1,-0.14437602140554112,True,2,-0.2078;-0.0809
C8orf37,-0.14427922580250463,False,2,-0.3130;0.0245
PRR3,-0.1442734333280054,True,2,-0.0991;-0.1895
USP3,-0.14414497547543942,True,2,-0.2414;-0.0468
CCL20,-0.14408226601377516,True,2,-0.1391;-0.1490
FZD6,-0.14405644841542564,False,2,-0.3104;0.0223
MPST,-0.1440092706985729,True,2,-0.1081;-0.1799
PSMB2,-0.1439437496097994,True,2,-0.2665;-0.0214
CD14,-0.14388774349654637,True,2,-0.1496;-0.1382
SF1,-0.14386404620730397,True,1,-0.1439
KCNMA1,-0.14380812393606845,False,2,-0.3298;0.0422
ZNF90,-0.14370942931832598,True,2,-0.1632;-0.1242
SRSF11,-0.14370378655751725,False,2,-0.3323;0.0449
PLXDC1,-0.14367032298620808,True,2,-0.1290;-0.1583
HOXC11,-0.1436653339279243,True,2,-0.0635;-0.2238
BCL3,-0.1436569556774635,False,2,-0.3111;0.0238
RBM44,-0.14364145607166412,True,2,-0.2624;-0.0249
MRPL20,-0.14364081222614095,True,2,-0.1424;-0.1448
TCEANC2,-0.14356184204150307,True,2,-0.1044;-0.1828
BCL7C,-0.14356080744162664,True,2,-0.2152;-0.0719
TKT,-0.14355441269629343,False,2,-0.3039;0.0167
PDS5B,-0.14341267462807328,True,2,-0.2053;-0.0815
WHAMM,-0.14337660120236262,True,2,-0.1793;-0.1074
LNPEP,-0.14334270497751983,True,2,-0.0644;-0.2223
CCR1,-0.14331934284761738,False,2,-0.3117;0.0250
ZNF33A,-0.14326540735454868,True,2,-0.1857;-0.1008
ZNF654,-0.14323022330978918,True,2,-0.1368;-0.1496
MED20,-0.14322975467975163,True,1,-0.1432
GPRIN3,-0.1431665480880533,True,2,-0.0096;-0.2767
AIP,-0.14314663196855115,True,2,-0.1611;-0.1252
FAM174A,-0.14306295898791682,True,2,-0.1206;-0.1655
FNBP1,-0.1429871696207321,True,2,-0.1882;-0.0978
ATP6V0E1,-0.14296727461412656,True,2,-0.0704;-0.2156
MRPS26,-0.14295625112609528,True,2,-0.0689;-0.2170
EIF2S3,-0.14279715144111588,True,2,-0.1113;-0.1743
ACBD4,-0.14273757760884836,True,2,-0.2537;-0.0318
DRAM2,-0.14257827063977346,True,2,-0.2210;-0.0642
SELENOF,-0.14254897757117285,True,2,-0.1673;-0.1178
SOCS5,-0.14247002400838443,False,2,0.0603;-0.3452
PTPN12,-0.14241881852534016,True,2,-0.0789;-0.2060
RAB5A,-0.14236939437063117,True,2,-0.2197;-0.0651
CCS,-0.1423134283995785,True,2,-0.2642;-0.0204
RELA,-0.14225665851040165,True,2,-0.0494;-0.2352
PITRM1,-0.142185385042575,True,2,-0.1049;-0.1795
ORAI2,-0.14217773378581627,True,2,-0.0791;-0.2053
ANHX,-0.14216835799639638,True,2,-0.1619;-0.1224
RIPK2,-0.14216445614124468,True,2,-0.1479;-0.1364
ARHGEF3,-0.14193876349976942,True,2,-0.0770;-0.2069
TMEM169,-0.1418925055285606,True,2,-0.0115;-0.2723
ITIH4,-0.1418867287663353,True,2,-0.1267;-0.1571
TUBE1,-0.1418836192559561,True,2,-0.2521;-0.0317
FOXR1,-0.14180409717895492,True,2,-0.2787;-0.0049
MRS2,-0.14154726483374008,True,2,-0.1812;-0.1019
EVL,-0.14154568533827383,True,2,-0.1863;-0.0968
WDR26,-0.14153218771879045,True,2,-0.2000;-0.0830
STK3,-0.1415004820689707,True,2,-0.0843;-0.1987
IFNGR1,-0.14146874514045527,True,2,-0.0543;-0.2286
CLP1,-0.14139501117468778,True,2,-0.1455;-0.1373
TRAPPC2L,-0.1413674433112524,True,2,-0.2162;-0.0665
DPH5,-0.14127463796293876,True,2,-0.1168;-0.1657
EPB41,-0.14126444597991206,True,2,-0.0934;-0.1891
NAA20,-0.1412544271839612,True,2,-0.2822;-0.0003
AGPAT2,-0.1411872982740383,True,2,-0.0356;-0.2467
HOXC12,-0.1411858903499953,True,2,-0.2737;-0.0087
ZNF57,-0.1411447367878898,True,2,-0.1381;-0.1442
CARF,-0.14112427104401237,True,1,-0.1411
BEX3,-0.14106771057454948,False,2,-0.2951;0.0130
ZNF280A,-0.14094651686445508,True,2,-0.1191;-0.1628
HYOU1,-0.14094053187504063,False,2,-0.2929;0.0110
TIPIN,-0.14093873294714315,True,2,-0.1514;-0.1305
DNAJB2,-0.14083139847613463,True,2,-0.0890;-0.1926
HLX,-0.14078606642636776,True,2,-0.0817;-0.1999
SHISA2,-0.1407809363210199,True,2,-0.0804;-0.2012
ZBTB17,-0.14074314794831144,False,2,-0.3071;0.0257
UBE2J2,-0.14070755559608733,True,2,-0.1365;-0.1450
RASA2,-0.14060162211068777,True,2,-0.0656;-0.2156
C1orf122,-0.14059599134092043,True,2,-0.2071;-0.0741
MCF2L2,-0.1404378959962208,True,2,-0.2172;-0.0637
ZNF326,-0.14028412898727272,True,2,-0.1048;-0.1757
SLC38A6,-0.14027356566537375,False,2,-0.3040;0.0234
LHX5,-0.14026701415000686,True,2,-0.2654;-0.0152
OSBP2,-0.14025406274638702,True,2,-0.1775;-0.1030
LEMD3,-0.14024463607791166,True,2,-0.1824;-0.0981
HEY1,-0.14024306154635208,True,2,-0.1050;-0.1754
DNAJB6,-0.14022418391380542,True,2,-0.0151;-0.2653
OTUB2,-0.14020479737287278,True,2,-0.2503;-0.0301
CORO1C,-0.14005541261396093,True,2,-0.1035;-0.1767
VPS54,-0.13999668315449926,True,2,-0.2070;-0.0730
IFNAR1,-0.13991208128743882,True,2,-0.0542;-0.2256
RPUSD4,-0.13989213138787815,True,2,-0.1099;-0.1699
MRPL9,-0.1398861001068889,True,2,-0.1898;-0.0900
FOXJ1,-0.1398848572072301,True,2,-0.1881;-0.0917
UBE2N,-0.13987827645372286,True,2,-0.2519;-0.0279
ATF1,-0.13980474592068942,False,2,0.0233;-0.3029
GBE1,-0.13978009238443673,True,2,-0.1765;-0.1031
DENND3,-0.139769797517712,True,2,-0.1455;-0.1341
EXOC7,-0.1397242645417215,True,2,-0.0807;-0.1987
ZNF627,-0.13969645172555922,True,2,-0.2749;-0.0045
TBC1D25,-0.13967837152844198,True,2,-0.1192;-0.1602
CAMK2D,-0.1395928391924829,True,2,-0.1492;-0.1300
SH2D4A,-0.13958175523641508,True,2,-0.1697;-0.1094
EID2,-0.13958042090345452,True,2,-0.0620;-0.2171
TMEM170B,-0.1395214685828638,True,2,-0.1017;-0.1773
KRT19,-0.13950944967210133,True,2,-0.1558;-0.1232
RBMX2,-0.13949756055191587,True,2,-0.0088;-0.2702
ANO8,-0.1394905031169985,True,2,-0.1420;-0.1370
TNFAIP8,-0.13948773041218876,True,2,-0.0902;-0.1887
NMI,-0.13946591011811293,True,2,-0.1419;-0.1370
TRUB1,-0.1394199302774325,True,2,-0.1422;-0.1366
WDR54,-0.13933074502362602,True,2,-0.1792;-0.0994
COX7B,-0.13918927262129388,True,2,-0.1263;-0.1521
NKX2-3,-0.13915595338132902,True,2,-0.0439;-0.2344
PTCRA,-0.1391461936829888,True,2,-0.0911;-0.1871
IFT43,-0.13912892188755172,True,2,-0.2259;-0.0524
BEGAIN,-0.13905242083660718,True,2,-0.0493;-0.2288
KLF10,-0.13897898558261057,True,2,-0.0603;-0.2177
CBX6,-0.13896385763023172,True,2,-0.1031;-0.1749
RAB22A,-0.13894500661990639,False,2,-0.3468;0.0690
WDR61,-0.13892064849707336,True,2,-0.0539;-0.2239
GADD45A,-0.13891327272949627,False,2,-0.2961;0.0183
ZNF747,-0.13889832505468924,True,2,-0.0960;-0.1818
FAM43A,-0.13886478479695402,True,2,-0.1052;-0.1725
MARCH8,-0.13885567653783348,True,2,-0.0993;-0.1784
CCL3,-0.1388547085615473,True,2,-0.1234;-0.1543
MIA2,-0.13884512788426673,False,2,-0.2815;0.0038
HIST1H2AC,-0.13877939284809226,True,2,-0.1161;-0.1614
ZIC1,-0.13873340416910762,True,2,-0.1928;-0.0846
MSTO1,-0.1387278221397819,True,2,-0.1052;-0.1722
TWSG1,-0.13867724879671695,True,2,-0.2773;-0.0001
NEMP2,-0.13847069226922926,True,2,-0.2122;-0.0647
OSCAR,-0.1384339573091447,True,2,-0.2057;-0.0712
ZBTB33,-0.13837892625491383,True,2,-0.2190;-0.0578
PIGM,-0.13836690956346054,True,2,-0.1047;-0.1720
TEX22,-0.13830348121130792,True,2,-0.0273;-0.2493
DLX4,-0.13824794786369626,True,2,-0.2272;-0.0493
VILL,-0.13822064017033253,True,2,-0.1831;-0.0934
PRKRA,-0.13819152209909485,True,2,-0.1618;-0.1146
CXorf57,-0.13817419175727885,True,2,-0.2547;-0.0216
SLC29A3,-0.13811878016506063,True,2,-0.2635;-0.0128
NDUFB11,-0.1380974428361495,True,2,-0.1803;-0.0959
RRAGC,-0.13802776895646823,True,2,-0.0425;-0.2335
TBX2,-0.13799346431669685,True,2,-0.1139;-0.1621
NCOA3,-0.13799085719753607,True,2,-0.1910;-0.0850
FBXL19,-0.13793000998052368,True,2,-0.0185;-0.2573
MYOD1,-0.13789720035698955,True,2,-0.0168;-0.2590
HS3ST3B1,-0.13782377332226825,True,2,-0.1670;-0.1086
MTX1,-0.1377768257293488,False,2,-0.3380;0.0624
KIAA1143,-0.1377695985671985,False,2,-0.3467;0.0712
RAVER1,-0.13776139564170253,True,2,-0.2432;-0.0323
BRD1,-0.13775654717995334,False,2,-0.3219;0.0464
GALE,-0.13772530926264953,True,2,-0.1599;-0.1156
ARMC10,-0.13772108987555748,True,2,-0.0808;-0.1946
NAP1L1,-0.13771629178578726,True,2,-0.2521;-0.0233
TFAP2E,-0.13760148556150403,False,2,0.0065;-0.2817
STAT5A,-0.13756574085319417,False,2,-0.3310;0.0559
SCLY,-0.13756319860340582,True,2,-0.0683;-0.2068
LY6G6F,-0.1375224971068434,True,2,-0.1884;-0.0867
CA6,-0.13737117514810504,False,2,-0.4317;0.1570
TRAIP,-0.13731356872908262,True,1,-0.1373
PIGB,-0.13730729731021624,True,2,-0.0975;-0.1771
KDM2B,-0.13726040382423838,True,2,-0.1317;-0.1428
S100PBP,-0.13722214220087747,True,2,-0.1602;-0.1143
RBM3,-0.13719326848047453,True,2,-0.1452;-0.1292
GSTZ1,-0.13718098757450803,True,2,-0.1471;-0.1272
S100A10,-0.13716691384379942,True,2,-0.1041;-0.1702
TAX1BP1,-0.13711062441282745,True,2,-0.1815;-0.0927
VHL,-0.1370883306006329,True,2,-0.1359;-0.1383
MAPRE1,-0.13707066649397992,True,2,-0.1074;-0.1668
FOXK1,-0.13706991235005395,True,2,-0.1313;-0.1428
PNMA5,-0.13705208277191488,True,2,-0.0999;-0.1742
RAB29,-0.13702321609215268,True,2,-0.1848;-0.0893
SCARB2,-0.13701239746060773,True,2,-0.0934;-0.1806
DAPK3,-0.13696004880044027,True,2,-0.1314;-0.1425
SHCBP1,-0.1369510149074069,True,2,-0.0557;-0.2182
ZNF879,-0.13694828961841765,True,2,-0.2589;-0.0150
SELENOI,-0.13694747349757014,False,2,0.0343;-0.3082
UQCRC2,-0.1369319585837609,True,2,-0.1360;-0.1379
MTRR,-0.13688526846603066,False,2,-0.2765;0.0028
FAM20B,-0.13687920082106902,True,2,-0.0503;-0.2235
GIGYF1,-0.13683324527553709,True,2,-0.1427;-0.1310
DCXR,-0.13682867494856288,True,2,-0.1937;-0.0799
RGS1,-0.13677432162493797,True,2,-0.0935;-0.1801
EXOC8,-0.13676875204130368,True,1,-0.1368
SYNCRIP,-0.1367395563172994,False,2,-0.3359;0.0624
CRIPT,-0.13663311269732437,True,2,-0.1598;-0.1135
SLC5A3,-0.1365581493268222,True,2,-0.2480;-0.0251
PTGR2,-0.13644784414360606,True,2,-0.1920;-0.0809
KCNJ1,-0.13641353699384662,True,2,-0.1138;-0.1591
NOD1,-0.13639827348042188,True,2,-0.1347;-0.1381
GIN1,-0.13632276581389025,True,2,-0.1793;-0.0933
TP53I11,-0.13629476669116797,True,2,-0.0887;-0.1839
CD40,-0.13622625673760352,True,2,-0.1048;-0.1676
STK17A,-0.13622468187081266,True,2,-0.1511;-0.1213
ZBTB6,-0.13615077085757854,False,2,-0.3169;0.0446
MTERF3,-0.13608509750865527,False,2,0.0110;-0.2832
EPHA1,-0.1360620844860263,True,2,-0.1726;-0.0995
RAB9A,-0.1360086925020938,True,2,-0.2714;-0.0006
C16orf70,-0.13599179603099687,True,2,-0.1839;-0.0881
C5AR1,-0.13598681385318662,True,2,-0.2176;-0.0544
CHMP2B,-0.13586676098474199,True,2,-0.1034;-0.1683
STK17B,-0.13579067632375497,True,2,-0.1059;-0.1657
PLK4,-0.1356869520414168,False,2,-0.6443;0.3729
FARSA,-0.1356767530735632,True,2,-0.2499;-0.0215
ZNF169,-0.13556383198678956,True,2,-0.1002;-0.1710
IER3IP1,-0.13554846054572683,True,2,-0.2164;-0.0547
MIER2,-0.13553725503397873,True,2,-0.1261;-0.1450
GHITM,-0.13548959002753602,True,2,-0.0969;-0.1740
BFAR,-0.13544145479464476,True,2,-0.0140;-0.2569
RBBP6,-0.13540966921105324,False,2,-0.3347;0.0639
MMS22L,-0.13539409034956573,True,2,-0.0772;-0.1936
XRN1,-0.1353248821548384,True,2,-0.1979;-0.0728
TMEM248,-0.13519776567919972,True,2,-0.1102;-0.1602
RASGRP4,-0.13515980850184628,True,2,-0.1773;-0.0930
CYTH4,-0.13511754141218008,True,2,-0.0961;-0.1742
RICTOR,-0.1351107347024021,True,2,-0.0892;-0.1810
COQ9,-0.1350760553142103,True,2,-0.0618;-0.2084
EXO5,-0.1350642218210245,False,2,0.0046;-0.2747
MECR,-0.13503800179315545,True,2,-0.1391;-0.1310
ADARB1,-0.13503357874456973,True,2,-0.1171;-0.1529
BRWD3,-0.1350334694873595,True,2,-0.2197;-0.0504
SBNO1,-0.13503326666999504,True,2,-0.0958;-0.1743
RAC3,-0.1350008320376596,True,2,-0.0673;-0.2027
NR2C1,-0.13496056505050946,True,2,-0.2220;-0.0479
SEMA7A,-0.13493940029887308,True,2,-0.2123;-0.0576
RNPC3,-0.13492278287068482,True,2,-0.1687;-0.1011
RAB6B,-0.13491960058121538,True,2,-0.0758;-0.1940
GALNT6,-0.13489736248210504,True,2,-0.1945;-0.0753
RAB21,-0.134859530485487,True,2,-0.1774;-0.0923
CXCR3,-0.1348566854830932,True,2,-0.0463;-0.2234
UNC13D,-0.13481908364223522,True,2,-0.0464;-0.2232
PHGR1,-0.13477095216061813,True,2,-0.1257;-0.1438
CHM,-0.13476924386437805,True,2,-0.1738;-0.0957
TSC22D3,-0.1345483123864577,True,2,-0.1681;-0.1010
TROAP,-0.13454753181958623,True,2,-0.1114;-0.1577
ANKS1A,-0.13444456350160533,True,2,-0.2252;-0.0437
SPDEF,-0.1344207065218968,True,2,-0.0259;-0.2429
MED13L,-0.1343959163707495,True,2,-0.0380;-0.2308
RCL1,-0.13439034149958123,False,2,0.0945;-0.3633
MRPS30,-0.13433749400719341,True,2,-0.1417;-0.1270
F12,-0.134294910492107,True,2,-0.2196;-0.0490
SOD1,-0.13425326523966907,True,1,-0.1343
IL23A,-0.13424655075707043,True,2,-0.1075;-0.1610
CFAP410,-0.13418822056134483,True,2,-0.0528;-0.2156
TAGAP,-0.13413911242319387,True,2,-0.0735;-0.1948
AZI2,-0.13412116364825816,True,2,-0.0299;-0.2383
OTUD7A,-0.13411054868185268,True,2,-0.1165;-0.1517
BAIAP3,-0.1340647565340416,True,2,-0.1128;-0.1553
HTRA2,-0.13398806727329715,True,2,-0.1253;-0.1427
FAM89A,-0.13391889398624568,True,2,-0.0831;-0.1847
SEC14L2,-0.13385822415239224,False,2,-0.3248;0.0570
CSDE1,-0.13384015812571204,True,2,-0.1668;-0.1008
GPAM,-0.13379981459028922,True,2,-0.1997;-0.0679
ETV4,-0.13358114560336354,False,2,-0.2999;0.0327
RSU1,-0.13357981297233912,True,2,-0.0634;-0.2037
FANCL,-0.13357724542598104,False,2,-0.2728;0.0057
MUC16,-0.13354191851699448,True,2,-0.1409;-0.1262
ELMOD2,-0.13343892672428426,True,2,-0.0138;-0.2531
PPP2R1B,-0.13343052485445522,True,2,-0.1335;-0.1334
RPA1,-0.13339470910276674,True,1,-0.1334
NXT1,-0.13334979849945716,True,2,-0.1319;-0.1348
FBXO28,-0.1333060895970437,True,2,-0.2026;-0.0641
ANAPC16,-0.13328084634308424,True,2,-0.2385;-0.0281
ZNF329,-0.1332717494720197,True,2,-0.1763;-0.0902
ZG16,-0.13327109659565267,True,2,-0.1391;-0.1275
RFX3,-0.13326525391448818,True,2,-0.1039;-0.1626
ZNF300,-0.1332542945313695,True,2,-0.0171;-0.2494
TRPT1,-0.13317361778660308,True,2,-0.0700;-0.1964
NSFL1C,-0.13315192587621538,True,2,-0.1486;-0.1177
KIAA0408,-0.13313517212484854,True,2,-0.1563;-0.1100
ZNF584,-0.13312427969909285,True,2,-0.1512;-0.1150
UQCRH,-0.1331109773691374,True,2,-0.1604;-0.1058
RNF167,-0.1330989970438014,True,2,-0.0770;-0.1892
BCAP31,-0.13303469951205976,True,2,-0.0637;-0.2023
MRPS21,-0.13296765744809858,True,2,-0.0723;-0.1936
NEK11,-0.13290334271277615,True,2,-0.1302;-0.1356
ICAM1,-0.13288727603974843,True,2,-0.1398;-0.1260
SPATA13,-0.13288156086010233,True,2,-0.0562;-0.2096
FOXP4,-0.13285912941327022,True,2,-0.1377;-0.1280
MADD,-0.13269453083029265,True,2,-0.1452;-0.1202
NDOR1,-0.1326561240811016,False,2,-0.3040;0.0387
KCNN4,-0.1326350754782702,True,2,-0.0455;-0.2198
C5orf30,-0.13257661079178817,True,2,-0.1900;-0.0751
MRPL45,-0.1325695573276352,True,2,-0.1214;-0.1438
SCOC,-0.1325544656181999,True,2,-0.0558;-0.2094
ZNF512,-0.13253354783463706,True,2,-0.0659;-0.1992
MLST8,-0.13250258990471903,True,2,-0.1047;-0.1603
NFRKB,-0.1324625207865267,True,2,-0.2004;-0.0645
RB1CC1,-0.13241742948812424,False,2,0.0307;-0.2955
EPB41L3,-0.13233508631094454,True,2,-0.0051;-0.2596
NKG7,-0.13230954260651484,True,2,-0.0849;-0.1798
FAAP100,-0.13183513856454432,True,2,-0.2393;-0.0243
TRIP6,-0.13182709166337658,True,2,-0.1759;-0.0877
PRKAB2,-0.13178846405127204,True,2,-0.1444;-0.1191
COL1A1,-0.13177123731157225,True,2,-0.0608;-0.2027
ABCC5,-0.13177068093549982,True,2,-0.1151;-0.1484
JKAMP,-0.13173523108019358,True,2,-0.1639;-0.0995
LZIC,-0.13165990252728277,False,2,-0.3455;0.0822
MKX,-0.1315931107885674,True,2,-0.1825;-0.0807
EPS8,-0.13157541283660124,False,2,-0.2854;0.0222
AP5M1,-0.13155034687641387,True,2,-0.0740;-0.1891
CTCF,-0.13148974961890203,True,2,-0.2073;-0.0557
GTF2I,-0.13143005374415528,True,2,-0.1651;-0.0977
DCUN1D3,-0.1314108768903003,True,2,-0.2503;-0.0125
STK24,-0.13139917712516902,True,2,-0.1966;-0.0662
PYROXD1,-0.13139849612819265,True,2,-0.2338;-0.0290
TMEM187,-0.13139804615512518,True,2,-0.1512;-0.1116
TMEM164,-0.13139802142462953,False,2,-0.2659;0.0031
SNX33,-0.13137103480463275,True,2,-0.1792;-0.0835
SNX27,-0.13131395925442974,True,2,-0.2158;-0.0469
DHX29,-0.13122693647356753,False,2,0.0376;-0.3001
STRIP2,-0.1312121813918053,True,2,-0.1918;-0.0706
C1orf50,-0.13120478074591124,True,2,-0.0382;-0.2242
RXRG,-0.1311664426301119,False,2,-0.3891;0.1267
DAGLB,-0.13115879085417032,True,2,-0.1194;-0.1429
PLEKHM2,-0.1311189920146173,True,2,-0.2408;-0.0214
ZMYM3,-0.13109831574289232,True,2,-0.2407;-0.0215
HDX,-0.13102992915446465,True,2,-0.1200;-0.1420
SP2,-0.1310294599149131,True,2,-0.1616;-0.1004
ZNF318,-0.13099197508077148,True,2,-0.0005;-0.2615
RPL21,-0.1309543220548528,True,1,-0.1310
POMT1,-0.13092015689873054,True,2,-0.0274;-0.2344
RABGGTA,-0.13091706426955252,True,1,-0.1309
MS4A7,-0.13090286822463432,True,2,-0.1829;-0.0789
SAP25,-0.13089237582971736,True,2,-0.0360;-0.2258
EXT1,-0.13084943112511926,False,2,-0.2986;0.0369
UBE2A,-0.13080762053070105,True,2,-0.1976;-0.0640
RGS19,-0.13079279950665879,True,2,-0.1895;-0.0721
TMEM79,-0.13078171441355618,True,2,-0.0024;-0.2592
DNAJB11,-0.13071313348912267,True,2,-0.1875;-0.0739
FXR2,-0.13070583764620702,True,2,-0.2343;-0.0271
G0S2,-0.13070127327981962,True,2,-0.1280;-0.1334
YIPF6,-0.13067307934724715,True,2,-0.1968;-0.0645
AP3B1,-0.13060669171035988,True,2,-0.2064;-0.0548
USP32,-0.13060205063070057,True,2,-0.1698;-0.0914
MEGF6,-0.13056787598580938,True,2,-0.0469;-0.2142
P4HA2,-0.13052938021990224,True,2,-0.1288;-0.1323
ARHGAP31,-0.13050882081015114,True,2,-0.0930;-0.1681
RRAGD,-0.13047023971281663,True,2,-0.2285;-0.0324
LILRB3,-0.1304217688616804,True,2,-0.1138;-0.1470
G3BP1,-0.13041721338709322,True,2,-0.0293;-0.2315
GNB1L,-0.1303882047339024,True,2,-0.0246;-0.2361
MTMR6,-0.1303863250789884,True,2,-0.0457;-0.2150
GANAB,-0.13032266407506338,True,2,-0.1516;-0.1090
MAST4,-0.1303134893612709,True,2,-0.1784;-0.0822
TPR,-0.1302409619169292,True,2,-0.1635;-0.0970
SEMA6C,-0.13023160639786696,True,2,-0.1196;-0.1408
HCLS1,-0.13015965188564588,True,2,-0.0704;-0.1899
FAM126A,-0.13014263239489687,True,2,-0.2177;-0.0426
RCN1,-0.13013981608640773,True,2,-0.1006;-0.1596
MGAT1,-0.13006463868139206,True,2,-0.1427;-0.1174
LCN2,-0.13006072592557838,True,2,-0.2171;-0.0430
SLC26A4,-0.1300237684533792,True,2,-0.1404;-0.1197
TCEA2,-0.1299981212420664,True,2,-0.1245;-0.1355
APPBP2,-0.12995865262798983,False,2,0.0028;-0.2627
XXYLT1,-0.12995165693197475,True,2,-0.2390;-0.0209
E2F1,-0.1299320407924548,False,2,-0.3686;0.1087
ZNF48,-0.12981340594497454,True,2,-0.1081;-0.1515
CDK5RAP1,-0.12967480554131433,True,2,-0.1925;-0.0668
LRCH4,-0.1296150740183638,False,2,0.0416;-0.3008
SLC17A1,-0.1295878076732943,True,2,-0.1377;-0.1215
KRT18,-0.12956774247208797,True,2,-0.2257;-0.0335
ECI2,-0.12955788646559524,True,2,-0.2282;-0.0309
TUBB6,-0.12954944339819446,True,2,-0.0304;-0.2287
PANK4,-0.12950794783701658,False,2,-0.2784;0.0194
TPP1,-0.12949272842175819,False,2,-0.2846;0.0256
AGR2,-0.12947814471107955,True,2,-0.2406;-0.0184
DDX18,-0.12942615635039628,False,2,-0.6610;0.4022
HIP1R,-0.12929950648518507,True,2,-0.1293;-0.1293
C1D,-0.12927923348296777,True,2,-0.1399;-0.1187
ATG16L2,-0.12927563070334452,True,2,-0.1981;-0.0604
MORF4L2,-0.12927247200301534,True,2,-0.1303;-0.1283
CYBA,-0.1292609706873838,True,2,-0.1073;-0.1512
P4HTM,-0.12919191649067135,True,2,-0.1824;-0.0760
TPP2,-0.1291860814738146,True,2,-0.1539;-0.1045
FOSL1,-0.129170362588316,True,2,-0.1545;-0.1038
CDK20,-0.1290177243441315,False,2,-0.3022;0.0441
TENM4,-0.128951086298286,True,2,-0.1868;-0.0711
PGLS,-0.1288932753857055,True,2,-0.1268;-0.1310
LRRC27,-0.1288849115220066,True,2,-0.2045;-0.0533
TRMU,-0.12884501166834067,True,2,-0.0776;-0.1801
APAF1,-0.12881039996904464,True,2,-0.0785;-0.1791
ERP44,-0.1287778518034276,True,2,-0.1892;-0.0683
AK1,-0.12870018823720836,True,2,-0.1878;-0.0696
HIST1H4L,-0.1286908484850139,False,2,-0.2647;0.0073
PPP3CA,-0.128678496515363,True,2,-0.1557;-0.1016
CCDC127,-0.12866017081075187,True,2,-0.1148;-0.1425
CD27,-0.12861401001086048,False,2,-0.2723;0.0150
MSL1,-0.1285638283518451,True,2,-0.1639;-0.0932
AKAP7,-0.12853330260415596,True,2,-0.0795;-0.1776
SHQ1,-0.12847229554505496,False,2,0.0662;-0.3231
POGLUT1,-0.12847010892474658,False,2,0.0430;-0.2999
MDK,-0.12845711576122687,True,2,-0.1941;-0.0628
TMBIM6,-0.12834164233257528,True,2,-0.0534;-0.2032
WIPI1,-0.12824178751346688,True,2,-0.1381;-0.1184
AMIGO1,-0.1282132870969535,True,2,-0.2118;-0.0447
PRSS53,-0.12821113277165042,True,2,-0.0043;-0.2521
SMTNL1,-0.12820329572342115,True,2,-0.1174;-0.1390
CENPS,-0.12814577568807867,True,2,-0.1654;-0.0909
FDCSP,-0.12814473118241515,True,2,-0.1037;-0.1526
CGGBP1,-0.12811590035622317,True,2,-0.0907;-0.1656
PXN,-0.1280598118489804,True,2,-0.0510;-0.2052
FUT10,-0.1280469667754084,True,2,-0.1268;-0.1293
CEP97,-0.12804161858967644,True,2,-0.1152;-0.1409
NME2,-0.1279881525689116,True,2,-0.1984;-0.0575
TTC31,-0.12796944862297144,True,2,-0.1526;-0.1033
CXCL3,-0.127921165468748,True,2,-0.0558;-0.2001
SCAMP1,-0.1278920508403178,True,2,-0.0894;-0.1664
KMT5B,-0.1278347801339592,True,2,-0.1274;-0.1283
NLN,-0.1278071870356095,True,2,-0.0880;-0.1676
LRRC46,-0.12777113975637316,True,2,-0.0998;-0.1557
CLK1,-0.12764550156372273,True,2,-0.0978;-0.1575
SMCR8,-0.12764485188813685,True,2,-0.0654;-0.1899
NOXA1,-0.12760687966289752,True,2,-0.1442;-0.1110
IFT46,-0.12758037331318262,False,2,0.0521;-0.3073
DPH2,-0.1275758456657448,True,2,-0.1570;-0.0981
SH3GL1,-0.12744860076387693,True,2,-0.0752;-0.1797
GVQW3,-0.1274296768788657,True,2,-0.0637;-0.1912
USP31,-0.12740611877312563,True,2,-0.1178;-0.1370
TTF2,-0.12740498360254254,True,2,-0.1734;-0.0814
BPIFA2,-0.1274048801703283,True,2,-0.1241;-0.1307
RNFT2,-0.12740409042069262,True,2,-0.1397;-0.1151
PRKG2,-0.12728438110220652,False,2,-0.3595;0.1049
SOX17,-0.12716100526717689,True,2,-0.1600;-0.0943
KCNH4,-0.12707826029772257,True,2,-0.1983;-0.0559
BOLA1,-0.12707500826190415,True,2,-0.1582;-0.0959
VPS45,-0.12704285755194777,False,2,-0.3878;0.1337
GTF3C3,-0.1268777339930362,True,2,-0.2212;-0.0326
STT3A,-0.12687120424903925,True,2,-0.1130;-0.1408
N4BP1,-0.1268139829456308,True,2,-0.1320;-0.1216
PTK2,-0.1267660376174351,True,2,-0.1603;-0.0933
AMOT,-0.1267648227067471,True,2,-0.1097;-0.1438
ARMCX2,-0.1266522073243288,True,2,-0.0858;-0.1675
LSS,-0.1266429031117028,True,2,-0.1511;-0.1022
CYP1B1,-0.12662754297155226,True,2,-0.1777;-0.0756
LRRC8C,-0.12661144953719622,True,2,-0.1564;-0.0968
TP63,-0.12659141762807552,True,2,-0.0852;-0.1680
ATOX1,-0.12657972277716312,True,2,-0.1760;-0.0772
DENND1A,-0.1265345125606519,True,2,-0.0207;-0.2324
APRT,-0.1265249575298144,False,2,-0.2871;0.0340
NFKBIL1,-0.12651260659693914,True,2,-0.2062;-0.0469
PRB1,-0.12650983056477932,True,2,-0.1786;-0.0744
PIGU,-0.12649018054536398,True,2,-0.1312;-0.1217
ELP2,-0.12648887860998964,True,2,-0.1517;-0.1013
ASNSD1,-0.12646752405204414,True,2,-0.0278;-0.2251
QPRT,-0.12646178864514124,True,2,-0.1231;-0.1299
DDB2,-0.12638230069276196,True,2,-0.1337;-0.1191
ALKBH3,-0.1263130450506929,True,2,-0.1801;-0.0726
CNOT6,-0.12622849790421625,True,2,-0.1571;-0.0954
KLHL15,-0.1261468069105589,False,2,0.0448;-0.2971
SUV39H1,-0.12608237465542033,True,2,-0.0692;-0.1830
C18orf32,-0.12600529740104777,True,2,-0.1842;-0.0678
API5,-0.12597120139236384,True,2,-0.1821;-0.0698
MFSD5,-0.12596050402135184,True,2,-0.2263;-0.0256
HERC2,-0.12594816488375954,False,2,0.0091;-0.2610
MORN4,-0.12592155145162182,True,2,-0.1497;-0.1022
SPAG1,-0.12588460121328476,True,2,-0.1948;-0.0569
NAA38,-0.12586321026674568,True,2,-0.1580;-0.0937
CRLS1,-0.12584266439343184,True,2,-0.0617;-0.1900
TIMM13,-0.12579894145261006,True,2,-0.1372;-0.1144
THAP3,-0.1257819800742821,True,2,-0.1113;-0.1403
AIM2,-0.12575230122583575,True,2,-0.0798;-0.1718
GATA4,-0.12573876043205212,False,2,-0.4749;0.2235
TSPAN17,-0.12572768171943877,True,2,-0.1945;-0.0569
STC2,-0.12571531353481413,True,2,-0.0864;-0.1651
CYB5B,-0.12568855758425945,True,2,-0.0647;-0.1866
MAGEE1,-0.12568660435709145,False,2,-0.2534;0.0020
ZNF7,-0.1256158333154409,True,2,-0.0881;-0.1631
HACL1,-0.12560033970378437,True,2,-0.0530;-0.1982
WDFY2,-0.12557142684586442,True,2,-0.0931;-0.1581
NANP,-0.12551991543256857,True,2,-0.0900;-0.1610
PTGIS,-0.12545475645230586,False,2,-0.2725;0.0215
ZNF622,-0.12537158834087248,False,2,-0.2629;0.0122
DEPDC5,-0.12534428237177792,True,2,-0.1981;-0.0526
NUP98,-0.12528396240296824,True,1,-0.1253
ATP6V1E1,-0.12525133203432104,False,2,-0.2916;0.0411
RBM8A,-0.12516151412178422,True,1,-0.1252
TNFAIP2,-0.12514532054947342,True,2,-0.1472;-0.1030
RREB1,-0.12513614494427044,False,2,0.0223;-0.2726
NTRK3,-0.12511467538676252,True,2,-0.1844;-0.0658
ARL8B,-0.12509878463616414,True,2,-0.1339;-0.1163
DCUN1D1,-0.12509756691920504,True,2,-0.1257;-0.1245
ATXN7L2,-0.12506148048576543,True,2,-0.1315;-0.1187
PRSS21,-0.1250431560162889,True,2,-0.1013;-0.1488
ANXA2R,-0.12502700950019785,True,2,-0.1541;-0.0959
AGRN,-0.12498384550780711,True,2,-0.1046;-0.1453
MAP3K1,-0.1249720990012087,True,2,-0.1981;-0.0518
TCF20,-0.12494683727663064,True,2,-0.0565;-0.1934
MYDGF,-0.12492665915056672,True,2,-0.2118;-0.0381
ALS2,-0.1249248864254276,True,2,-0.2143;-0.0356
B4GALT2,-0.12492085112259677,False,2,0.0587;-0.3085
TPRKB,-0.12484778387236195,True,2,-0.2389;-0.0107
DBF4,-0.12480344861776949,True,2,-0.1795;-0.0701
BCOR,-0.12479288189713661,True,2,-0.0950;-0.1546
FRA10AC1,-0.12478155440424427,True,2,-0.0674;-0.1822
KSR1,-0.12475399784259228,True,2,-0.0654;-0.1841
IL4R,-0.12473453839077764,True,2,-0.1701;-0.0793
ARID5A,-0.12473415754999395,True,2,-0.1727;-0.0767
SMIM22,-0.12472085902408492,True,2,-0.0425;-0.2069
MBLAC2,-0.12467115430586012,True,2,-0.0136;-0.2357
SHANK2,-0.12466471723930478,True,2,-0.1277;-0.1216
SCGB3A2,-0.12462821018003872,True,2,-0.1026;-0.1467
CD69,-0.12460192966318634,True,2,-0.0966;-0.1526
CDCA7L,-0.12453519134590463,False,2,-0.3406;0.0915
MRPL14,-0.12447813217762937,True,2,-0.1807;-0.0682
ARAP1,-0.1244752865068528,True,2,-0.1504;-0.0985
ICAM3,-0.12446274133204605,True,2,-0.1045;-0.1444
COPG2,-0.1244611055852538,True,2,-0.1325;-0.1164
HECTD1,-0.12443600672211297,True,2,-0.0373;-0.2116
ATG7,-0.12443150215214793,True,2,-0.0472;-0.2016
MAP3K5,-0.12441950893188264,False,2,0.0200;-0.2689
MPDU1,-0.12439643840752712,True,1,-0.1244
PROSER1,-0.12438945503406595,True,2,-0.2161;-0.0327
PBX4,-0.12438685319151227,True,2,-0.1225;-0.1263
RNF216,-0.12438565660689849,True,2,-0.2278;-0.0209
RAB6A,-0.1243660221867765,True,1,-0.1244
S100A4,-0.12432869681013697,True,2,-0.1785;-0.0702
TMEM59,-0.12423418693265564,True,2,-0.1404;-0.1081
MRPL33,-0.12419836585200184,False,2,-0.2922;0.0438
STYX,-0.12417322091035948,True,2,-0.0907;-0.1577
SKAP1,-0.12416192756042244,True,2,-0.2325;-0.0158
SLC38A9,-0.12407458208220767,False,2,-0.2987;0.0506
RCN3,-0.12399989244588205,True,2,-0.2346;-0.0134
FBXL15,-0.12398559360390843,True,2,-0.1861;-0.0618
PLTP,-0.1239849649908803,True,2,-0.1792;-0.0688
ZBED5,-0.12392826371851279,True,2,-0.0830;-0.1648
ANXA7,-0.1239140956302428,True,2,-0.1409;-0.1069
UBE2D1,-0.12388927319482623,True,2,-0.1400;-0.1078
MYCL,-0.12388901586326528,True,2,-0.1178;-0.1300
MUM1,-0.12384830995888191,True,2,-0.1678;-0.0799
AKR1A1,-0.12381441710796603,True,2,-0.1072;-0.1405
NDUFA9,-0.12379143749431509,True,2,-0.0932;-0.1544
JMJD4,-0.12372164909952871,True,2,-0.1129;-0.1345
ZNF689,-0.12371063795579595,True,2,-0.0725;-0.1750
NMT1,-0.12370806569070425,True,2,-0.2166;-0.0308
ARPC3,-0.12365801020774586,True,2,-0.1859;-0.0614
MKNK2,-0.12365072422893042,True,2,-0.2266;-0.0207
GLTP,-0.1236048701879145,True,2,-0.1191;-0.1281
LHX9,-0.12360134953233415,False,2,-0.2585;0.0113
THEM6,-0.12350231198757045,True,2,-0.1436;-0.1034
H3F3B,-0.12346515017917148,True,2,-0.1116;-0.1353
AFDN,-0.12341969793951774,True,2,-0.0281;-0.2187
KCNJ14,-0.12341774483771761,True,2,-0.1928;-0.0540
TMEM8B,-0.12336387958729095,False,2,0.0285;-0.2752
ANKRD61,-0.12333567614788887,True,2,-0.2057;-0.0410
GALNT10,-0.12323054918231191,True,2,-0.0187;-0.2277
HIVEP2,-0.12322152914876028,True,2,-0.1554;-0.0911
HNRNPR,-0.12322021837532432,True,2,-0.1420;-0.1045
HLA-G,-0.1232189606170645,True,2,-0.2359;-0.0105
DENND4A,-0.12319055171423454,True,2,-0.1614;-0.0850
IL5RA,-0.12312546024609794,True,2,-0.0620;-0.1842
COMMD5,-0.12299537670898408,True,2,-0.1238;-0.1222
MORC3,-0.12298677487718834,True,2,-0.1221;-0.1238
PRDX2,-0.12290928415179764,True,2,-0.1354;-0.1104
TM2D2,-0.1228775871692952,True,2,-0.0340;-0.2118
RASSF8,-0.12287212327650332,True,2,-0.1231;-0.1227
ZNF500,-0.12275675924466306,True,2,-0.1741;-0.0715
DDX55,-0.12274445289579994,True,2,-0.1023;-0.1432
SCAP,-0.12274003950863166,True,2,-0.1994;-0.0461
PSRC1,-0.12261207210123232,True,2,-0.1062;-0.1390
POFUT1,-0.12249727503809787,True,2,-0.1567;-0.0883
F8A1,-0.12238604608709713,True,2,-0.1230;-0.1217
CSF1R,-0.12237823672044185,True,2,-0.2120;-0.0328
SNX14,-0.12237532114963512,True,2,-0.1789;-0.0658
RGL2,-0.1223260691466872,True,2,-0.2283;-0.0163
RFTN1,-0.12231017819815193,True,2,-0.1387;-0.1059
ZNHIT1,-0.1222990340513671,True,1,-0.1223
RALGAPA1,-0.12224330488099977,True,2,-0.1584;-0.0861
ZFAND5,-0.1222314964721769,True,2,-0.2150;-0.0295
ARMCX6,-0.12219088976728737,True,2,-0.0977;-0.1467
ABL2,-0.12216880610928393,False,2,0.0013;-0.2456
STK38,-0.12216454470048277,False,2,-0.2597;0.0154
MCUB,-0.12208259680152322,True,2,-0.0307;-0.2134
SMARCC2,-0.12197154777066144,False,2,-0.2657;0.0218
DACH2,-0.12196696004345287,True,2,-0.2309;-0.0131
SIRT4,-0.12195383749161748,True,2,-0.0863;-0.1576
LRP2BP,-0.12191603581128974,True,2,-0.1603;-0.0836
NUP35,-0.12189813856136639,True,2,-0.1324;-0.1114
SMARCA4,-0.1218881762398053,True,2,-0.1173;-0.1265
GAN,-0.12188017848482186,True,2,-0.0552;-0.1886
FAM86C1,-0.1218531063047989,True,2,-0.0851;-0.1586
FUT11,-0.12185165133050302,True,2,-0.0833;-0.1604
ABHD10,-0.12182480780059307,True,2,-0.1763;-0.0674
OAS1,-0.12175124420251415,False,2,-0.2502;0.0067
MYRF,-0.12173554345542487,True,2,-0.1585;-0.0850
LAMB3,-0.1217163940373685,True,2,-0.0949;-0.1485
TMEM87B,-0.12167017231125288,True,2,-0.0058;-0.2376
PLEKHA4,-0.1216151007054242,True,2,-0.0089;-0.2343
RAP1GDS1,-0.12161025357268807,True,2,-0.1429;-0.1003
POLR2L,-0.12158079503839342,True,2,-0.1173;-0.1259
FAM222A,-0.12149282338609818,False,2,0.0114;-0.2543
LRCH3,-0.1214812782990759,True,2,-0.1926;-0.0503
RANBP3,-0.12146336194455287,True,2,-0.0884;-0.1546
RPL27A,-0.12142181104273053,True,1,-0.1214
CAPN5,-0.12138327246989511,True,2,-0.2195;-0.0232
MRPS11,-0.12135966467134462,False,2,0.0437;-0.2864
PUF60,-0.12134379516107519,True,2,-0.0918;-0.1509
TES,-0.1212781698213809,True,2,-0.2089;-0.0337
FAM19A1,-0.12121263889820832,True,2,-0.0248;-0.2176
TET2,-0.12120576715033066,True,2,-0.2142;-0.0282
IFNLR1,-0.12118359705698556,True,2,-0.2420;-0.0004
GIMAP6,-0.12111486093788337,True,2,-0.1517;-0.0905
PIF1,-0.12109257109465454,True,2,-0.0650;-0.1772
HYAL3,-0.12107857846131381,True,2,-0.0772;-0.1650
DZIP3,-0.12105057760989724,True,2,-0.1067;-0.1354
ST6GALNAC4,-0.12100759616199108,False,2,-0.2467;0.0047
HDLBP,-0.12099500343853803,True,2,-0.1105;-0.1315
ALDH8A1,-0.12094926925360472,False,2,0.0158;-0.2577
CNIH2,-0.1209456508111959,True,2,-0.0535;-0.1884
CPSF1,-0.12083990127893929,True,2,-0.1559;-0.0857
KIAA0391,-0.12076824015639503,True,2,-0.1373;-0.1043
PIK3R2,-0.12076316172155693,True,2,-0.1476;-0.0939
AP5B1,-0.12073718961192387,True,2,-0.0078;-0.2336
WFDC2,-0.12073609362976673,True,2,-0.0790;-0.1625
ACAD8,-0.12071622431658652,True,2,-0.0697;-0.1718
TCEAL9,-0.12069083791439039,True,2,-0.0866;-0.1547
PHC2,-0.12067056268047238,True,2,-0.1045;-0.1368
RB1,-0.12065869596850803,True,2,-0.0396;-0.2017
ALG13,-0.12064786341524125,True,2,-0.1022;-0.1391
RGPD6,-0.12060322044077781,True,2,-0.1211;-0.1202
SCN8A,-0.1205935927276866,True,2,-0.0444;-0.1968
ASAP1,-0.12058287455626399,True,2,-0.1286;-0.1126
ADAM15,-0.12055642814204504,True,2,-0.0612;-0.1799
NOCT,-0.12052436074848077,True,2,-0.1336;-0.1075
RHOBTB3,-0.12051060560630178,True,2,-0.2247;-0.0163
SLC9A6,-0.12049242149907313,True,2,-0.1632;-0.0778
CLMP,-0.12047902585290138,False,2,0.0375;-0.2785
ENTPD4,-0.12046971491814418,True,2,-0.1561;-0.0848
SIN3A,-0.12045538157135016,True,2,-0.1508;-0.0902
BUD31,-0.12042584932020606,True,2,-0.1981;-0.0427
CD2,-0.12038732588514495,True,2,-0.1438;-0.0970
SNX11,-0.12036028399864784,True,2,-0.1707;-0.0700
OASL,-0.12031333170317321,True,2,-0.2144;-0.0262
TMEM41A,-0.12029799430253457,True,2,-0.2108;-0.0298
RBM7,-0.1202742872368246,True,2,-0.1040;-0.1365
EPM2AIP1,-0.12025791524643614,True,2,-0.1187;-0.1218
ZMIZ2,-0.12022561673214227,True,2,-0.1771;-0.0633
PRPS1,-0.12014636820120433,True,2,-0.1466;-0.0937
PEPD,-0.12014509700544018,True,2,-0.2192;-0.0211
SRSF7,-0.12009151027412768,True,2,-0.1146;-0.1256
AKAP9,-0.12005200478448852,True,2,-0.1617;-0.0784
TRANK1,-0.11999097570697714,False,2,-0.2577;0.0177
TGIF2,-0.11991194881025657,True,2,-0.1827;-0.0571
RDH13,-0.11989079466999225,True,2,-0.0163;-0.2234
HIST1H2AL,-0.11988295966631846,True,2,-0.1243;-0.1154
MRPL18,-0.11986405967381764,True,2,-0.1634;-0.0764
CPNE5,-0.11985387932483715,False,2,-0.3048;0.0651
CARD11,-0.11979058088276184,False,2,-0.2773;0.0377
MYH11,-0.11976104229577683,True,2,-0.1143;-0.1252
BCL2L12,-0.11973260415973075,True,2,-0.1383;-0.1012
ZSWIM4,-0.11967391506484648,False,2,-0.2574;0.0181
CXorf38,-0.11963177859548829,True,2,-0.1173;-0.1220
E2F5,-0.11961642444222664,True,2,-0.1420;-0.0972
CCNH,-0.11960116149949451,True,1,-0.1196
OTULIN,-0.11957902431068207,True,2,-0.1700;-0.0691
WBP4,-0.11957823637060311,True,2,-0.1783;-0.0608
APTX,-0.1195337342168456,True,2,-0.1948;-0.0442
PLA2G7,-0.1195321183655641,False,2,-0.3490;0.1099
ZYG11B,-0.11952825582975651,True,2,-0.2042;-0.0349
NOTO,-0.11950830711530763,True,2,-0.1052;-0.1338
RPS6KA5,-0.11948386254472187,False,2,-0.2949;0.0560
HHAT,-0.11946133211150306,True,2,-0.1291;-0.1098
TOR4A,-0.11945773256333497,True,2,-0.0476;-0.1913
CAVIN3,-0.11945575458129692,True,2,-0.0924;-0.1466
CCR6,-0.11943609422821211,True,2,-0.0869;-0.1520
PPAN,-0.11942143319028764,True,2,-0.2355;-0.0034
HMX2,-0.11939602848536524,False,2,-0.2607;0.0219
KCNK5,-0.11934570907256625,True,2,-0.1629;-0.0757
PIK3C2B,-0.11933922698096056,False,2,-0.3026;0.0639
BLOC1S4,-0.11931695994142494,True,2,-0.1319;-0.1068
ELOA,-0.11929425518169545,True,2,-0.0434;-0.1952
ZNF514,-0.11927159937878584,True,2,-0.1093;-0.1293
PYCR1,-0.11925168061744557,True,2,-0.0449;-0.1936
STAG2,-0.11923877974964353,True,2,-0.0311;-0.2074
PRKCA,-0.11923526276038993,True,2,-0.0208;-0.2177
SMG1,-0.11921936635550351,True,2,-0.0505;-0.1879
NDUFS1,-0.11908441184983926,True,2,-0.1193;-0.1188
RASGRP3,-0.11908428950735145,True,2,-0.2019;-0.0363
VAMP1,-0.11900245133631615,True,2,-0.1710;-0.0670
PMM1,-0.1189295460392541,True,2,-0.0628;-0.1751
TAOK2,-0.11892290918915588,True,2,-0.1456;-0.0922
COMMD2,-0.11888293195248467,True,2,-0.1056;-0.1321
HINT1,-0.1188781909211496,False,2,-0.2398;0.0020
RWDD2A,-0.11887733944992274,False,2,-0.3228;0.0850
PRUNE1,-0.1188567815226379,False,2,-0.2458;0.0081
ERI1,-0.11885622595738055,False,2,-0.2548;0.0170
SLC36A1,-0.1188412448946376,True,2,-0.1885;-0.0492
HDGFL2,-0.11878438367195515,True,2,-0.1744;-0.0631
PCBP2,-0.11877523533488726,True,2,-0.1808;-0.0568
SLC36A4,-0.11877319072875991,True,2,-0.1695;-0.0681
BHLHA9,-0.11876121826852548,True,2,-0.0661;-0.1715
OLIG3,-0.11872966377421001,True,2,-0.0228;-0.2146
TNRC6A,-0.1187090077932973,False,2,-0.3001;0.0627
PAX4,-0.11866965511928368,True,2,-0.0356;-0.2018
CRISPLD2,-0.11866272920691573,True,2,-0.0733;-0.1641
PHF2,-0.11865634958940252,True,2,-0.1650;-0.0723
TESPA1,-0.11864698611034669,True,2,-0.1991;-0.0382
KRTAP16-1,-0.11859985222842478,True,2,-0.0849;-0.1523
TMEM106A,-0.11859790597849335,True,2,-0.2003;-0.0369
CROCC,-0.11859497235838495,True,2,-0.0761;-0.1611
ACOX1,-0.11859381859034596,True,2,-0.1694;-0.0678
APP,-0.11842721471795031,True,2,-0.1479;-0.0890
EIF2B4,-0.1183897204135208,True,2,-0.1458;-0.0910
PIP4P2,-0.11835609951517334,True,2,-0.1274;-0.1093
RELB,-0.11835100389656045,True,2,-0.0776;-0.1591
MPV17,-0.1183089633496629,True,2,-0.0777;-0.1589
TENT5C,-0.11829147254564254,True,2,-0.2145;-0.0221
TIMP2,-0.11828886828492441,True,2,-0.1930;-0.0436
PRB3,-0.11823615041303553,True,2,-0.0720;-0.1645
TNFRSF1A,-0.11822846011883242,True,2,-0.1239;-0.1126
GOLGA7,-0.11819207701225387,True,2,-0.0250;-0.2114
GPR27,-0.11816632803253663,False,2,0.0095;-0.2458
DNAJC24,-0.11813300658109316,True,2,-0.1917;-0.0445
MAPK6,-0.11813026154389322,True,2,-0.1670;-0.0692
KCTD5,-0.11812292105441102,False,2,-0.3407;0.1044
TPD52,-0.11811896727817833,True,2,-0.1059;-0.1304
NHEJ1,-0.11800170891813305,True,2,-0.0403;-0.1957
GET4,-0.11799391101410722,True,2,-0.1626;-0.0734
RPS27,-0.11799076482015869,True,2,-0.0478;-0.1882
SLPI,-0.117981708316164,True,2,-0.0144;-0.2216
AVL9,-0.11797324212627786,True,2,-0.0882;-0.1478
ENTPD7,-0.11795803898377266,True,2,-0.0804;-0.1556
TMOD3,-0.11794968925521293,True,2,-0.0592;-0.1767
DHRS12,-0.11792577751134309,True,2,-0.0342;-0.2017
FAM69A,-0.11792504502565215,True,2,-0.0618;-0.1741
ANK3,-0.11790454733813216,True,2,-0.0870;-0.1489
WDR82,-0.11787693486539597,True,2,-0.2123;-0.0235
GNA13,-0.1178680151162812,True,2,-0.0837;-0.1521
FCGR3B,-0.11786686991782502,True,2,-0.1954;-0.0403
GLYR1,-0.11786077416314522,True,2,-0.1340;-0.1017
CAVIN1,-0.11785034497721841,True,2,-0.1901;-0.0456
EFCAB11,-0.11781588268051318,True,2,-0.1290;-0.1066
DDIAS,-0.1177881718039096,True,2,-0.0408;-0.1947
ZFYVE27,-0.1177524119502964,True,2,-0.1248;-0.1107
HES1,-0.11773501778436823,True,2,-0.2139;-0.0215
SFXN1,-0.11771933747510754,False,2,0.0976;-0.3331
ATIC,-0.11771362436426791,False,2,0.1451;-0.3806
TRAF4,-0.11770931835998344,True,2,-0.0306;-0.2049
CROT,-0.11770792312394551,True,2,-0.2223;-0.0132
RPGRIP1L,-0.11769693274747911,True,2,-0.2074;-0.0280
USF3,-0.11767793463117343,True,2,-0.0461;-0.1892
EEF1AKMT1,-0.11766687262084041,True,2,-0.1878;-0.0475
CCDC25,-0.11760987240423904,False,2,-0.3493;0.1140
CASP3,-0.11760823262818526,True,2,-0.1357;-0.0995
RNF215,-0.11760525895345086,True,2,-0.2151;-0.0201
TOLLIP,-0.11759913498478497,True,2,-0.1908;-0.0444
SLC16A7,-0.11759779024110922,True,2,-0.0900;-0.1452
EIF5A2,-0.1175932485547097,True,2,-0.0554;-0.1798
ZCCHC10,-0.1175599246284687,True,2,-0.1599;-0.0753
SFR1,-0.11755876554048894,True,2,-0.2320;-0.0031
BORCS7,-0.11754974095570875,True,2,-0.0234;-0.2117
PINK1,-0.11754438750042079,True,2,-0.1531;-0.0820
ASIC1,-0.11753902188517223,True,2,-0.1534;-0.0816
PIK3R5,-0.11750656471398313,True,2,-0.1782;-0.0568
CKLF-CMTM1,-0.11749548087419115,True,2,-0.1341;-0.1009
HIGD2A,-0.11745680735513947,True,2,-0.1723;-0.0626
FOXN4,-0.11743982003516462,True,2,-0.1812;-0.0536
FAM210A,-0.1173994732115009,False,2,-0.2390;0.0042
KIAA0895,-0.11736946553816885,True,2,-0.1472;-0.0876
PLXNA4,-0.11727031995693576,True,2,-0.0300;-0.2045
SACS,-0.11726366081916839,True,2,-0.1612;-0.0734
ICOSLG,-0.11726344919835391,True,2,-0.0135;-0.2210
NR2E3,-0.11718442994248784,True,2,-0.1264;-0.1079
EPPK1,-0.11717470959410697,True,2,-0.1111;-0.1233
YY1,-0.11710855163759076,True,2,-0.1731;-0.0611
MCTP1,-0.11709430128322446,True,2,-0.1759;-0.0582
GPBP1L1,-0.11703830485805561,True,2,-0.0182;-0.2159
DNAJC15,-0.11699547197511229,True,2,-0.0987;-0.1353
SGMS1,-0.11694074205091215,True,2,-0.1546;-0.0793
TTYH2,-0.11693422410404597,True,2,-0.0512;-0.1827
ZNF567,-0.11689894484871666,True,2,-0.2324;-0.0014
PITHD1,-0.11681758986365309,True,2,-0.0796;-0.1540
OMA1,-0.11675115253136359,True,2,-0.2203;-0.0132
DDX24,-0.11671976581157706,True,1,-0.1167
GTF3A,-0.11671398643259101,True,2,-0.0194;-0.2140
ZNF677,-0.11670534556283019,True,2,-0.0998;-0.1336
ELF4,-0.11670213049563838,True,2,-0.2090;-0.0244
ZFP28,-0.11660733683677749,True,2,-0.0931;-0.1401
C3,-0.11660101916905069,True,2,-0.1327;-0.1005
SLC25A39,-0.11657675036201187,True,2,-0.1690;-0.0641
SPINT1,-0.11650183507160689,True,2,-0.1294;-0.1036
NDUFV2,-0.11644529527182901,True,2,-0.1018;-0.1311
ARHGAP19,-0.11642941593463474,True,2,-0.1194;-0.1135
CCDC66,-0.11635946045210965,True,2,-0.1728;-0.0599
EMSY,-0.11635426001242755,True,2,-0.1639;-0.0688
ANKRD36B,-0.1163487153714855,False,2,-0.2346;0.0019
ZNF707,-0.11633224385950863,True,2,-0.0562;-0.1764
PRR5,-0.11632173644768135,True,2,-0.1349;-0.0978
MYO19,-0.11630236041470399,True,2,-0.1313;-0.1013
EIF3J,-0.11629455529185778,False,2,0.0266;-0.2592
RRP9,-0.11626935556767148,True,2,-0.1543;-0.0782
FBXO6,-0.1162548641506626,False,2,0.1093;-0.3418
APOC3,-0.11621296058132552,True,2,-0.1653;-0.0671
DNPH1,-0.11620084741816356,True,2,-0.1830;-0.0494
IKBKE,-0.11618968433316584,True,2,-0.0572;-0.1751
FAM49B,-0.11613637916085284,True,2,-0.2120;-0.0203
TMEM120B,-0.11613416164635332,True,2,-0.0645;-0.1678
TLR1,-0.1161140299203191,True,2,-0.1875;-0.0448
CAPN2,-0.1161104213773454,True,2,-0.0946;-0.1376
TUBA1C,-0.1160843604575128,False,2,0.0012;-0.2334
NMB,-0.1160536419027502,True,2,-0.1945;-0.0376
NR2F1,-0.11603250032702583,False,2,0.0070;-0.2391
ZNF493,-0.11601064286343726,True,2,-0.0774;-0.1546
VAMP2,-0.11596026289581152,True,2,-0.0441;-0.1878
MYLK,-0.11594528413283378,True,2,-0.2155;-0.0163
ZNF75A,-0.11593810768505158,True,2,-0.1947;-0.0372
HOXD13,-0.11591942160257274,True,2,-0.1327;-0.0991
C1orf21,-0.115896940866827,True,2,-0.0970;-0.1348
KAT14,-0.11587198586945524,True,2,-0.1195;-0.1122
TAL1,-0.11587073054554564,True,2,-0.1194;-0.1123
THAP12,-0.11586407252619535,True,2,-0.1492;-0.0826
STN1,-0.11568685131581469,True,2,-0.2185;-0.0129
NMUR1,-0.11567942605626003,True,2,-0.2274;-0.0039
PARP6,-0.11564787134308413,False,2,0.0236;-0.2549
PCGF2,-0.115647827275426,True,2,-0.1126;-0.1187
STRAP,-0.11563167382847511,True,2,-0.0696;-0.1617
ACTR6,-0.11553761086481273,True,1,-0.1155
CLOCK,-0.11553390642197242,False,2,0.0166;-0.2477
PGP,-0.11552532905842139,True,2,-0.1032;-0.1278
ZNF695,-0.11548193368979037,True,2,-0.1905;-0.0405
ZBTB12,-0.11545848305155104,True,2,-0.1379;-0.0931
NBR1,-0.115429090168574,True,2,-0.1428;-0.0880
RBMXL1,-0.11541868445786879,False,2,0.0203;-0.2511
MB21D2,-0.11534517065762229,False,2,-0.2564;0.0258
ATL3,-0.11534338526453403,True,2,-0.1058;-0.1248
INTS13,-0.1153417125398607,False,2,-0.3128;0.0822
DIXDC1,-0.11533316594672222,True,2,-0.1357;-0.0950
NKX6-3,-0.11529266053008425,True,2,-0.1489;-0.0816
MGME1,-0.11528610972575537,True,2,-0.1433;-0.0873
AOC2,-0.11526336524521497,True,2,-0.1356;-0.0949
PITPNA,-0.1152253786096149,True,2,-0.1584;-0.0721
TMEM255A,-0.11522138520649733,True,2,-0.0349;-0.1955
COMMD3-BMI1,-0.115200542647307,True,2,-0.1179;-0.1125
NR1H2,-0.11518188878547714,True,2,-0.1396;-0.0908
EPS15L1,-0.11513299612888317,True,2,-0.1178;-0.1125
TFCP2,-0.11512034286500011,True,2,-0.1540;-0.0762
MIEF1,-0.11510713961962399,True,2,-0.1793;-0.0510
ECE2,-0.11509633401831021,True,2,-0.1610;-0.0692
ANXA4,-0.11501317638292458,True,2,-0.0510;-0.1790
COQ5,-0.11499626045156675,True,2,-0.1558;-0.0742
F5,-0.11498818793096732,True,2,-0.1502;-0.0798
TRIM65,-0.1149859521760252,True,2,-0.1368;-0.0932
FABP4,-0.11497136726912549,True,2,-0.2138;-0.0162
ZCRB1,-0.11495807239134859,True,2,-0.1084;-0.1215
ZNF287,-0.11491488121984589,True,2,-0.1433;-0.0866
COQ2,-0.11490506988044413,True,2,-0.1908;-0.0390
FOXR2,-0.11490227919269663,True,2,-0.0835;-0.1463
CLEC16A,-0.11487529169134642,True,2,-0.1109;-0.1189
PDZD11,-0.11485429256750923,True,2,-0.2050;-0.0247
TOR1B,-0.11482732806215468,True,2,-0.0902;-0.1394
ASAP3,-0.11481420930414832,True,2,-0.1115;-0.1181
C1QL3,-0.11473078244340618,True,2,-0.1491;-0.0804
ZDHHC18,-0.11472861356613345,True,2,-0.1787;-0.0507
GHDC,-0.11468107150391338,True,2,-0.0140;-0.2154
TAPBP,-0.11466120370026217,True,2,-0.1663;-0.0630
ZNF844,-0.11460132663711264,True,2,-0.0798;-0.1494
ZNF140,-0.11458873579611312,True,2,-0.1955;-0.0337
ARHGAP11A,-0.11457970784309451,True,2,-0.1999;-0.0292
ARPC1A,-0.11452751992327109,True,2,-0.0480;-0.1810
COMMD1,-0.11452210444667166,True,2,-0.1566;-0.0725
S100B,-0.11449508954807197,True,2,-0.0597;-0.1692
C4orf3,-0.11449386339571332,True,2,-0.2117;-0.0173
FAM24B,-0.11449301045122717,True,2,-0.1411;-0.0879
RNF31,-0.11447095952736075,True,2,-0.0515;-0.1775
RABGAP1L,-0.11445928541393552,True,2,-0.1302;-0.0988
ARIH2,-0.1144381668614331,True,2,-0.0187;-0.2102
GPATCH11,-0.11441719220550695,True,2,-0.1731;-0.0557
TANGO2,-0.11437369321822954,True,2,-0.1691;-0.0596
UBE2L6,-0.11433815357446964,False,2,-0.2330;0.0043
MAOA,-0.1143242824277329,True,2,-0.1312;-0.0974
ARHGAP12,-0.11430424219740287,False,2,0.0322;-0.2608
EMC9,-0.1142953199238218,False,2,0.0819;-0.3105
PFDN1,-0.11425279211949735,True,2,-0.1045;-0.1240
POLR3H,-0.11424288520897441,True,2,-0.1347;-0.0938
BARHL1,-0.11419866794922984,True,2,-0.1246;-0.1038
NRIP1,-0.1140443083726786,True,2,-0.1861;-0.0420
IFIT2,-0.11401631032576626,True,2,-0.0426;-0.1855
CUTA,-0.1139918226223437,True,2,-0.0434;-0.1846
VSIG10L,-0.1138965114976429,False,2,-0.2962;0.0684
HES4,-0.11385470207402809,True,2,-0.1260;-0.1017
MTCP1,-0.11382494013994782,False,2,0.0047;-0.2324
SECTM1,-0.11381923031878155,True,2,-0.1612;-0.0664
TOGARAM2,-0.11377895398086069,True,2,-0.1124;-0.1151
ABCA2,-0.11377068672262441,False,2,0.0738;-0.3014
FOXI2,-0.11375501262918036,True,2,-0.1353;-0.0922
LRRC40,-0.11374800623580816,True,2,-0.1348;-0.0927
LARP1B,-0.11372578304674441,True,2,-0.0488;-0.1786
GIMAP2,-0.11369423915273663,True,2,-0.0255;-0.2019
CCDC146,-0.11366139288709504,True,2,-0.1621;-0.0653
DPP9,-0.11362433819396073,True,2,-0.0277;-0.1996
ARL8A,-0.113457076919942,True,2,-0.0218;-0.2051
MAP3K4,-0.11344572910602646,True,2,-0.1385;-0.0884
DNM1L,-0.11342622977187211,True,2,-0.0147;-0.2122
CTSL,-0.11340825193648812,True,2,-0.2001;-0.0267
SETDB2,-0.11339537132307259,True,2,-0.1332;-0.0936
LAMA5,-0.11336503067008763,True,2,-0.1302;-0.0965
OLIG2,-0.11335727053912803,True,2,-0.0679;-0.1588
MTPAP,-0.1133183606978122,True,2,-0.1560;-0.0706
EXO1,-0.11329642131472178,False,2,0.1097;-0.3363
TXK,-0.11329187033229532,True,2,-0.0507;-0.1759
VSIG2,-0.1132859000789127,False,2,-0.2498;0.0232
CD300A,-0.11327991700116108,True,2,-0.1070;-0.1195
NARS2,-0.11323377881296592,True,2,-0.1377;-0.0887
PON2,-0.11322501058552575,True,2,-0.0722;-0.1543
MTG2,-0.11322142798456414,True,2,-0.1167;-0.1097
TP53BP2,-0.11320428849380926,False,2,-0.2275;0.0011
CCDC69,-0.11318921557433798,True,2,-0.0755;-0.1509
TPM4,-0.11318691778707657,False,2,-0.2629;0.0365
ELL,-0.11315563898121095,True,2,-0.0794;-0.1469
PIP4K2A,-0.11308935259457498,True,2,-0.1218;-0.1044
LBX2,-0.11307891295750261,True,2,-0.2068;-0.0194
PDGFRB,-0.11306668940602843,True,2,-0.1012;-0.1249
FAM208A,-0.11305422709151747,False,2,0.1155;-0.3416
PCNX3,-0.11305389022128393,True,2,-0.0467;-0.1794
ATXN10,-0.11304882206429179,True,2,-0.0047;-0.2214
CCR10,-0.11303962764628461,True,2,-0.2097;-0.0164
TNFRSF10D,-0.11301517992155263,True,2,-0.0264;-0.1997
NPEPL1,-0.11300385253203188,True,2,-0.1503;-0.0757
ERG28,-0.11299545973159553,True,2,-0.1210;-0.1050
TMBIM4,-0.11289443005187266,True,2,-0.1324;-0.0934
RAB2A,-0.11289280307873883,False,2,-0.2828;0.0570
SCLT1,-0.11288623856770785,True,2,-0.1255;-0.1003
MARS2,-0.11282729524214158,True,2,-0.0661;-0.1596
ZNF484,-0.11281948118998536,False,2,0.0462;-0.2718
MEMO1,-0.11269716844702604,False,2,-0.2274;0.0020
BLOC1S3,-0.11254433231192873,True,2,-0.2159;-0.0092
ZNF566,-0.11252300379416424,True,2,-0.1085;-0.1166
ABHD18,-0.11241751127049537,False,2,0.0086;-0.2335
BARX1,-0.11240925272392466,True,2,-0.2115;-0.0133
TSC22D2,-0.11239851096190617,True,2,-0.0457;-0.1791
ATP5ME,-0.11236939182776567,True,2,-0.1063;-0.1184
UTP4,-0.11235045455161496,True,1,-0.1124
PPM1M,-0.11232731336252266,True,2,-0.1800;-0.0447
HSDL1,-0.11227354090272118,True,2,-0.1725;-0.0520
PRRC2C,-0.11223534156282061,True,2,-0.1466;-0.0779
AEBP2,-0.11221735418903178,True,2,-0.0729;-0.1516
SPINT2,-0.1122107006635995,True,2,-0.0942;-0.1302
SCAF8,-0.11216665897961353,True,2,-0.2147;-0.0096
RNF187,-0.11216275170814782,True,2,-0.1210;-0.1033
CUX1,-0.11211519180951718,True,2,-0.1033;-0.1210
MALSU1,-0.11208403561346536,True,2,-0.2090;-0.0151
PSEN1,-0.1120441265753147,True,2,-0.0958;-0.1283
MTRF1L,-0.11202832517233607,True,2,-0.2088;-0.0152
C19orf54,-0.11200271775252668,True,2,-0.1696;-0.0544
DOCK3,-0.11198071297568346,True,2,-0.0095;-0.2144
ZNRF3,-0.11196532963493544,False,2,-0.2760;0.0521
COMTD1,-0.11196509343654776,True,2,-0.1620;-0.0619
PLEKHM1,-0.11194670494500142,True,2,-0.1589;-0.0650
HBM,-0.111918835194451,True,2,-0.2043;-0.0195
ACP6,-0.11191749407687296,True,2,-0.1106;-0.1133
RPS6KL1,-0.11190143565111815,True,2,-0.0239;-0.1999
SRSF2,-0.11185901394100833,True,2,-0.0845;-0.1392
DNA2,-0.11182648131439077,True,1,-0.1118
TRIP11,-0.1118106829138778,True,2,-0.1585;-0.0652
HSFX1,-0.11179429671482943,True,2,-0.1530;-0.0706
CD80,-0.11179282802097701,True,2,-0.2216;-0.0020
TMEM191B,-0.11172752912645567,True,2,-0.2220;-0.0014
DGUOK,-0.11172007018220387,True,2,-0.2119;-0.0115
RPS16,-0.11170368374527201,True,2,-0.1781;-0.0453
PDE6G,-0.11165308117655814,True,2,-0.0226;-0.2007
USP16,-0.11163441205531627,True,2,-0.1595;-0.0638
TTC14,-0.11159366548237709,True,2,-0.0378;-0.1854
ARAF,-0.11158601649830713,True,2,-0.2048;-0.0183
LRRC37B,-0.11152670250143382,True,2,-0.0736;-0.1495
HM13,-0.11151464018822965,True,2,-0.1081;-0.1149
ARL6IP5,-0.11149702171969905,True,2,-0.0054;-0.2176
SUCLA2,-0.11145612926190712,True,2,-0.0965;-0.1264
DLX2,-0.11144294707684826,True,2,-0.1319;-0.0910
CCL22,-0.1114053776584284,False,2,-0.2479;0.0250
PRKCB,-0.11140060143639624,True,2,-0.1280;-0.0948
PRR14,-0.11136165380835522,True,2,-0.0859;-0.1369
CD46,-0.11129650526387525,True,2,-0.1247;-0.0979
FKBP11,-0.11129633109953924,False,2,0.0025;-0.2251
EPN2,-0.11127089042536686,False,2,0.0301;-0.2526
ZCCHC17,-0.1112692741619174,False,2,0.0782;-0.3007
ZNF391,-0.11125385047851227,True,2,-0.1789;-0.0436
KLHDC4,-0.11125316315714318,True,2,-0.1418;-0.0807
ZBTB42,-0.11120752333760642,True,2,-0.1250;-0.0974
NDUFA13,-0.11118299531949499,True,2,-0.1100;-0.1123
YES1,-0.11118016304975148,True,2,-0.1472;-0.0752
TIAM1,-0.11114589333163999,True,2,-0.0600;-0.1623
TFR2,-0.111082267436804,True,2,-0.0850;-0.1372
TM2D3,-0.1109629659441635,True,2,-0.0434;-0.1785
GCSH,-0.11094759840935875,False,2,-0.2567;0.0348
AAMDC,-0.11092485526456769,True,2,-0.1172;-0.1046
NUAK2,-0.11092452571539252,True,2,-0.0796;-0.1422
TM9SF4,-0.11085637881839439,True,2,-0.1915;-0.0302
SULT1A1,-0.11083972964875949,True,2,-0.0518;-0.1699
CSTB,-0.11082955591684707,True,2,-0.1218;-0.0998
PPIP5K1,-0.11082313035225955,False,2,-0.3009;0.0793
HRH2,-0.11078397176935406,True,2,-0.0831;-0.1385
ABCB9,-0.11072940850180868,True,2,-0.0864;-0.1350
TPD52L2,-0.11072590130089055,True,2,-0.0374;-0.1841
PRR22,-0.11068979050853223,True,2,-0.0703;-0.1511
PRAM1,-0.11068426978455337,True,2,-0.1971;-0.0243
CDX2,-0.11067757346653573,False,2,-0.2490;0.0277
GDI2,-0.11064496790285794,True,2,-0.0245;-0.1968
DYM,-0.11062578779330268,True,2,-0.1241;-0.0972
PEX6,-0.11062251897594472,True,2,-0.0349;-0.1864
OPTN,-0.11060025742684804,False,2,0.0613;-0.2825
COX6A1,-0.11059638167516905,True,2,-0.1586;-0.0626
KATNAL2,-0.11052018967710397,True,2,-0.0463;-0.1747
REPIN1,-0.11051397386707956,True,2,-0.1484;-0.0726
ZNF705A,-0.11050187413080143,True,2,-0.1106;-0.1104
TMEM251,-0.11047400348822567,True,2,-0.0792;-0.1418
ALG10,-0.11046239563731858,True,2,-0.0825;-0.1385
TMEM19,-0.11042186395038767,True,2,-0.0629;-0.1579
CTTN,-0.11039827701784533,True,2,-0.0987;-0.1221
EPRS,-0.11038061358398388,True,1,-0.1104
ZNF18,-0.11036605062900534,True,2,-0.0842;-0.1366
FUS,-0.11033582917234358,False,2,0.1528;-0.3734
C7orf26,-0.11029523895483967,True,2,-0.0531;-0.1675
CELF2,-0.11028306556296674,True,2,-0.0783;-0.1423
HPF1,-0.1102592363944015,False,2,0.0597;-0.2802
PSMD5,-0.11024127243097381,True,2,-0.0693;-0.1511
RPL7A,-0.11022822150313805,True,1,-0.1102
PRKD3,-0.11021999508989144,True,2,-0.1259;-0.0945
ENKD1,-0.11021977614267575,True,2,-0.1417;-0.0787
DNAH9,-0.11021497818689652,True,2,-0.1015;-0.1189
FAXDC2,-0.11019579167357302,True,2,-0.1579;-0.0625
DPH3,-0.11016300069412893,True,2,-0.0389;-0.1815
CCNF,-0.11014298788794552,True,2,-0.1670;-0.0533
APIP,-0.11012753153869742,True,2,-0.1795;-0.0407
NRP2,-0.11009508689135711,True,2,-0.1120;-0.1082
ACRBP,-0.1100662494648123,True,2,-0.0922;-0.1279
GPX7,-0.11004052120245067,True,2,-0.1072;-0.1129
MMP3,-0.10997108920246224,False,2,0.0826;-0.3026
SMIM29,-0.10996835702273772,False,2,0.0050;-0.2250
HIST1H2BO,-0.1099266697587079,True,2,-0.1293;-0.0906
SLC38A1,-0.10990873291136999,True,2,-0.0101;-0.2097
USP20,-0.10979861252917167,True,2,-0.0484;-0.1712
DCTN4,-0.10976680945090889,False,2,-0.2206;0.0010
ARL15,-0.10976470967470064,True,2,-0.1586;-0.0609
SSR2,-0.10974777161051952,True,2,-0.1514;-0.0681
CTC1,-0.10974504746512803,True,2,-0.1364;-0.0830
SIPA1L1,-0.10972124284987383,True,2,-0.2064;-0.0130
TPI1,-0.10972094958525946,False,2,-0.2982;0.0787
PIGL,-0.10967442943853206,True,2,-0.1567;-0.0626
EIF2AK1,-0.10964588803635938,False,2,0.0045;-0.2238
MGST2,-0.1096292130847154,False,2,-0.2433;0.0240
PLAGL1,-0.1096138947043791,True,2,-0.0923;-0.1269
MMP1,-0.10958497756813901,True,2,-0.0190;-0.2002
RHBDL1,-0.10954828997352695,False,2,0.0034;-0.2225
UBFD1,-0.10954678242870064,True,2,-0.1989;-0.0202
AGFG1,-0.10952671119226826,True,2,-0.0518;-0.1673
CIC,-0.10951267420916033,True,2,-0.1227;-0.0963
CMC1,-0.1095025957870619,True,2,-0.0902;-0.1288
PXMP2,-0.1094322047585985,True,1,-0.1094
UBAC2,-0.10942264458443007,True,2,-0.0869;-0.1319
SLC43A2,-0.1093798481098518,True,2,-0.0784;-0.1404
MINK1,-0.10932967579371866,True,2,-0.0192;-0.1995
BCKDHA,-0.1093265779562701,True,2,-0.2017;-0.0170
HEXDC,-0.10928583588009538,True,2,-0.1465;-0.0720
KMT2E,-0.10928345017708019,True,2,-0.1269;-0.0916
SUZ12,-0.10928280731617235,True,2,-0.0295;-0.1891
SCAF4,-0.10927010783305968,True,2,-0.0103;-0.2082
RETREG3,-0.1091618565448193,True,2,-0.0866;-0.1318
DMAC1,-0.10915707553378295,True,2,-0.1172;-0.1011
PLK1,-0.10914616816674355,True,2,-0.1263;-0.0920
KLF17,-0.10912732780318168,True,2,-0.0880;-0.1303
TBC1D4,-0.1091032591215666,True,2,-0.1574;-0.0608
CERS6,-0.10908642200909607,True,2,-0.0900;-0.1282
CGRRF1,-0.10907510085666122,False,2,0.0258;-0.2440
SALL3,-0.1090546303386527,False,2,-0.2606;0.0425
MRPL48,-0.10904419944697691,True,2,-0.1763;-0.0418
RHOG,-0.10903995282422924,True,2,-0.0665;-0.1516
BTD,-0.10903406137304356,True,2,-0.0380;-0.1800
FUT7,-0.1090272842583786,True,2,-0.1442;-0.0739
EIF1AY,-0.10902463155291292,True,2,-0.0179;-0.2002
RRAGB,-0.10901055066773235,False,2,0.0240;-0.2420
ZNF121,-0.10900017617035862,True,2,-0.0926;-0.1254
HIST1H2BG,-0.1089793423121197,True,2,-0.1932;-0.0247
LPCAT3,-0.10895927541979222,True,2,-0.1764;-0.0415
RTN4IP1,-0.10895259643002053,True,2,-0.0039;-0.2141
CACNB4,-0.108914770863352,True,2,-0.1393;-0.0785
COQ6,-0.1088897809901056,False,2,-0.2477;0.0299
LSM12,-0.10888185151746915,True,2,-0.1345;-0.0833
CD40LG,-0.10881709631408182,False,2,0.0694;-0.2871
S100A1,-0.10880042873369927,True,2,-0.1879;-0.0297
STS,-0.10878300282129272,True,2,-0.0256;-0.1920
MRPL34,-0.10877983080311987,True,2,-0.0487;-0.1688
SESN2,-0.10864354293304251,True,2,-0.1740;-0.0433
LILRA2,-0.1086398067272929,True,2,-0.2156;-0.0017
PODXL,-0.10863066053898474,False,2,-0.2930;0.0757
CNEP1R1,-0.10862985007034315,True,2,-0.0385;-0.1788
KHDC4,-0.10860627699155129,True,2,-0.0558;-0.1614
AKAP5,-0.10859256874565598,True,2,-0.1376;-0.0796
ODF2L,-0.10852727562462833,True,2,-0.0537;-0.1634
NEDD8,-0.10851605185577395,True,2,-0.1288;-0.0882
HSPA1B,-0.10851099869630576,True,2,-0.1526;-0.0644
TLR2,-0.10849734836501906,True,2,-0.1036;-0.1134
AGAP6,-0.10848455016521824,True,2,-0.1547;-0.0623
SF3B5,-0.10847108973454894,True,2,-0.1065;-0.1105
AURKAIP1,-0.10845488738724768,True,2,-0.0921;-0.1248
HNRNPAB,-0.10843427170661096,True,2,-0.1815;-0.0354
BIRC6,-0.1084076962462312,True,2,-0.1044;-0.1124
KCNA2,-0.10840732279297449,True,2,-0.1065;-0.1103
TIGAR,-0.108336408553807,True,2,-0.0758;-0.1409
TNFRSF1B,-0.10830419694878818,False,2,0.0454;-0.2620
LYPLA1,-0.10826839628433083,False,2,-0.2554;0.0388
DRAM1,-0.10824600793380046,True,2,-0.0826;-0.1339
CACNA1H,-0.10822327276222582,True,2,-0.1505;-0.0659
UPF2,-0.10820457187385008,True,2,-0.1137;-0.1028
ARSA,-0.10811845597082587,True,2,-0.1626;-0.0536
FAAH,-0.10808373581270769,True,2,-0.1014;-0.1147
COX5B,-0.108066530020003,True,2,-0.1032;-0.1129
MAPK1IP1L,-0.10805938603492837,True,2,-0.0704;-0.1457
OGT,-0.10805646916718015,True,2,-0.0925;-0.1236
INPP5E,-0.10805585051487887,True,2,-0.2103;-0.0058
TRMT61A,-0.10801663157828828,True,2,-0.1031;-0.1129
ZFP69,-0.10801139299411966,True,2,-0.1184;-0.0976
EEF1A1,-0.10801007134903784,False,2,-0.2355;0.0195
STAMBPL1,-0.10798636034767872,True,2,-0.1739;-0.0421
NID2,-0.10797742048784265,True,2,-0.1202;-0.0958
RWDD1,-0.10796459378973067,True,2,-0.2039;-0.0120
GINM1,-0.10794138366705797,False,2,-0.2478;0.0319
NCOA1,-0.1079258740030336,True,2,-0.0675;-0.1484
RBM19,-0.10792314639638784,True,2,-0.1045;-0.1113
NABP2,-0.10788498013246739,True,2,-0.2148;-0.0010
EGR1,-0.10782967325619452,True,2,-0.1345;-0.0811
S100A13,-0.10779656580556018,True,2,-0.0334;-0.1822
IRAK1BP1,-0.10773879604280773,False,2,0.1344;-0.3499
ZBTB2,-0.10771034514584477,True,2,-0.0386;-0.1768
GNG8,-0.10767454194693488,True,2,-0.1345;-0.0809
JUND,-0.10766956329776006,True,2,-0.0888;-0.1265
ERCC5,-0.10754075026582788,False,2,-0.2244;0.0093
FBXL12,-0.10751605522998364,False,2,-0.2331;0.0181
SC5D,-0.10751254260096632,True,2,-0.0352;-0.1798
SPOPL,-0.10750125398770927,True,2,-0.1769;-0.0381
IL13RA1,-0.10747209169924848,True,2,-0.0934;-0.1216
BHLHB9,-0.10746285357715579,True,2,-0.1717;-0.0432
FOXD4L5,-0.10743306538348829,True,2,-0.2061;-0.0087
IKBIP,-0.10742722858156778,True,2,-0.1587;-0.0562
HNRNPM,-0.10741022783176513,False,2,-0.2212;0.0064
PTOV1,-0.10739613887832417,True,2,-0.1348;-0.0800
RUNDC1,-0.10735321460207126,True,2,-0.1658;-0.0489
PLOD3,-0.10734860158231863,True,2,-0.0692;-0.1455
TNFAIP3,-0.10729017339695773,True,2,-0.1701;-0.0445
S100A11,-0.10728826876173375,True,2,-0.0600;-0.1546
DBI,-0.10727336300488655,True,2,-0.0939;-0.1207
MAPK12,-0.10723688581751378,True,2,-0.0151;-0.1994
CYTH1,-0.10719257642867241,True,2,-0.1134;-0.1010
CIAO1,-0.10717670712672106,True,2,-0.1778;-0.0366
ARHGAP33,-0.10714377325295626,True,2,-0.1710;-0.0433
PMP22,-0.10714141334439942,True,2,-0.1723;-0.0420
APOLD1,-0.10712472886726349,True,2,-0.1316;-0.0827
TCEAL4,-0.10707137917639342,False,2,-0.2259;0.0118
PPCS,-0.10706354159670695,True,2,-0.1916;-0.0226
SLC25A42,-0.10702748401431472,True,2,-0.1081;-0.1060
EHBP1L1,-0.10702544630224348,True,2,-0.0626;-0.1514
ATG4B,-0.10701420460682826,True,2,-0.0348;-0.1793
VPS37C,-0.10698152281277906,True,2,-0.1624;-0.0515
KBTBD2,-0.10689028144307278,True,2,-0.1694;-0.0444
ARL3,-0.10688101468355271,True,2,-0.0636;-0.1501
HSD11B1,-0.10686473654021422,True,2,-0.1620;-0.0517
FYTTD1,-0.10681911353800733,True,2,-0.0396;-0.1741
ZFAND6,-0.10675255687056395,True,2,-0.1932;-0.0203
SET,-0.1067516440504766,True,2,-0.0377;-0.1758
FOXB2,-0.10672618741661416,True,2,-0.0344;-0.1791
ZNF800,-0.10671713457814508,True,2,-0.1425;-0.0709
HNF1B,-0.10668891403910008,True,2,-0.0587;-0.1547
NFIA,-0.10665749109449074,True,2,-0.1003;-0.1130
MCM8,-0.10665657520216754,False,2,-0.3219;0.1086
OSBPL10,-0.10663880359112915,True,2,-0.1094;-0.1039
NDRG1,-0.10657599665129491,True,2,-0.1105;-0.1027
MTMR8,-0.10654591341388642,False,2,-0.2622;0.0491
HDDC3,-0.10653377818208454,True,2,-0.1296;-0.0834
FNDC3A,-0.10651711588576335,True,2,-0.0728;-0.1402
HOXA2,-0.10650262559757989,True,2,-0.0841;-0.1289
RNF125,-0.10641861465150082,False,2,-0.2251;0.0122
EN1,-0.10628338291336525,False,2,-0.2600;0.0474
TMEM129,-0.10626968711443474,False,2,-0.4469;0.2344
UPK3BL1,-0.10626100158687835,False,2,-0.2149;0.0024
COL27A1,-0.10623471343143515,True,2,-0.0924;-0.1200
FABP2,-0.10620397436448775,True,2,-0.0828;-0.1296
LY96,-0.1061943816340466,False,2,-0.2470;0.0346
CCAR2,-0.1061706463405821,True,2,-0.1502;-0.0621
BCL9,-0.10615481837450202,True,2,-0.1022;-0.1101
NOM1,-0.10613528179653764,True,2,-0.1975;-0.0147
TP53BP1,-0.10610100203465084,True,2,-0.1256;-0.0866
SLC35C1,-0.10609106758705406,False,2,0.0383;-0.2505
CEP44,-0.10606238791655209,True,2,-0.1303;-0.0818
RFK,-0.10602632334283679,False,2,-0.2222;0.0101
IGSF9B,-0.10599618780818937,True,2,-0.1393;-0.0727
GEM,-0.10598639295454637,True,2,-0.0521;-0.1599
RNF40,-0.10596572076648414,False,2,-0.2330;0.0211
EMC4,-0.10593113316980846,True,2,-0.1020;-0.1099
RASA4,-0.10590739121514536,True,2,-0.0989;-0.1129
ZNF43,-0.10588251182293162,True,2,-0.1259;-0.0859
STARD9,-0.10584908671165005,True,2,-0.0632;-0.1485
ARG2,-0.10583340531138796,True,2,-0.0327;-0.1790
FAM200B,-0.10581897197461698,False,2,-0.2900;0.0784
AGER,-0.10581244827516995,False,2,0.0461;-0.2577
MBOAT4,-0.10580868605414157,True,2,-0.1517;-0.0599
ZC3H7A,-0.10579982618854683,True,2,-0.0849;-0.1267
TRUB2,-0.105743267348123,True,2,-0.1184;-0.0931
PLEKHF2,-0.10567299238009559,True,2,-0.1762;-0.0352
SCNM1,-0.10564733762943834,True,2,-0.0156;-0.1957
WDR20,-0.10562733400475577,True,1,-0.1056
ABCG1,-0.10561190630822587,False,2,0.0479;-0.2591
C14orf93,-0.10560203893077758,True,2,-0.0776;-0.1336
TAZ,-0.105571664173017,True,2,-0.1735;-0.0376
ADGRL1,-0.10556393079580545,True,2,-0.1408;-0.0703
TXNDC15,-0.10554346320881003,True,2,-0.1063;-0.1048
PNMA3,-0.10549675694501154,True,2,-0.1499;-0.0611
VCPKMT,-0.10548600724044255,True,2,-0.0880;-0.1229
ATAT1,-0.10546211819144286,True,2,-0.0939;-0.1171
C12orf66,-0.10543100961898155,False,2,-0.2147;0.0038
PHKA2,-0.10539495987525627,True,2,-0.0337;-0.1771
DDX5,-0.10530292490471127,True,2,-0.1481;-0.0625
PPP1R3E,-0.10529070001392243,True,2,-0.0421;-0.1685
ZNF470,-0.1052821150152371,False,2,-0.2657;0.0552
WDFY1,-0.10527060146770795,True,2,-0.0936;-0.1170
C16orf58,-0.1051557950681632,True,2,-0.1377;-0.0727
CBFA2T2,-0.10513073320436411,True,2,-0.1549;-0.0554
ZNF347,-0.10511632557635825,True,2,-0.1142;-0.0960
FSCN1,-0.10510734158032092,True,2,-0.0703;-0.1400
PTP4A2,-0.10508159156090935,True,2,-0.1659;-0.0443
C11orf96,-0.10506491256734263,True,2,-0.1975;-0.0126
SLC44A2,-0.10505620072153643,True,2,-0.0448;-0.1654
GMPS,-0.1049871318790569,False,2,0.0088;-0.2188
GLOD4,-0.10494867668252955,True,2,-0.1515;-0.0584
RXRA,-0.1049396053236582,True,2,-0.0837;-0.1261
ZNF701,-0.10493605237517589,True,2,-0.1269;-0.0830
HIRA,-0.1049108848373344,True,2,-0.1710;-0.0388
ATP6V1B2,-0.10486241021373899,True,1,-0.1049
C4orf46,-0.10486116619864849,True,2,-0.1160;-0.0937
LAMTOR3,-0.10479329863598386,False,2,-0.2857;0.0761
SPIN1,-0.10465501077953276,False,2,0.0722;-0.2815
PGBD4,-0.1046254399109694,True,1,-0.1046
SLC27A1,-0.10462455478950111,True,2,-0.0720;-0.1373
GK,-0.10456216199134927,True,2,-0.1667;-0.0424
PRAG1,-0.10455681256541038,True,2,-0.1410;-0.0681
CSTF2T,-0.10451860742567187,True,2,-0.1240;-0.0850
OPN1SW,-0.1045139963989451,True,2,-0.1655;-0.0435
ANP32A,-0.1044949045399694,True,2,-0.1283;-0.0807
CWC22,-0.10447126886109781,True,1,-0.1045
TTC9,-0.10443061329367415,False,2,0.0815;-0.2903
DNASE1L1,-0.1042983758227285,True,2,-0.0700;-0.1386
PIGX,-0.10427935203864686,True,2,-0.1096;-0.0990
KDM3B,-0.10420152204292216,True,2,-0.1115;-0.0969
GNL3,-0.10415842835292632,False,2,0.0098;-0.2182
IFNAR2,-0.10414650266403092,True,2,-0.1800;-0.0283
NAPSA,-0.10414638559103889,True,2,-0.0808;-0.1275
KDSR,-0.10410770484529508,True,2,-0.1285;-0.0797
TSPAN2,-0.10410331579946885,False,2,-0.2218;0.0136
NMRAL1,-0.10409524356167205,True,2,-0.1300;-0.0782
TRNT1,-0.10399078105090348,True,2,-0.0638;-0.1442
TAS2R14,-0.10397597013445581,True,2,-0.0802;-0.1278
FN1,-0.10397576744026388,True,2,-0.1631;-0.0449
SLC26A3,-0.10397303606162778,True,2,-0.2017;-0.0062
PAX5,-0.10391971300012076,True,2,-0.0577;-0.1501
UBE2L3,-0.10389534770155495,False,2,-0.3444;0.1366
GTPBP8,-0.10385555710807987,True,2,-0.1024;-0.1053
KLHL42,-0.10382760562912974,True,2,-0.1627;-0.0450
CPVL,-0.10382036553022711,True,2,-0.0101;-0.1976
CCL3L1,-0.10378364276086399,True,2,-0.0504;-0.1571
NIT2,-0.10375182144024675,False,2,0.0008;-0.2083
ZNF20,-0.10367425605673386,True,2,-0.0376;-0.1697
MSL2,-0.10365579830616356,True,2,-0.1803;-0.0270
SLC2A13,-0.10365541813614293,True,2,-0.1482;-0.0591
SPIN3,-0.10364033950255525,True,2,-0.0890;-0.1183
CLDN20,-0.1036133674091344,False,2,0.0276;-0.2348
FLAD1,-0.10361246228920062,False,2,-0.2224;0.0152
USP53,-0.10360988506585578,False,2,-0.2167;0.0095
RYR1,-0.1034621624829905,True,2,-0.1120;-0.0949
STEAP4,-0.10341745955320963,True,2,-0.0158;-0.1910
UBE2H,-0.1034060671245281,True,2,-0.1261;-0.0807
RORC,-0.10340566325258144,True,2,-0.0851;-0.1217
CCDC150,-0.10340427931976365,True,2,-0.0526;-0.1542
PRAP1,-0.10338839124912402,False,2,-0.2201;0.0134
TBX19,-0.10337466420446423,True,2,-0.1087;-0.0980
MAPK7,-0.10337399165118627,False,2,0.0436;-0.2503
NOD2,-0.10335804906745161,True,2,-0.0700;-0.1367
TMED8,-0.10334968156346547,True,2,-0.1495;-0.0571
SMIM4,-0.10333637075500018,True,2,-0.0070;-0.1996
SEPT2,-0.10327547293930439,False,2,-0.2601;0.0535
XPO6,-0.10327089043267901,False,2,-0.2216;0.0151
WASHC2A,-0.10323737075239015,True,2,-0.0603;-0.1461
AGL,-0.10322441713341518,True,2,-0.1734;-0.0331
RNF115,-0.10321087133499657,False,2,0.0710;-0.2774
CNOT4,-0.10317496620459715,True,2,-0.1546;-0.0517
LSP1,-0.10314546654066159,True,2,-0.0480;-0.1583
ETV3L,-0.10313489062744202,True,2,-0.0883;-0.1179
SPINDOC,-0.10310585675017586,True,2,-0.1225;-0.0837
CKAP4,-0.10309006091498285,True,2,-0.1235;-0.0827
HSPA1A,-0.10306769475219418,False,2,0.0909;-0.2971
ATP5S,-0.10305419969040841,True,2,-0.0142;-0.1919
HS3ST3A1,-0.10303570840453519,True,2,-0.0121;-0.1940
NIPSNAP3B,-0.10300208359871271,False,2,0.0247;-0.2308
RNLS,-0.10299159766215893,True,2,-0.1227;-0.0832
HEATR3,-0.10294921446971556,True,2,-0.0819;-0.1240
NECTIN2,-0.10292395486319494,True,2,-0.0397;-0.1662
ZNF821,-0.10292387062329611,True,2,-0.1034;-0.1025
BNIP2,-0.10287373690345736,True,2,-0.0707;-0.1350
SERINC3,-0.102870505991485,True,2,-0.0102;-0.1955
MRPL10,-0.10280106865095417,True,2,-0.1307;-0.0749
AP1M1,-0.10279253963614948,False,2,0.0118;-0.2173
REV3L,-0.10277748020163235,True,2,-0.1410;-0.0646
NSUN3,-0.10269865307070913,True,2,-0.0905;-0.1149
OAZ2,-0.10267071395840427,True,2,-0.1304;-0.0750
AP3D1,-0.10266335976374952,True,2,-0.1754;-0.0299
ANXA6,-0.10266330539280877,True,2,-0.0208;-0.1845
SERHL2,-0.10263799481699343,True,2,-0.1000;-0.1053
HMOX1,-0.10260911503967268,True,2,-0.1099;-0.0953
KMT5C,-0.10259789620628607,True,2,-0.1331;-0.0721
ARF4,-0.10258662049996503,False,2,-0.2147;0.0095
TMED6,-0.10250040538311983,True,2,-0.0811;-0.1239
IL27RA,-0.10244534881773926,True,2,-0.1686;-0.0363
ZNF154,-0.10240607887172615,True,2,-0.0808;-0.1240
MPV17L2,-0.1024004402855283,True,2,-0.1810;-0.0238
ZNF268,-0.10234096691083183,True,2,-0.1172;-0.0875
CHRNA5,-0.10233270986547549,True,2,-0.1035;-0.1012
IL1R1,-0.10230314681738667,True,2,-0.0884;-0.1162
MAN1A1,-0.10228746666380628,False,2,0.0382;-0.2428
RAB34,-0.1022792361376102,True,2,-0.0450;-0.1596
SEC22A,-0.10222931309884076,True,2,-0.0480;-0.1565
SEC61A2,-0.10216151085563652,True,2,-0.0447;-0.1596
KHK,-0.10213762169542323,True,2,-0.1133;-0.0910
FGFR1OP2,-0.10210912324528287,True,2,-0.0249;-0.1793
TRIM39,-0.10208155785557083,True,2,-0.1539;-0.0502
ZNF878,-0.10207434559901818,True,2,-0.0602;-0.1439
ABI1,-0.10207076661834602,False,2,-0.2445;0.0403
MAP3K20,-0.10206317618595523,True,2,-0.0863;-0.1178
FMNL2,-0.10200167730927545,True,2,-0.1785;-0.0255
PDZD2,-0.10199349336553454,False,2,-0.2270;0.0230
SPATA25,-0.10196794213323279,False,2,-0.2430;0.0391
ACAA2,-0.10192494810511776,True,2,-0.2016;-0.0022
ZNF727,-0.10190222362853218,False,2,-0.2342;0.0304
SLC22A3,-0.10188593788039679,True,2,-0.1657;-0.0381
KDF1,-0.10186528470591855,True,2,-0.1212;-0.0825
CENPF,-0.10181529743421791,False,2,0.0820;-0.2857
FAM156A,-0.10179706515954157,False,2,-0.2321;0.0285
SPATS2L,-0.10179505165857072,False,2,-0.3071;0.1035
NLRP2,-0.10178670682638913,True,2,-0.0934;-0.1102
COQ10B,-0.10174199313312243,True,2,-0.0074;-0.1960
A2M,-0.10171571959258563,False,2,-0.3308;0.1273
RBM24,-0.10170316716713318,False,2,0.0026;-0.2060
TAP1,-0.10166708464773544,True,2,-0.1669;-0.0364
ZFP36,-0.10165939673065622,True,2,-0.0967;-0.1066
SEPT10,-0.10164018276594722,True,2,-0.0613;-0.1420
GTF2IRD2B,-0.10161524131523125,True,2,-0.1176;-0.0856
SLC10A7,-0.1015746020720954,True,2,-0.1608;-0.0424
HMGXB3,-0.10156528411514049,False,2,0.0090;-0.2121
QPCTL,-0.10153589148114722,True,2,-0.0999;-0.1032
ASB14,-0.10152129119246706,False,2,0.0797;-0.2828
ABCB1,-0.10146189545461887,True,2,-0.1205;-0.0824
NUDT18,-0.10142897119633454,True,2,-0.1309;-0.0719
ETV2,-0.10140778249558413,True,2,-0.1094;-0.0934
PTPRA,-0.10136803326233718,True,2,-0.0886;-0.1141
PGAM5,-0.10136650619987175,True,2,-0.0946;-0.1081
SPIB,-0.10134323921005378,True,2,-0.1526;-0.0501
ARHGAP6,-0.10131962154875801,True,2,-0.1344;-0.0682
TRIM26,-0.10127017843116043,True,2,-0.0355;-0.1671
CALU,-0.101261846119861,False,2,0.0289;-0.2314
ZNF429,-0.10125081189450613,True,2,-0.0825;-0.1200
AHNAK,-0.10124446623802258,True,2,-0.1034;-0.0991
SYT11,-0.10122134010396971,True,2,-0.0532;-0.1492
DYSF,-0.10120231790978285,False,2,0.0246;-0.2270
RGL4,-0.10119016822560961,True,2,-0.0310;-0.1713
GAB2,-0.10116981344697834,True,2,-0.1347;-0.0676
CPT2,-0.10116184972113168,True,2,-0.1065;-0.0958
PPP1R16A,-0.10114309160694368,True,2,-0.1759;-0.0264
FAM129B,-0.10114300057834918,True,2,-0.0924;-0.1098
KBTBD3,-0.10106077847798761,True,2,-0.1300;-0.0722
MTERF1,-0.10100968490719925,True,2,-0.0838;-0.1182
VIPAS39,-0.10098680790249642,True,2,-0.0992;-0.1028
SZT2,-0.1009724356804812,False,2,0.0635;-0.2655
RABAC1,-0.10093052771660938,True,2,-0.0903;-0.1115
HIST1H2BC,-0.1009213128262682,True,2,-0.1501;-0.0518
ERLEC1,-0.10090389270254707,False,2,-0.2993;0.0975
WT1,-0.10086796799527631,True,2,-0.0435;-0.1583
PPP2R5D,-0.1008335992760826,False,2,-0.2089;0.0073
ADK,-0.10081673000268504,True,2,-0.1054;-0.0962
SCP2,-0.10081609891805005,True,2,-0.0041;-0.1975
CKAP2L,-0.10081254823464336,True,2,-0.1707;-0.0309
PCMTD1,-0.10078755332878886,True,2,-0.0817;-0.1199
DRAP1,-0.10072338299239392,True,2,-0.1131;-0.0883
KIF2A,-0.10069075945329614,False,2,0.0055;-0.2069
SLC6A9,-0.10056483376190523,True,2,-0.1160;-0.0851
ZNF76,-0.10053607414531279,True,2,-0.0420;-0.1590
AKT3,-0.10052994512831742,True,2,-0.0449;-0.1561
MKRN2,-0.10050803454613738,False,2,0.0394;-0.2404
ZNF696,-0.1005019561901655,True,2,-0.0997;-0.1013
KPTN,-0.10047412202855477,True,2,-0.1102;-0.0907
TBC1D22B,-0.1004588485567443,True,2,-0.0417;-0.1592
DHRS1,-0.10042615952319278,False,2,-0.2017;0.0008
IMPACT,-0.10040433094231127,True,2,-0.1145;-0.0863
ZFP3,-0.10035441592464461,True,2,-0.0454;-0.1553
KISS1R,-0.10033437461368394,True,2,-0.0487;-0.1519
CCDC90B,-0.10033258484347307,True,2,-0.0964;-0.1043
ADAT1,-0.10028269298384684,True,2,-0.0507;-0.1499
INTS8,-0.1002776773762995,False,2,0.1312;-0.3318
LRIG1,-0.10026504444738299,True,2,-0.1479;-0.0527
SLC4A1AP,-0.10022742834053722,True,2,-0.0007;-0.1998
SSH3,-0.10020845476974993,True,2,-0.1085;-0.0920
RBP2,-0.1001894685083764,True,2,-0.0386;-0.1617
TNFSF8,-0.10018898313093294,False,2,-0.2632;0.0628
HOXC4,-0.10014345906503652,False,2,-0.2083;0.0080
PRAF2,-0.10008329765956214,True,2,-0.1645;-0.0357
ZFYVE26,-0.10006043980291174,True,2,-0.0551;-0.1450
CYFIP2,-0.10003602298957692,True,2,-0.0632;-0.1368
MAPK9,-0.0999706990925579,True,2,-0.0885;-0.1115
ZCCHC14,-0.09988072119570951,True,2,-0.0481;-0.1516
TFB2M,-0.09985779770726816,True,2,-0.1239;-0.0758
GLO1,-0.09977765495708663,True,2,-0.0618;-0.1378
ZCCHC12,-0.09977698533603235,True,2,-0.1666;-0.0330
AGO4,-0.09976337770134569,True,2,-0.1021;-0.0974
PTPRM,-0.0997622696905085,True,2,-0.0558;-0.1437
UBAC1,-0.09972455751983694,True,2,-0.1292;-0.0702
SELENOP,-0.0996585817590318,True,2,-0.1692;-0.0301
UNKL,-0.09961521676026652,True,2,-0.0269;-0.1724
SDHD,-0.09957799671727985,False,2,-0.2422;0.0430
ACAD9,-0.09954955896917772,True,2,-0.0722;-0.1269
DDX39A,-0.09954648477766292,True,2,-0.1001;-0.0990
ZNF559,-0.09953510164048512,True,2,-0.0209;-0.1782
TYW3,-0.0995016611305915,True,2,-0.0277;-0.1713
IMP4,-0.09948413431185066,True,2,-0.1762;-0.0227
MRPL37,-0.09947331100879186,False,2,0.0667;-0.2656
DDX6,-0.09945505212991668,False,2,-0.2039;0.0050
TSR3,-0.09943877093531406,True,2,-0.0763;-0.1226
HIST1H2BN,-0.09941102959080433,False,2,0.0145;-0.2134
ZNF862,-0.09940044540418136,True,2,-0.0902;-0.1086
IPP,-0.09932249483681466,False,2,-0.2643;0.0657
NELFA,-0.0993122766119775,False,2,-0.2609;0.0622
DARS,-0.09928918676000209,False,2,-0.3338;0.1352
MGAT2,-0.09928879868617169,True,2,-0.1698;-0.0287
RALY,-0.09925629467776603,True,2,-0.1608;-0.0377
C1orf74,-0.09920014958429657,True,2,-0.1651;-0.0333
MBNL3,-0.09919585716102947,True,2,-0.0643;-0.1341
ARL16,-0.0991459291715836,False,2,-0.2042;0.0060
RNF170,-0.09914530897479246,True,2,-0.0926;-0.1056
ALKBH8,-0.09912424602334913,True,2,-0.0744;-0.1239
CASP8,-0.09911895541315868,False,2,0.0406;-0.2389
MLYCD,-0.09907090812153274,True,2,-0.1278;-0.0704
TSPO2,-0.09905083381812263,True,2,-0.1017;-0.0964
PUS1,-0.09899250866052378,True,2,-0.1068;-0.0912
AGGF1,-0.0989558529652732,True,2,-0.0558;-0.1421
SLC2A6,-0.09894838135387696,True,2,-0.1185;-0.0794
SLF1,-0.09888240649533125,True,2,-0.0683;-0.1295
GNAO1,-0.09886283232697651,True,2,-0.1109;-0.0868
GDAP2,-0.09883660735866162,False,2,-0.2791;0.0814
NRIP3,-0.09881124419178228,True,2,-0.0874;-0.1103
TFEB,-0.09881122683273857,False,2,0.0325;-0.2302
THAP5,-0.09880375410313696,True,2,-0.0139;-0.1837
LZTS1,-0.09877277267041379,True,2,-0.0573;-0.1403
ENTR1,-0.09877255278088976,True,2,-0.1181;-0.0795
GPRASP2,-0.09876551559307306,True,2,-0.1106;-0.0869
PARP14,-0.0987653410613133,True,2,-0.1406;-0.0569
MESP1,-0.09875436462490139,False,2,-0.2142;0.0167
OXA1L,-0.09870698892729102,True,2,-0.1640;-0.0334
POLR3G,-0.09869741203083304,True,2,-0.1515;-0.0459
RUFY2,-0.09869661348489156,True,2,-0.1422;-0.0552
AKNA,-0.09869357500792414,True,2,-0.0930;-0.1044
SLC33A1,-0.09864029839715832,True,2,-0.0800;-0.1173
PFKFB4,-0.0986107966574975,True,2,-0.1957;-0.0015
DEFA6,-0.09853075700905628,True,2,-0.1051;-0.0919
VARS,-0.09851481785245031,True,1,-0.0985
KRT1,-0.09844455688947479,True,2,-0.0628;-0.1341
FOXI3,-0.09844376093719098,True,2,-0.0237;-0.1732
PLAA,-0.09841702381103695,True,2,-0.1207;-0.0761
TM2D1,-0.09838904182327379,False,2,-0.2383;0.0416
HNRNPC,-0.09836245312931252,True,2,-0.0700;-0.1267
HPS3,-0.0983560587121104,True,2,-0.0944;-0.1024
ZNF345,-0.09831529750967044,True,2,-0.1270;-0.0696
ZG16B,-0.09827295149837151,True,2,-0.0810;-0.1155
SLFN14,-0.09826478237406738,True,2,-0.1327;-0.0638
ZNF692,-0.09825831599694823,True,2,-0.0846;-0.1119
ASPRV1,-0.09823848326676576,False,2,-0.2914;0.0950
RASSF5,-0.09821338177733663,False,2,-0.2299;0.0335
TNPO2,-0.09820866894510238,True,2,-0.0488;-0.1476
TMSB4Y,-0.09816124616870514,True,2,-0.1428;-0.0536
MKNK1,-0.09801390551216177,True,2,-0.0161;-0.1799
CD48,-0.09800429156505319,True,2,-0.1035;-0.0925
UTP18,-0.09799996217698814,True,2,-0.0346;-0.1614
LHX3,-0.09798591664489492,True,2,-0.0148;-0.1812
IDE,-0.09798031033846843,True,2,-0.0996;-0.0964
RNF185,-0.09796735444330518,True,2,-0.0365;-0.1594
DTNB,-0.09792628080143917,True,2,-0.0349;-0.1609
MRPS23,-0.09782268780721204,True,2,-0.1733;-0.0224
MPEG1,-0.09782207921515895,True,2,-0.1144;-0.0813
ZNF174,-0.0978141858813193,True,2,-0.0681;-0.1276
ZRANB2,-0.09778239738843086,True,2,-0.1718;-0.0238
FAM13B,-0.09776711833189333,True,2,-0.1099;-0.0856
GIT2,-0.09776578438472866,True,2,-0.0164;-0.1791
CNOT6L,-0.09772299355256886,True,2,-0.1055;-0.0899
BTBD1,-0.09769454439104874,True,2,-0.1494;-0.0460
ATP5PF,-0.09769209544108892,True,1,-0.0977
FBF1,-0.09768656804651227,True,2,-0.1507;-0.0447
UHRF1,-0.09765911418738915,False,2,-0.2306;0.0352
ARID3B,-0.09764920991611453,False,2,0.0799;-0.2752
TYK2,-0.0976450147424508,False,2,0.0279;-0.2232
DOT1L,-0.09764333872619368,True,2,-0.0789;-0.1164
RAB11FIP5,-0.09758794341210691,True,2,-0.0698;-0.1254
DAZAP1,-0.0975739051789708,False,2,-0.1976;0.0025
ATP2B4,-0.09756925227909413,True,2,-0.0827;-0.1124
TCEAL2,-0.0974968369802634,True,2,-0.0015;-0.1935
PRKCD,-0.09749344019572842,True,2,-0.0600;-0.1350
ZNF540,-0.09740825725002483,True,2,-0.0624;-0.1324
LOXL1,-0.09738451251999458,True,2,-0.1466;-0.0481
MAPRE3,-0.09738383605524614,False,2,-0.2139;0.0191
ADORA2B,-0.09737380062414908,True,2,-0.1602;-0.0345
AASDH,-0.09735589707914832,True,2,-0.0179;-0.1768
ILK,-0.09735375401052793,False,2,-0.2560;0.0613
TCF7L2,-0.09720817153252287,True,2,-0.1658;-0.0286
NAPG,-0.09719970546359458,False,2,-0.2019;0.0075
PPIL1,-0.09712071505748804,True,2,-0.0554;-0.1389
FBXL17,-0.09710628769781321,True,2,-0.0569;-0.1373
PALLD,-0.09709893619834586,True,2,-0.1842;-0.0100
GCFC2,-0.09708800740851853,True,2,-0.1174;-0.0767
ARRDC2,-0.0970832182787697,False,2,0.0008;-0.1950
GFOD1,-0.0970601070772748,True,2,-0.1019;-0.0922
SPINK2,-0.09704295006520108,True,2,-0.0373;-0.1568
PRDM5,-0.09699390613498532,True,2,-0.0897;-0.1042
GALNT2,-0.09698937485406184,True,2,-0.0745;-0.1195
FUT4,-0.09698426896880397,False,2,-0.2298;0.0358
ECE1,-0.09697119669890203,True,2,-0.0324;-0.1615
PRH1,-0.09684393707169547,True,2,-0.1666;-0.0271
SRI,-0.0968317463753155,True,2,-0.0621;-0.1315
TTC7B,-0.09680102648985167,True,2,-0.0669;-0.1267
LRRC56,-0.0967869762018384,True,2,-0.1549;-0.0387
EDARADD,-0.096773346810206,True,2,-0.0887;-0.1048
ASF1B,-0.09676528342325724,True,2,-0.0410;-0.1525
ZNF668,-0.09676467419706902,True,2,-0.0313;-0.1623
MAFG,-0.09675885965780967,True,2,-0.0169;-0.1767
LMBRD2,-0.09675665353925811,True,2,-0.1805;-0.0130
THOC7,-0.09673502694000374,False,2,0.1257;-0.3192
NPC2,-0.09665274252124745,True,2,-0.1360;-0.0573
LTA,-0.09657571568503154,True,2,-0.0964;-0.0967
GTF2A2,-0.09654276695687214,True,2,-0.1389;-0.0542
OARD1,-0.09652588632072562,True,2,-0.0861;-0.1070
ZC3HAV1,-0.09647051875571921,False,2,-0.1963;0.0034
ISG15,-0.09646296442643099,True,2,-0.0859;-0.1071
TMEM173,-0.09645358125664094,False,2,-0.2311;0.0382
GNG5,-0.09643639714558894,False,2,-0.2150;0.0222
MEOX1,-0.09643084169669913,True,2,-0.0549;-0.1379
DPEP2,-0.0964209582977435,True,2,-0.0580;-0.1348
LAMA2,-0.09641455302814911,True,2,-0.1087;-0.0842
DPCD,-0.09640634507019274,True,2,-0.0962;-0.0966
AGA,-0.09634680937305651,True,2,-0.1029;-0.0898
TNF,-0.09634480207400181,True,2,-0.1051;-0.0876
CNTROB,-0.09634030856773418,True,2,-0.1192;-0.0735
GFM1,-0.0962923649226895,True,2,-0.0551;-0.1375
ELP5,-0.0962803818758941,True,2,-0.0445;-0.1481
FAIM,-0.09626050217814358,True,2,-0.0558;-0.1367
ZNF831,-0.09626005113040709,True,2,-0.1248;-0.0677
DBNDD1,-0.09624104947399537,True,2,-0.0151;-0.1773
SYTL1,-0.09621361266631678,True,2,-0.0894;-0.1031
PREPL,-0.0961612740222999,True,2,-0.0592;-0.1331
CYTH3,-0.09614501064627712,False,2,0.0039;-0.1962
TPK1,-0.09614043185644411,True,2,-0.1106;-0.0817
TRAF5,-0.09612220226157986,False,2,-0.2128;0.0206
SLC29A2,-0.09611388787758851,True,2,-0.1049;-0.0874
AGO2,-0.0960682803002344,True,2,-0.0345;-0.1576
MTFMT,-0.09600612119702023,True,2,-0.1741;-0.0179
MARCKS,-0.09598153162018302,True,2,-0.0515;-0.1405
APLF,-0.09597293058411066,True,2,-0.0038;-0.1882
F11R,-0.0959635772803103,True,2,-0.1366;-0.0554
DIAPH3,-0.09596128121703729,True,2,-0.0662;-0.1257
TARBP1,-0.09593817989916831,True,2,-0.0972;-0.0947
RPP25L,-0.0959192246889714,True,2,-0.1454;-0.0464
HIST1H2AI,-0.09579193258829383,True,2,-0.0520;-0.1396
MCRS1,-0.09576377637290179,True,2,-0.1723;-0.0192
EXT2,-0.09575667518106973,True,2,-0.1427;-0.0488
TNFSF12-TNFSF13,-0.09574083378429121,False,2,-0.3185;0.1270
HMOX2,-0.09569675113591625,True,2,-0.0975;-0.0939
NOP16,-0.09568599366122787,False,2,-0.2232;0.0319
NEK4,-0.09567711155942904,True,2,-0.1364;-0.0550
CCDC171,-0.09562406725215267,True,2,-0.1558;-0.0354
CFAP70,-0.0955877266510603,True,2,-0.1341;-0.0571
SLFN5,-0.09551373660326135,False,2,0.0283;-0.2193
RTKN2,-0.09551125489479345,False,2,0.0450;-0.2360
TIMM10B,-0.09549885584362255,False,2,0.0407;-0.2317
ARF3,-0.09546399111282156,True,2,-0.1776;-0.0133
TOR2A,-0.09545314010943129,True,2,-0.0958;-0.0951
MRPL43,-0.09545288232984273,False,2,-0.2106;0.0197
NOBOX,-0.09544639164922397,True,2,-0.1061;-0.0848
UNC93B1,-0.09538980437584849,True,2,-0.0203;-0.1704
GBA2,-0.09537714017990406,False,2,-0.2069;0.0162
XBP1,-0.09534783171170141,True,2,-0.1507;-0.0400
PLEKHG2,-0.09527523529747206,True,2,-0.0048;-0.1858
GATD1,-0.09527192535854823,True,2,-0.0408;-0.1497
ATP5IF1,-0.09522911639592385,False,2,0.0032;-0.1936
PMCH,-0.09520960391760525,True,2,-0.1156;-0.0748
RCHY1,-0.09518813855990438,False,2,-0.2551;0.0647
ADAMTS6,-0.09513652701712028,False,2,-0.2340;0.0437
NUB1,-0.09509646169616726,True,2,-0.0500;-0.1402
ZC3H10,-0.09509309989402731,True,2,-0.0743;-0.1159
RGS6,-0.09508746504124188,True,2,-0.1175;-0.0727
AIG1,-0.09508204991558833,False,2,-0.1913;0.0011
CIP2A,-0.09506975656399969,True,2,-0.0285;-0.1617
BBS1,-0.0950137885613751,True,2,-0.0120;-0.1780
HIST1H2BF,-0.09497822132553868,False,2,-0.1937;0.0038
STRADA,-0.09497373874482201,True,2,-0.0057;-0.1843
BET1L,-0.09496617344058267,True,2,-0.1731;-0.0168
PEX5,-0.09490721646164035,True,2,-0.1101;-0.0798
GPR183,-0.09490492076333701,True,2,-0.1118;-0.0780
ATAD3A,-0.09489828308983961,True,2,-0.0791;-0.1107
ZNF45,-0.09489324077949302,False,2,-0.2804;0.0906
AP5Z1,-0.09487192019566543,True,2,-0.0946;-0.0951
CLIP2,-0.09486767865922657,False,2,0.0056;-0.1953
UQCRB,-0.09481332376182805,True,2,-0.1639;-0.0258
SLC48A1,-0.09477278783294285,True,2,-0.1404;-0.0492
ZNF770,-0.0947353817320144,True,2,-0.1208;-0.0687
ADAL,-0.09471468187511778,False,2,-0.2038;0.0143
TFIP11,-0.0946779252008148,False,2,0.0253;-0.2147
NOS1,-0.09464038762515592,True,2,-0.1449;-0.0444
TEX2,-0.09463992567384916,True,2,-0.0204;-0.1688
ATF6B,-0.09463087504183798,True,2,-0.0630;-0.1263
CEP250,-0.09462192503556877,True,2,-0.0419;-0.1473
PKN2,-0.0946074833176046,True,2,-0.1408;-0.0484
NAA35,-0.09457181278146587,True,2,-0.0126;-0.1766
KATNB1,-0.09454686290910896,True,2,-0.0997;-0.0893
GAL3ST4,-0.09450098930207185,True,2,-0.1017;-0.0873
SOX7,-0.09448892398503217,True,2,-0.0969;-0.0920
CHD3,-0.0943820280553418,True,2,-0.0186;-0.1702
GLB1L,-0.09437241357736803,True,2,-0.1544;-0.0344
ZNF35,-0.0943368988190606,True,2,-0.1879;-0.0008
SLU7,-0.09431184558945327,True,1,-0.0943
CLCN5,-0.09430456814192334,True,2,-0.0055;-0.1831
REXO5,-0.09425222919311044,True,2,-0.0569;-0.1316
FAM219A,-0.09424928526621085,True,2,-0.0714;-0.1171
SLC26A11,-0.09413506000442551,True,2,-0.0379;-0.1504
RAB3A,-0.09412697179434493,True,2,-0.1446;-0.0436
TRIM32,-0.09411848599753281,False,2,-0.2227;0.0344
NDUFS5,-0.09411805810138052,True,2,-0.1141;-0.0741
HIST1H4I,-0.09408749180906567,True,2,-0.0709;-0.1173
RPS19BP1,-0.09405540010329849,True,1,-0.0941
LRRC37A,-0.09405011161079307,False,2,0.0378;-0.2259
ARSG,-0.09403411575637755,True,2,-0.0325;-0.1556
SKI,-0.09402712270918812,True,2,-0.0813;-0.1067
BCORL1,-0.09402143115088663,True,2,-0.0582;-0.1299
THUMPD1,-0.09401943463994256,False,2,-0.2906;0.1025
SH2B1,-0.09401013372684763,True,2,-0.1637;-0.0243
ASB1,-0.09396861529138922,True,2,-0.0108;-0.1771
GTPBP2,-0.09395445508300271,True,2,-0.0110;-0.1769
RBM23,-0.09393037928926529,False,2,-0.2696;0.0817
TMED3,-0.09390116682258609,True,2,-0.1768;-0.0110
CAMSAP2,-0.09389047974265174,True,2,-0.0672;-0.1206
UTP25,-0.09386942949151389,True,2,-0.1347;-0.0530
APOO,-0.09386829959177734,True,2,-0.0140;-0.1738
TNFRSF12A,-0.09383963040945964,False,2,-0.2986;0.1109
MNT,-0.09376882806631581,False,2,0.0076;-0.1951
SGK494,-0.09374693503752962,True,2,-0.0981;-0.0894
LRSAM1,-0.09373837886875014,False,2,-0.2643;0.0768
HELZ2,-0.09372293662517883,True,2,-0.0666;-0.1209
ZHX1,-0.09369222531542315,True,2,-0.0610;-0.1263
SLC25A44,-0.09366062110019907,True,2,-0.0809;-0.1064
CAPZA2,-0.09363011724607251,True,2,-0.0563;-0.1309
FRS2,-0.09361928924568647,False,2,0.0235;-0.2107
TMPPE,-0.09361441064063986,True,2,-0.1302;-0.0570
C1QB,-0.09358482708334492,True,2,-0.0744;-0.1128
ADGRV1,-0.09357316524377379,True,2,-0.1489;-0.0382
CRLF2,-0.09357143321281619,True,2,-0.0818;-0.1053
MAP3K14,-0.09349594436167363,True,2,-0.0761;-0.1109
KDM5D,-0.09347354090134641,False,2,-0.2482;0.0613
RABL2B,-0.09343930076943663,False,2,0.0260;-0.2128
NOTCH2NLA,-0.09339078579894955,True,2,-0.0921;-0.0947
ARL6IP6,-0.09338457910301606,True,2,-0.1125;-0.0743
TSEN15,-0.09336338457361748,False,2,-0.2330;0.0463
DEFA3,-0.09333225327408917,True,2,-0.0710;-0.1157
SLC3A1,-0.09328627503500508,True,2,-0.1368;-0.0497
SERF1B,-0.09328155167642144,False,2,0.0581;-0.2446
MUC5AC,-0.09328084233894518,True,2,-0.0924;-0.0941
PATL1,-0.09327039634809231,True,2,-0.1182;-0.0683
ZNF761,-0.09325790979758541,True,2,-0.1328;-0.0537
NR1I3,-0.09320141404400445,True,2,-0.0311;-0.1553
EMC10,-0.09319438555446474,False,2,0.0365;-0.2229
ZNF333,-0.0930870864032669,True,2,-0.0938;-0.0923
TACC1,-0.09304165498503203,True,2,-0.1364;-0.0497
PPCDC,-0.09298709863265786,False,2,-0.2194;0.0334
JRKL,-0.09298004316939318,True,2,-0.0179;-0.1681
CERK,-0.09293404280802209,False,2,-0.2772;0.0913
LYRM7,-0.0929321013505251,True,2,-0.0418;-0.1441
COL22A1,-0.0929125478685,True,2,-0.1726;-0.0132
LYRM2,-0.09289621110502888,True,2,-0.0981;-0.0876
DDHD2,-0.09288566097805534,True,2,-0.1161;-0.0696
SPRY2,-0.09286888261674203,False,2,0.0089;-0.1946
KLHL20,-0.09285604386576041,True,2,-0.0757;-0.1100
SLC39A11,-0.09282815323107474,True,2,-0.1398;-0.0458
NUDT8,-0.09281686568589276,True,2,-0.1547;-0.0309
TCEAL1,-0.09279814973335332,False,2,-0.3951;0.2095
ALX1,-0.09279552528151841,True,2,-0.0576;-0.1280
RORA,-0.09278509211451463,True,2,-0.1033;-0.0823
ATXN7L3B,-0.0927693950438035,True,2,-0.0869;-0.0986
CCDC159,-0.09274680278621644,True,2,-0.0802;-0.1053
CD4,-0.09272239594770659,True,2,-0.0608;-0.1247
PAX7,-0.09266101221538159,True,2,-0.1828;-0.0025
KIAA0586,-0.09256357194728942,True,2,-0.0294;-0.1557
WBP1L,-0.09254759391992667,True,2,-0.0643;-0.1208
PPP2R2A,-0.09252523688314385,False,2,-0.2104;0.0254
H1FX,-0.09251787938323969,True,2,-0.0282;-0.1568
LZTS2,-0.09251000120608999,True,2,-0.1264;-0.0586
CD33,-0.09250890871026995,False,2,0.0048;-0.1899
TMEM185B,-0.09246796414358716,False,2,0.0094;-0.1944
C1orf52,-0.09246072473321598,True,2,-0.1513;-0.0336
TBX1,-0.09243218937196446,True,2,-0.0836;-0.1013
RPTOR,-0.09240423450122326,True,2,-0.1221;-0.0627
NLRP6,-0.09236929029575253,True,2,-0.0240;-0.1608
RILP,-0.09236916412055418,True,2,-0.0487;-0.1360
NR5A2,-0.09235178556487644,False,2,-0.2464;0.0617
SCYL1,-0.09232935390011238,True,2,-0.0481;-0.1366
OTOG,-0.0922839303997649,True,2,-0.1120;-0.0726
TMEM60,-0.09227616941772149,True,2,-0.1211;-0.0634
PKP2,-0.09222830367562218,True,2,-0.0652;-0.1193
HIST3H2A,-0.09221833943978353,True,2,-0.0086;-0.1758
ARGLU1,-0.09216880647758241,True,2,-0.1555;-0.0289
RIF1,-0.09211537004889014,True,2,-0.1636;-0.0207
MYL12B,-0.09210457372024794,True,2,-0.1810;-0.0032
TERB1,-0.09207930014265303,True,2,-0.1170;-0.0671
P3H4,-0.09205213786433258,True,2,-0.0907;-0.0934
DAP,-0.09205106142532749,False,2,-0.3585;0.1744
STMN3,-0.09204205421542205,True,2,-0.1198;-0.0643
DTWD1,-0.09203749343080425,False,2,-0.2543;0.0703
SREBF1,-0.09201124814476258,True,2,-0.1760;-0.0080
TAF11,-0.09200280863256527,True,2,-0.0602;-0.1238
RMDN3,-0.09190640383362758,True,2,-0.1602;-0.0236
IL3,-0.09186586847829648,True,2,-0.0011;-0.1826
SHROOM1,-0.09185685551369716,True,2,-0.1354;-0.0483
IMMP1L,-0.0917148832742889,False,2,0.0285;-0.2119
MUSTN1,-0.09169434760753331,True,2,-0.0513;-0.1321
GSTK1,-0.09168895182608505,False,2,-0.1917;0.0083
FAM169A,-0.09162443609159254,False,2,0.0135;-0.1968
TUBG2,-0.09161556446850044,True,2,-0.0521;-0.1312
FAM206A,-0.09158141945524856,True,2,-0.0633;-0.1199
FOXD2,-0.09156533070408251,True,2,-0.1243;-0.0588
KCTD3,-0.09154738445515292,False,2,0.0461;-0.2292
CHTF18,-0.09154450752768051,False,2,-0.3257;0.1427
UBOX5,-0.09149862549609611,False,2,-0.2453;0.0623
COL5A1,-0.0914919122349992,False,2,-0.2593;0.0763
APOBEC3G,-0.09147734062756574,False,2,-0.3065;0.1235
PRMT6,-0.09145389971096957,True,2,-0.0813;-0.1016
LCP1,-0.09145025840546733,False,2,0.0195;-0.2024
NKX1-2,-0.09140488576191008,False,2,-0.2159;0.0331
TTBK2,-0.09139689030115195,True,2,-0.0302;-0.1526
SLC9A7,-0.09138384635219171,True,2,-0.0489;-0.1339
PRTFDC1,-0.09136912660371588,True,2,-0.0649;-0.1178
POR,-0.09136881949592784,False,2,0.0381;-0.2209
GPKOW,-0.09136151107059803,True,2,-0.0242;-0.1585
GDF15,-0.09135935132610262,True,2,-0.0016;-0.1811
C12orf60,-0.09133806138321865,True,1,-0.0913
SGPP1,-0.0913302295630688,True,2,-0.0520;-0.1307
C18orf21,-0.09127353865976695,False,2,-0.2675;0.0850
TGFB1,-0.09125599035048743,True,2,-0.0937;-0.0888
TUBGCP6,-0.09123815043810174,False,2,0.0117;-0.1942
MLLT1,-0.09122218530102172,True,2,-0.0801;-0.1024
DCP1B,-0.09120991112709431,True,2,-0.0417;-0.1408
EPB42,-0.09119735361300946,True,2,-0.0238;-0.1586
SUGP1,-0.09118515201561406,False,2,-0.1941;0.0117
MATR3,-0.09117392627722531,False,2,-0.2096;0.0273
DENND4B,-0.09113257818303006,True,2,-0.1506;-0.0317
IBTK,-0.09109150607754285,True,2,-0.0712;-0.1110
B3GALT6,-0.09109136387426447,True,2,-0.0295;-0.1527
ZNF251,-0.09104075483830792,False,2,0.0154;-0.1975
PIK3CD,-0.09097454146059836,False,2,-0.2194;0.0375
SLC35E3,-0.09096115509470637,True,2,-0.1756;-0.0063
SLC10A1,-0.09092495240488935,True,2,-0.0683;-0.1136
NT5E,-0.09090900814746028,True,2,-0.1769;-0.0049
TMIGD2,-0.09089552677906498,True,2,-0.1651;-0.0167
COX17,-0.09088571162051562,True,2,-0.1517;-0.0300
TXNDC5,-0.09087470503510209,True,2,-0.0334;-0.1484
HLA-DOB,-0.09083033706324067,True,2,-0.0149;-0.1668
HCFC1,-0.09080750238164925,False,2,0.1521;-0.3337
ZRANB3,-0.09077163791836967,True,2,-0.1338;-0.0477
TFAP2B,-0.0907650483497161,True,2,-0.1225;-0.0590
PKIA,-0.0907039921063843,False,2,0.0049;-0.1863
KIAA1328,-0.09059648080907434,True,2,-0.1659;-0.0153
NSMAF,-0.0905950382296235,True,2,-0.0974;-0.0837
ZNF563,-0.0905892636975591,True,2,-0.0518;-0.1294
GNAS,-0.0905660837499993,False,2,-0.2054;0.0243
SIN3B,-0.09055323002195675,True,2,-0.0273;-0.1538
RFFL,-0.09051576783289694,True,2,-0.0058;-0.1753
ZBED6,-0.09048132400475117,False,2,-0.2090;0.0281
SESN3,-0.09047669039116218,True,2,-0.1089;-0.0720
KCTD2,-0.09046911244293476,False,2,-0.2097;0.0288
CD52,-0.09046684571836694,True,2,-0.1025;-0.0785
GPC2,-0.09044748297716398,True,2,-0.0398;-0.1411
WDR27,-0.09044568928511543,True,2,-0.0983;-0.0826
PRXL2A,-0.0904389006242502,True,2,-0.0810;-0.0999
SERPING1,-0.090407843714426,True,2,-0.1515;-0.0293
GRAP,-0.0903851895584113,True,2,-0.0690;-0.1118
MAP4K2,-0.09036406769519323,False,2,-0.1925;0.0118
BAZ2A,-0.09032644125542716,True,2,-0.1318;-0.0488
UXT,-0.0903119793411985,False,2,-0.2074;0.0267
CUL5,-0.09029530415729287,True,2,-0.1228;-0.0578
COPS6,-0.09027083056298801,True,1,-0.0903
RTL6,-0.09024020427273988,True,2,-0.1332;-0.0473
PEX7,-0.09022594131601602,True,2,-0.0247;-0.1558
DLEC1,-0.09020886085815544,True,2,-0.1443;-0.0362
CYP2E1,-0.09014166464915008,False,2,-0.2128;0.0325
PDIA4,-0.09013497071861937,True,2,-0.1073;-0.0730
FOXP2,-0.09011604934057732,True,2,-0.0446;-0.1357
ZFAND4,-0.09006481750869366,True,2,-0.0851;-0.0950
CLEC11A,-0.08997513612902458,True,2,-0.0862;-0.0938
LRIG2,-0.0899143164557622,False,2,0.0135;-0.1933
SLC22A17,-0.08990694922866332,True,2,-0.0092;-0.1706
ADPRM,-0.08990618058444483,True,2,-0.1436;-0.0362
HIST1H3B,-0.08989076765679471,True,2,-0.1391;-0.0407
ATP10A,-0.08985712448082994,True,2,-0.1302;-0.0495
PCBD1,-0.08983713820359363,True,2,-0.0641;-0.1155
ABCC1,-0.08978081316019787,True,2,-0.0992;-0.0804
RAD51B,-0.08977274477389091,True,2,-0.0509;-0.1286
SEMA6A,-0.08974958973402869,True,2,-0.0553;-0.1242
AK2,-0.08972928435688932,True,1,-0.0897
VWA7,-0.08966506020847509,True,2,-0.1086;-0.0707
PFKM,-0.08961502308287123,False,2,0.0220;-0.2012
IGFBP5,-0.0896109455483195,False,2,0.1422;-0.3214
ACADS,-0.0895955182083148,True,2,-0.1701;-0.0091
LRIF1,-0.08958383028791106,True,2,-0.1017;-0.0775
FAM118B,-0.08957481189658095,True,2,-0.0831;-0.0961
TMEM39B,-0.08957374769245607,True,2,-0.0363;-0.1428
C8orf33,-0.08957045541542802,True,2,-0.0886;-0.0905
R3HDM1,-0.08956120813027113,True,2,-0.0620;-0.1171
BTBD8,-0.08951658288755732,True,2,-0.0707;-0.1083
NAMPT,-0.08949243528328032,True,2,-0.1297;-0.0493
CLBA1,-0.08946727161098056,True,2,-0.0808;-0.0981
HIST1H2BL,-0.08946232921846364,True,2,-0.0555;-0.1234
MLXIPL,-0.08944897930459239,True,2,-0.0470;-0.1319
DCN,-0.08941771918258684,True,2,-0.1128;-0.0660
ZNF230,-0.08935570547771299,False,2,-0.1895;0.0108
APOA1,-0.08927506727584983,True,2,-0.0651;-0.1135
EOMES,-0.08924074957019129,False,2,0.0566;-0.2351
ATG5,-0.08921477135179079,True,2,-0.1447;-0.0338
PDLIM7,-0.08920732226837441,True,2,-0.0738;-0.1046
MRI1,-0.08918995585360318,True,2,-0.1294;-0.0490
LRRN3,-0.08915024982095981,True,2,-0.1425;-0.0358
YIF1B,-0.08912197712935566,False,2,-0.2005;0.0222
ZNFX1,-0.08909770071768047,True,2,-0.0230;-0.1552
UXS1,-0.08909181384108356,False,2,-0.1946;0.0164
AQP1,-0.08907016016969749,True,2,-0.1733;-0.0048
EPC2,-0.08906401759944538,True,2,-0.1272;-0.0509
IRF3,-0.08901869899342102,True,2,-0.1366;-0.0414
SYNE1,-0.08896908380549517,True,2,-0.1422;-0.0357
DOCK11,-0.08895442459140895,True,2,-0.0217;-0.1562
GPR19,-0.08893878704153535,False,2,-0.2609;0.0831
SMPD3,-0.0888950389865647,False,2,0.0106;-0.1884
GINS2,-0.08888456429453562,True,2,-0.0379;-0.1398
HHEX,-0.08886203161863948,False,2,0.0430;-0.2207
LRRFIP1,-0.08884954809102008,False,2,-0.2063;0.0286
DDX31,-0.08881592368668512,False,2,-0.2220;0.0444
WDR47,-0.0887767201350802,True,2,-0.1019;-0.0756
ST3GAL4,-0.0887748803523169,True,2,-0.1464;-0.0311
KDM8,-0.08876365358158489,True,2,-0.1537;-0.0238
CLN8,-0.0887486487526879,True,2,-0.1331;-0.0444
ZNF253,-0.08866039460165748,True,2,-0.0849;-0.0924
FLI1,-0.08858492016536257,False,2,-0.2763;0.0991
ITGAE,-0.08856644897848542,False,2,-0.2086;0.0314
CS,-0.08848174194348579,True,2,-0.1400;-0.0370
SERPINB1,-0.0884683001169363,False,2,-0.1804;0.0034
TRIM74,-0.08844817980524405,False,2,0.0539;-0.2308
FOXN3,-0.08842967318703987,False,2,-0.1958;0.0190
PLA2G6,-0.0884163678836501,True,2,-0.1425;-0.0343
ZBTB10,-0.08838204685099138,True,2,-0.0957;-0.0810
POMGNT1,-0.08831016811218678,True,2,-0.0879;-0.0887
PHACTR2,-0.08830298859599484,True,2,-0.0790;-0.0976
DDX49,-0.08830155464498035,True,2,-0.0182;-0.1584
MYO3B,-0.08828801838016304,True,2,-0.0130;-0.1636
MTMR7,-0.08824767637218622,True,2,-0.0265;-0.1499
NR1D2,-0.08813719062655168,False,2,-0.2159;0.0397
PAFAH1B2,-0.08808844584402487,False,2,0.1605;-0.3367
NSD3,-0.08805469007222516,True,2,-0.1029;-0.0732
GPSM1,-0.08805374967474128,True,2,-0.0335;-0.1426
RFX1,-0.08804839815618037,True,2,-0.1506;-0.0254
TRNAU1AP,-0.0880033093180449,False,2,0.0333;-0.2093
ASCL4,-0.08799868764277063,False,2,-0.2448;0.0688
FBXO33,-0.08799688331899702,True,2,-0.0928;-0.0832
PCP2,-0.08796713089709707,True,2,-0.1589;-0.0170
AGPAT3,-0.08795759730004504,True,2,-0.1200;-0.0559
TMEM131L,-0.08785862873823913,False,2,-0.2092;0.0335
ENO1,-0.08782691364109363,False,2,0.0733;-0.2490
NT5DC3,-0.0877798414106602,True,2,-0.0033;-0.1723
DLG5,-0.08777372407094686,True,1,-0.0878
LETM1,-0.0877455795324164,False,2,0.1279;-0.3034
PHF8,-0.08770510226601841,True,2,-0.0873;-0.0881
FAS,-0.08768075481895127,True,2,-0.1004;-0.0749
GPRC5B,-0.08767400569196687,True,2,-0.0066;-0.1688
KANSL1L,-0.08764068746262976,True,2,-0.1726;-0.0027
ZNF575,-0.08761902533158339,True,2,-0.1513;-0.0240
GRIN2B,-0.08761871764584289,True,2,-0.0486;-0.1267
MBOAT1,-0.08761365775472546,True,2,-0.0029;-0.1723
TAF9,-0.08761215743583717,True,2,-0.0044;-0.1708
ESRRA,-0.08758649197533658,True,2,-0.0516;-0.1235
PTPA,-0.08757963282784753,False,2,-0.2419;0.0668
GPR132,-0.08757862797346999,True,2,-0.0629;-0.1123
SUN2,-0.08752609820231838,True,2,-0.0737;-0.1014
HIVEP3,-0.08751661882202377,True,2,-0.0802;-0.0948
ZC3H15,-0.08750163971914143,False,2,0.0151;-0.1901
SRRM1,-0.08750054374033839,False,2,0.0075;-0.1825
ANK1,-0.08749954219932166,True,2,-0.1587;-0.0163
OS9,-0.08747699519503666,True,2,-0.0508;-0.1241
DCAF15,-0.08747602530140158,True,2,-0.0548;-0.1201
THAP9,-0.0874749522107014,True,2,-0.0208;-0.1541
WASHC3,-0.08741098433486172,True,2,-0.1016;-0.0732
SENP1,-0.08737099797270009,True,2,-0.0525;-0.1222
CACNB3,-0.08735462505444791,True,2,-0.1361;-0.0387
ZNF254,-0.08733568506541178,True,2,-0.1418;-0.0328
MXD4,-0.08730002833863754,True,2,-0.1280;-0.0466
CNIH1,-0.0872338643837633,True,2,-0.1385;-0.0360
CEBPG,-0.08722005373444708,True,1,-0.0872
BRAT1,-0.08720780487182384,True,2,-0.0694;-0.1050
ERCC4,-0.08716191512117988,False,2,-0.2369;0.0626
EIF1,-0.08713254855669605,False,2,-0.2138;0.0396
GALT,-0.08713094270796379,True,2,-0.0667;-0.1075
BSDC1,-0.08707756425162527,True,2,-0.0572;-0.1170
OGFR,-0.08705092670285935,True,2,-0.0656;-0.1085
ZNF264,-0.08704928361305825,True,2,-0.0905;-0.0836
STXBP1,-0.08704365854566076,True,2,-0.0880;-0.0861
NIPAL4,-0.08703178452479388,True,2,-0.0940;-0.0801
GDF11,-0.08702421536886001,True,2,-0.1069;-0.0672
TSSC4,-0.08696210176514485,True,2,-0.1551;-0.0188
PECAM1,-0.08692948127962524,False,2,0.0459;-0.2198
POLDIP2,-0.08690448278452423,True,2,-0.0272;-0.1466
UCKL1,-0.0868858245166973,True,2,-0.0753;-0.0985
ZNF26,-0.08687349625476998,True,2,-0.1166;-0.0571
SCCPDH,-0.08685912797524376,False,2,0.0605;-0.2342
AIFM1,-0.08683473764068406,False,2,-0.2134;0.0397
RCC1L,-0.08682531805985705,False,2,-0.1740;0.0003
UNG,-0.08681696470215039,True,2,-0.1589;-0.0148
DPP8,-0.08676676202246625,True,2,-0.1721;-0.0014
GRIN3A,-0.08674162349890996,True,2,-0.0770;-0.0965
ARHGEF18,-0.08671349950058943,True,2,-0.1404;-0.0330
ORC3,-0.08669743374959815,True,2,-0.0782;-0.0952
FOXF1,-0.08665516434257214,True,2,-0.0712;-0.1021
MAGOHB,-0.08661530726329536,False,2,0.0030;-0.1762
OLA1,-0.08658128522266817,True,2,-0.1173;-0.0558
TTC32,-0.08656964808632106,True,2,-0.1022;-0.0709
SLC45A4,-0.08654274144896479,True,2,-0.0641;-0.1090
FTL,-0.08651567478668692,True,2,-0.0622;-0.1108
PCNT,-0.08651173051031441,True,2,-0.1124;-0.0606
ZBP1,-0.08650987044559671,True,2,-0.0932;-0.0798
PPP1R13B,-0.08649581370802628,True,2,-0.1171;-0.0559
POMK,-0.08648250364342053,False,2,0.0280;-0.2010
LYSMD4,-0.0864598800376829,False,2,0.0610;-0.2340
RIPOR2,-0.08645658960881775,True,2,-0.1657;-0.0072
DPF2,-0.08639559676488517,True,2,-0.0327;-0.1401
ZNF792,-0.08632468127231319,True,2,-0.1629;-0.0098
GNA15,-0.08632308262635469,False,2,0.0103;-0.1830
ATP6V1G2,-0.08632226327357578,True,2,-0.1355;-0.0372
KLRK1,-0.0863183800465897,False,2,0.0241;-0.1967
ZNF438,-0.08631627843576639,False,2,-0.1924;0.0198
HIST1H2BD,-0.08630159203299637,False,2,-0.1790;0.0064
PANX2,-0.0862407549402997,False,2,-0.2045;0.0321
BAG2,-0.08623141335328066,True,2,-0.1132;-0.0593
NLRP1,-0.08616848636793545,False,2,0.0027;-0.1750
SLC25A26,-0.08616111764713907,True,2,-0.1235;-0.0488
CEP68,-0.08616057406296662,True,2,-0.0059;-0.1664
HUS1B,-0.08612610024143114,True,2,-0.0303;-0.1420
MARK2,-0.08612173932572892,True,2,-0.0230;-0.1492
ANKAR,-0.08611477398218376,True,2,-0.0810;-0.0913
PEX2,-0.0861078218172544,True,2,-0.0826;-0.0896
URM1,-0.08609801217651042,True,2,-0.0273;-0.1449
RAB20,-0.08609569895994851,False,2,-0.2140;0.0418
TRIB1,-0.08609501506521655,True,2,-0.0793;-0.0929
ARHGAP21,-0.08609308127016568,True,1,-0.0861
UBR2,-0.08608999942616025,True,2,-0.1482;-0.0240
ATP23,-0.08608338544968208,True,2,-0.1231;-0.0491
DHRS3,-0.0860824001534356,False,2,0.0580;-0.2301
DCTN5,-0.08607363050249406,True,1,-0.0861
VEZT,-0.0860575652638963,False,2,-0.2256;0.0535
HCN3,-0.08604753096268286,True,2,-0.0851;-0.0870
RWDD2B,-0.0860361825901943,True,2,-0.0793;-0.0928
H6PD,-0.08603222669869282,False,2,-0.2519;0.0798
CHRM4,-0.08603057911204376,True,2,-0.0718;-0.1003
PCNX1,-0.08601133854112053,True,2,-0.0596;-0.1124
TRIM14,-0.08599174977940666,True,2,-0.0920;-0.0800
CARD17,-0.08597731185598739,True,2,-0.0497;-0.1223
DIP2B,-0.08597193810187048,True,2,-0.0151;-0.1569
BCAS4,-0.08594887869007073,True,2,-0.1159;-0.0560
TMEM241,-0.08592779453788313,True,2,-0.1017;-0.0702
FAM102A,-0.0858938729703253,True,2,-0.0728;-0.0990
FAM83H,-0.08587576579150275,True,2,-0.0882;-0.0836
ERC1,-0.08585064000921416,False,2,0.0208;-0.1925
MANBAL,-0.08581530914013491,False,2,-0.1840;0.0123
MYCN,-0.08577915842411249,True,2,-0.1105;-0.0611
RHOQ,-0.08577373472060135,True,2,-0.1680;-0.0036
TATDN3,-0.08573553199412265,True,2,-0.0726;-0.0989
ACACA,-0.08573281385936987,False,2,0.0404;-0.2118
CPQ,-0.08568699988842599,True,2,-0.1462;-0.0252
SGTB,-0.08564692386931316,True,2,-0.1712;-0.0001
MRPS2,-0.08563784722364415,True,2,-0.1057;-0.0656
MFSD14A,-0.0856345782086787,True,2,-0.1559;-0.0154
MYH10,-0.08562954447342197,True,2,-0.0592;-0.1121
OTUD3,-0.08561994427161768,True,2,-0.1104;-0.0608
SLIT3,-0.0855791126014715,True,2,-0.0948;-0.0763
ZNF281,-0.08554077244675728,False,2,-0.2590;0.0880
CCDC130,-0.0855215273547823,True,2,-0.0195;-0.1516
ENTPD5,-0.085519274508706,True,2,-0.1218;-0.0492
PEAR1,-0.08546624502465172,False,2,-0.3143;0.1434
DTD1,-0.08545814629032383,True,2,-0.1139;-0.0570
FPGS,-0.08544959783497119,True,2,-0.0801;-0.0908
PPHLN1,-0.08544856199437656,True,2,-0.1404;-0.0305
SERPINE3,-0.08543920031517155,True,2,-0.0440;-0.1268
ENOX2,-0.08541640031927766,True,2,-0.0104;-0.1604
PXMP4,-0.08540587221077961,True,2,-0.0174;-0.1535
APOL1,-0.0853936001877389,True,2,-0.1685;-0.0023
NT5C2,-0.08533195312925695,True,2,-0.0665;-0.1042
ARHGDIB,-0.08531786940705727,True,2,-0.1086;-0.0620
LYSMD3,-0.08530506121518411,True,2,-0.0212;-0.1494
EPOP,-0.08530243657611547,False,2,-0.3371;0.1664
QSOX2,-0.085295263520064,True,2,-0.0559;-0.1147
IDH3B,-0.08529195034522635,True,2,-0.0331;-0.1375
CUL3,-0.08527739315062932,False,2,0.0503;-0.2209
RDM1,-0.08527299164882735,True,2,-0.1388;-0.0318
CEACAM1,-0.08527040008124975,True,2,-0.1417;-0.0288
HOMER3,-0.08526679704947498,True,2,-0.0045;-0.1661
RHOXF1,-0.0852636704712833,True,2,-0.0955;-0.0750
AP1S2,-0.08519809859783567,True,2,-0.0583;-0.1121
ZNF518B,-0.08518180087059962,False,2,0.1171;-0.2875
ABCD3,-0.0851550141567744,True,2,-0.0643;-0.1060
ANKRD13D,-0.08512904690758288,True,2,-0.0696;-0.1007
SOX13,-0.08507289981799071,True,2,-0.0788;-0.0913
STATH,-0.08498357428860459,False,2,-0.2144;0.0445
GDPGP1,-0.08488636933159915,True,2,-0.1321;-0.0376
PTGFRN,-0.0848270652687978,True,2,-0.0175;-0.1521
SLC7A11,-0.08480736019951035,True,2,-0.1294;-0.0402
CA5B,-0.08479014505583382,False,2,-0.2013;0.0318
DCAF6,-0.08478821916567736,False,2,-0.2380;0.0684
ERLIN1,-0.08477866557772207,True,2,-0.0390;-0.1306
IL22,-0.08470807107703976,True,2,-0.0252;-0.1442
ZIM3,-0.08469835440784618,True,2,-0.0526;-0.1168
CANT1,-0.08469719325627895,True,2,-0.1379;-0.0315
TBC1D17,-0.08468561126024782,True,2,-0.1074;-0.0620
GPX2,-0.08467606579086073,True,2,-0.0654;-0.1039
PRB2,-0.08467176173532881,True,2,-0.0079;-0.1615
CD300LF,-0.0846615126860325,True,2,-0.0402;-0.1291
RRAS,-0.08463087894664756,False,2,-0.1878;0.0185
ANXA1,-0.08458232657274833,True,2,-0.0965;-0.0726
DRGX,-0.08458144679825486,True,2,-0.0765;-0.0927
GMNN,-0.08453793181172986,False,2,-0.1922;0.0232
FCER1G,-0.08451287267330243,True,2,-0.0295;-0.1395
TIMP1,-0.08449027254030655,True,2,-0.0572;-0.1118
VDAC2,-0.08446347250525216,True,2,-0.1263;-0.0426
DNAJA4,-0.08444915942423459,False,2,-0.2718;0.1029
CYBB,-0.08444665162814435,True,2,-0.1587;-0.0102
BROX,-0.08444510574231012,False,2,-0.2713;0.1024
PIP5K1B,-0.0843891447547711,True,2,-0.1565;-0.0123
MKRN3,-0.08437271876689811,False,2,-0.2821;0.1133
OSBPL9,-0.08435190799786829,True,2,-0.1527;-0.0160
INTS12,-0.08434599335757748,True,2,-0.1268;-0.0419
PTPN18,-0.08433234763956604,True,2,-0.1233;-0.0454
MSANTD4,-0.08430037864212014,True,2,-0.0432;-0.1254
LSMEM1,-0.08429484692898298,True,2,-0.0951;-0.0735
LMTK3,-0.0842564838838078,False,2,-0.1875;0.0190
S100A9,-0.08424617738387996,True,2,-0.0288;-0.1397
ARMC5,-0.08423049865811966,True,2,-0.0116;-0.1569
THEMIS2,-0.08419238360396064,True,2,-0.1421;-0.0263
RMND5A,-0.08417210060129843,True,2,-0.0243;-0.1441
CDYL2,-0.08415101327653901,False,2,0.0218;-0.1901
ALDH2,-0.08411665367358989,False,2,-0.2021;0.0338
POPDC2,-0.08405525092785954,True,2,-0.0457;-0.1224
TALDO1,-0.08405324494743299,True,2,-0.0029;-0.1652
DUSP1,-0.08404055548880063,True,2,-0.1625;-0.0056
MTFR2,-0.08395681781774339,True,2,-0.1084;-0.0595
NOP9,-0.08394002608091528,True,2,-0.0525;-0.1154
ATP5F1E,-0.08391682400353861,True,2,-0.1417;-0.0261
PLLP,-0.08389664515039291,True,2,-0.0444;-0.1234
C2orf49,-0.08386184207471975,True,2,-0.0354;-0.1323
SYCP2,-0.0838452799679188,True,2,-0.0106;-0.1571
FAM49A,-0.0838387655990846,False,2,0.0508;-0.2185
PDGFA,-0.08383501089490603,True,2,-0.0692;-0.0984
STXBP3,-0.08382648939270987,False,2,-0.1789;0.0113
TMEM102,-0.08382486643856596,True,2,-0.1347;-0.0329
NR3C2,-0.08381364563284716,False,2,0.0402;-0.2079
RND1,-0.08379827061997352,True,2,-0.1094;-0.0582
AQP11,-0.08378193084791397,True,2,-0.0722;-0.0953
MZF1,-0.08377148354277308,True,2,-0.0915;-0.0761
DENND2D,-0.08375955354335124,False,2,0.0319;-0.1994
NME9,-0.08374397860591776,True,1,-0.0837
MAD2L1BP,-0.08372521519082976,True,2,-0.0439;-0.1236
SLC25A34,-0.0837144978180952,True,2,-0.0132;-0.1542
POU4F1,-0.08369705380174036,True,2,-0.0701;-0.0973
HSP90AB1,-0.0836958334568138,True,2,-0.0776;-0.0898
TMEM268,-0.08367350651650002,True,2,-0.0687;-0.0986
TMEM64,-0.08362799048607289,True,2,-0.0271;-0.1402
ZNF766,-0.08362104295716583,True,2,-0.0245;-0.1428
CLIC5,-0.08361112943240989,True,2,-0.1192;-0.0480
VEGFB,-0.0835804465385403,True,2,-0.0412;-0.1259
LITAF,-0.08356102413311672,True,2,-0.0724;-0.0947
PRDX3,-0.0835601696825431,True,2,-0.0822;-0.0849
NEK7,-0.08355458045465108,True,2,-0.0619;-0.1052
SRR,-0.08354442168495585,True,2,-0.0665;-0.1006
PAFAH1B3,-0.08350621922153217,True,2,-0.0685;-0.0985
PYURF,-0.08349605683398997,True,2,-0.0280;-0.1390
CDCP1,-0.08347899538508396,True,2,-0.0510;-0.1160
ATP8B3,-0.08344013450474946,True,2,-0.0569;-0.1099
C12orf73,-0.08343196198418407,True,2,-0.0187;-0.1482
PNPO,-0.08342632367585229,True,2,-0.0170;-0.1499
MRPL17,-0.08328798863336212,True,2,-0.0964;-0.0701
PLOD1,-0.08328597686222367,True,2,-0.1110;-0.0555
TMEM136,-0.08327613857203386,True,2,-0.0977;-0.0689
TEX12,-0.08324990606879751,True,2,-0.1200;-0.0465
YIPF3,-0.08320945558915605,True,2,-0.1452;-0.0212
ADAM8,-0.08320678344497834,True,2,-0.0272;-0.1392
PCGF6,-0.08317425657930277,True,2,-0.1496;-0.0168
DMAP1,-0.08315264569086478,True,1,-0.0832
C6orf47,-0.08315064591238952,False,2,0.0053;-0.1716
ITM2B,-0.08313663984735514,True,2,-0.0650;-0.1013
DPM2,-0.08311791647222433,True,2,-0.0073;-0.1590
DDX19A,-0.08311193454992394,True,2,-0.0825;-0.0837
ATP2C1,-0.08307783975900124,False,2,0.0638;-0.2299
XPO5,-0.0830772738577546,False,2,0.0775;-0.2436
PRICKLE3,-0.08301104684432015,False,2,-0.1950;0.0290
DNAJC27,-0.08298173711183987,True,2,-0.0604;-0.1056
TP53I13,-0.08297836136285297,True,2,-0.1235;-0.0424
MKKS,-0.08297588254001825,True,2,-0.0868;-0.0791
INPP5A,-0.08297034110117352,True,2,-0.0012;-0.1647
SNX20,-0.08294030302689664,True,2,-0.0885;-0.0774
UBR1,-0.0828718251939441,True,2,-0.1214;-0.0444
TSHZ2,-0.08286029949649903,True,2,-0.0557;-0.1100
ESM1,-0.08284934123363485,False,2,-0.1844;0.0187
SYNGR3,-0.08283970209439451,True,2,-0.0810;-0.0847
YOD1,-0.08276345643561867,False,2,0.0257;-0.1912
PHF11,-0.08274868493699916,True,2,-0.0745;-0.0910
CLTA,-0.08273387038410224,False,2,0.0338;-0.1993
VAV3,-0.08273132538047467,False,2,0.0426;-0.2080
GPR157,-0.08264252506483993,True,2,-0.1490;-0.0163
SDHAF1,-0.082622325040699,True,2,-0.0668;-0.0985
PHF13,-0.0826107183138351,True,2,-0.0351;-0.1301
AHDC1,-0.08260087058459392,True,2,-0.1152;-0.0500
HHLA2,-0.08259701980432066,True,2,-0.0744;-0.0907
ZNF454,-0.08254842720968314,True,2,-0.0255;-0.1395
COQ10A,-0.08253367426051056,False,2,0.0232;-0.1882
TBC1D1,-0.08250727734568242,False,2,-0.2299;0.0648
TLX3,-0.08250243939993818,True,2,-0.0418;-0.1232
RRAGA,-0.08249476437975306,True,2,-0.0738;-0.0912
THAP8,-0.0824672719167715,True,2,-0.0815;-0.0834
SIX2,-0.08245559695484206,True,2,-0.1436;-0.0213
TMEM201,-0.08242691380796419,True,2,-0.1170;-0.0479
USP19,-0.08242273596697336,True,2,-0.1223;-0.0426
SPTSSB,-0.0823704299817678,False,2,-0.2828;0.1180
GIPC1,-0.08234219289473627,True,2,-0.1094;-0.0553
WDR12,-0.08233698131979306,False,2,-0.2383;0.0736
KRCC1,-0.08231718809049016,True,2,-0.0840;-0.0806
MEGF9,-0.08228943871388822,True,2,-0.0767;-0.0879
YPEL1,-0.08227843669635138,True,2,-0.1574;-0.0071
OCIAD1,-0.08224253343367738,True,2,-0.0105;-0.1540
HOXB6,-0.08220854008346179,True,2,-0.1026;-0.0618
KHNYN,-0.0822060282488109,True,2,-0.0828;-0.0816
FLYWCH1,-0.0821937975378822,True,2,-0.0094;-0.1550
POM121,-0.0821538105490614,True,2,-0.0708;-0.0935
CDC37,-0.08213920086242654,False,2,-0.2810;0.1167
LRRC4,-0.08211870922616765,True,2,-0.0763;-0.0879
ZSCAN21,-0.08211829121122188,True,2,-0.1285;-0.0357
EPGN,-0.08211707040257288,True,2,-0.0379;-0.1263
YY1AP1,-0.08208874357250595,False,2,0.0251;-0.1893
QTRT1,-0.08206331028524516,True,2,-0.0652;-0.0989
GGT1,-0.08206016379140313,False,2,-0.1940;0.0299
FOXO4,-0.0820569988568855,False,2,0.0982;-0.2623
ME3,-0.08204704498905468,True,2,-0.0069;-0.1572
NFXL1,-0.08203818893081016,False,2,-0.2177;0.0537
DUX4,-0.08201896084021265,True,2,-0.0043;-0.1598
MIS18A,-0.08201813747121756,True,2,-0.1287;-0.0353
AK4,-0.08199615264798621,False,2,-0.1645;0.0005
RAVER2,-0.0819931598538669,True,2,-0.0509;-0.1131
PRELID2,-0.08198961508918029,True,2,-0.0652;-0.0988
SMAD4,-0.08197505228460544,True,2,-0.0546;-0.1094
MEN1,-0.08195217894512702,True,2,-0.0559;-0.1080
PRKAA1,-0.08193243758867247,False,2,0.0843;-0.2482
ALG14,-0.08192930467124548,False,2,-0.1971;0.0332
POC1A,-0.08190754830304314,True,2,-0.1635;-0.0004
MTRNR2L8,-0.08188644542723772,True,2,-0.0159;-0.1478
NUMB,-0.08187224453217284,True,2,-0.0355;-0.1282
NUDT2,-0.08186240999063099,False,2,-0.2235;0.0598
SRGAP2,-0.08182672105710886,True,2,-0.0462;-0.1175
TMEM86B,-0.08181916825943836,False,2,-0.1708;0.0072
OXCT1,-0.08180591698229944,True,2,-0.0162;-0.1474
CNTNAP1,-0.08178995422671737,True,2,-0.0953;-0.0683
GLDC,-0.08177615093586388,True,2,-0.1333;-0.0303
LRP5L,-0.08175568969735003,True,2,-0.0942;-0.0693
ISX,-0.08172380492791598,False,2,0.1207;-0.2842
PPP6R3,-0.08168175144070855,True,2,-0.1485;-0.0148
RAB11FIP4,-0.0816747413136964,True,2,-0.0884;-0.0749
KNSTRN,-0.08166564627830247,True,2,-0.0487;-0.1146
BHLHE22,-0.08165273135531503,False,2,-0.1847;0.0213
PPIL3,-0.08163170048531737,True,2,-0.0755;-0.0877
TOR3A,-0.08161013755452573,True,2,-0.0150;-0.1482
PPP1R12C,-0.08156625865202483,False,2,-0.1976;0.0344
FAR1,-0.08153075362756812,True,2,-0.0482;-0.1149
C4BPB,-0.08151103523529446,False,2,0.0076;-0.1706
OLFM2,-0.08150890020574164,True,2,-0.1152;-0.0478
IL12A,-0.08150527195640311,False,2,-0.2879;0.1249
ZNF69,-0.08147119283079296,True,2,-0.1449;-0.0180
POU2F1,-0.08144616219290124,False,2,-0.1877;0.0248
CDK9,-0.0814321035629213,True,2,-0.1403;-0.0226
CORO7,-0.08143159728340715,True,2,-0.0903;-0.0725
ZNF552,-0.08139848180727072,True,2,-0.0424;-0.1204
RYR2,-0.08138930765067748,True,2,-0.0530;-0.1098
RNF5,-0.08134033119076861,True,2,-0.1178;-0.0449
SELENOK,-0.08134027942753003,True,2,-0.1169;-0.0457
DNHD1,-0.08133784104166597,False,2,-0.2044;0.0418
STXBP2,-0.08132963156134432,True,2,-0.0090;-0.1536
ZNF91,-0.08131512570067545,True,2,-0.0948;-0.0678
C11orf71,-0.08128556925106217,False,2,0.0063;-0.1688
NSDHL,-0.08124669902661902,True,2,-0.0698;-0.0927
NSG1,-0.08117677875267248,False,2,-0.1854;0.0230
NKTR,-0.08116248075918309,True,2,-0.1044;-0.0579
TMEM209,-0.0811464750433184,False,2,-0.2081;0.0458
TRIM35,-0.08107683214022221,False,2,-0.1747;0.0126
LNP1,-0.08107100837012327,False,2,0.0699;-0.2321
TRIB2,-0.08103689379201717,True,2,-0.1405;-0.0216
AFF4,-0.08099061454199463,True,2,-0.1032;-0.0588
RHOT1,-0.08093913020010035,True,1,-0.0809
PDLIM1,-0.08090273399779746,True,2,-0.0621;-0.0997
INSIG2,-0.08087678041585311,False,2,0.0123;-0.1741
MRPL27,-0.08087426986541385,True,2,-0.0207;-0.1410
SMAGP,-0.08087119801854292,True,2,-0.1447;-0.0170
ZNF852,-0.08079955907446057,True,2,-0.0199;-0.1417
VPS26A,-0.08078792455786721,True,2,-0.1408;-0.0208
LTB4R,-0.0807810990991788,True,2,-0.0274;-0.1342
PIK3CG,-0.0807014829763012,False,2,-0.1973;0.0359
SULF2,-0.08068808198812355,True,2,-0.0014;-0.1600
FBXL6,-0.08064139255859326,True,2,-0.0685;-0.0928
HIST1H2AJ,-0.08061502927712194,True,2,-0.0801;-0.0811
CITED4,-0.08060225652667086,False,2,-0.2349;0.0737
C15orf61,-0.08057306212523901,True,2,-0.0426;-0.1186
SRC,-0.08053444436279811,True,2,-0.1445;-0.0166
TTC21B,-0.08051511859539795,True,2,-0.0533;-0.1077
SOCS1,-0.08050831463826602,False,2,-0.2293;0.0683
BIN3,-0.08050810051031093,True,2,-0.0108;-0.1503
MOAP1,-0.080484594201082,True,2,-0.0946;-0.0663
UBALD2,-0.0804312190636729,True,2,-0.0432;-0.1176
NOG,-0.08040368019637834,False,2,-0.1619;0.0011
ULK1,-0.08037894091056952,True,2,-0.0868;-0.0740
TIFA,-0.08035151979961469,True,2,-0.0878;-0.0729
TYW5,-0.08031750644438196,False,2,-0.1658;0.0052
GIMAP4,-0.08030800283829176,False,2,0.0046;-0.1652
MON1B,-0.08029571904304311,False,2,0.0172;-0.1778
HERPUD2,-0.08026089289634636,True,2,-0.1048;-0.0557
SNX18,-0.08024629961737129,True,2,-0.1519;-0.0085
IFIT3,-0.08021827709626905,True,2,-0.0902;-0.0702
SLC39A10,-0.08020957397040429,True,2,-0.1284;-0.0320
CDK11B,-0.0801812253604417,False,2,-0.1839;0.0235
SCAI,-0.08017168263498503,True,2,-0.0815;-0.0789
EIF1B,-0.08014899058173686,False,2,0.0084;-0.1687
ATL1,-0.08014418538232804,False,2,-0.2981;0.1378
ACER2,-0.08010587154829407,False,2,-0.1731;0.0129
NME7,-0.08010079209828685,True,2,-0.0790;-0.0812
GALK2,-0.08005795833938867,True,2,-0.0460;-0.1141
ABCC10,-0.08003879593974905,True,2,-0.0556;-0.1045
CAAP1,-0.08000770076025576,True,1,-0.0800
ATP8A1,-0.07997099432652083,True,2,-0.0795;-0.0805
NR2F2,-0.07995341752736296,True,2,-0.0355;-0.1244
SGK1,-0.07995227675484429,False,2,0.0671;-0.2270
ZNF507,-0.07994993812272344,True,2,-0.0739;-0.0860
NKX2-8,-0.07993459574999973,False,2,-0.1620;0.0021
FAH,-0.07992606094888188,True,2,-0.1381;-0.0218
TSTD2,-0.07990946390850046,True,2,-0.0486;-0.1113
RNF8,-0.07990063989546292,True,2,-0.0468;-0.1130
IL36A,-0.07989070340248938,True,2,-0.1384;-0.0213
SFXN4,-0.07989018463771957,True,2,-0.0653;-0.0945
H1F0,-0.07988945083856314,True,2,-0.0764;-0.0833
RING1,-0.07985493690677703,True,2,-0.1056;-0.0541
FOXI1,-0.07984691916191844,False,2,0.0108;-0.1705
CD86,-0.07983070530362502,True,2,-0.1045;-0.0552
DPF1,-0.07981187543384038,True,2,-0.0559;-0.1037
PWWP2A,-0.07976868233273204,False,2,0.1208;-0.2803
TMEM231,-0.07969380068701237,True,2,-0.0267;-0.1327
GLRX5,-0.07969204941701369,True,2,-0.0471;-0.1123
STXBP5,-0.07969062152883333,True,1,-0.0797
METTL5,-0.07968846377425992,True,2,-0.1028;-0.0565
MELK,-0.07968479654437088,False,2,-0.1998;0.0404
TRIM17,-0.07961919565806191,True,2,-0.0882;-0.0710
ZNF430,-0.07961769118297807,True,2,-0.0459;-0.1133
EIF1AD,-0.07960740602012828,False,2,-0.2407;0.0815
ZSCAN4,-0.07960208958586096,True,2,-0.0984;-0.0608
POU2F2,-0.07960076022648155,True,2,-0.0282;-0.1310
PRKAR2A,-0.07953890074361597,True,2,-0.1032;-0.0559
GLCCI1,-0.07953368200544608,False,2,-0.2227;0.0637
GGA3,-0.0795259447142726,True,2,-0.1086;-0.0505
DYNC1LI1,-0.07952241626654477,True,2,-0.0950;-0.0640
MRPS7,-0.07950678307891712,False,2,0.0049;-0.1639
GSDMB,-0.07948989058489186,True,2,-0.1142;-0.0448
TPGS2,-0.07947631219770229,False,2,0.0156;-0.1746
MAML2,-0.07941222533114872,True,2,-0.1280;-0.0309
MTHFSD,-0.07937164745495051,True,2,-0.0371;-0.1217
ZNF655,-0.07936124177433762,True,2,-0.1299;-0.0288
PAPSS1,-0.07935544447993237,False,2,-0.2291;0.0704
B3GAT1,-0.07932578231011395,True,2,-0.0435;-0.1151
SIRT1,-0.07926656031274587,False,2,0.1108;-0.2694
LIAS,-0.07920146735586153,True,1,-0.0792
AGPAT1,-0.07919914034796749,False,2,-0.2495;0.0911
RALBP1,-0.07916081575048906,True,2,-0.0929;-0.0654
TSPAN9,-0.07915496049065818,True,2,-0.1353;-0.0230
BRICD5,-0.07913651284127532,True,2,-0.0583;-0.1000
ZNF683,-0.07913155425901852,True,2,-0.1180;-0.0402
TMC8,-0.07912707618284809,True,2,-0.1063;-0.0520
C1QBP,-0.07911582370005693,False,2,0.0054;-0.1636
RAD54L2,-0.07911286935880657,False,2,-0.2762;0.1180
SIGLEC14,-0.0791031178081465,False,2,-0.1886;0.0304
TSTD3,-0.07909049780077643,True,2,-0.0689;-0.0893
SLC9B2,-0.07907968011896321,True,2,-0.0521;-0.1061
MED25,-0.07907895854572733,True,2,-0.1443;-0.0138
CFAP45,-0.07907706170748302,True,2,-0.0638;-0.0944
EEF1E1,-0.07907541663043782,True,2,-0.0731;-0.0850
DUSP8,-0.07907247590704503,True,2,-0.1561;-0.0020
UQCRHL,-0.07905090657012603,True,2,-0.1424;-0.0157
SIL1,-0.0790263396750529,True,2,-0.0898;-0.0683
PM20D1,-0.0790179575382498,False,2,0.0126;-0.1707
HESX1,-0.07901746646978325,True,2,-0.1525;-0.0056
GALNT3,-0.07900578989775281,True,2,-0.1205;-0.0376
CHKB,-0.07899337152756969,False,2,0.0209;-0.1789
LLGL1,-0.07897665096806561,False,2,0.0354;-0.1934
DENND4C,-0.0789723040809941,False,2,0.0218;-0.1797
CFH,-0.07896145844545494,False,2,0.0110;-0.1690
GMFG,-0.07895126551837917,True,2,-0.0994;-0.0585
KCNG3,-0.07893711485936084,True,2,-0.1357;-0.0222
TARDBP,-0.07893327893260776,True,2,-0.0317;-0.1261
RASA4B,-0.07892014996176294,False,2,0.0188;-0.1766
OGG1,-0.07891439103882558,False,2,-0.2153;0.0574
TMEM184C,-0.07884258260779342,True,2,-0.1483;-0.0094
SLC35D2,-0.07874488335332813,True,2,-0.0634;-0.0941
RPS6KA4,-0.07874093717969122,True,2,-0.1195;-0.0379
SUPT16H,-0.07868180351600285,True,1,-0.0787
ARHGDIA,-0.07864247160989468,True,2,-0.0905;-0.0668
HSPB1,-0.07861340660736071,True,2,-0.1402;-0.0170
TMX2,-0.07859101578690209,True,2,-0.1483;-0.0089
C7orf50,-0.07857008119586961,True,2,-0.0720;-0.0851
PROZ,-0.07855414430263968,True,2,-0.0637;-0.0935
FERMT3,-0.07849914729021779,True,2,-0.0892;-0.0678
PTPRO,-0.07849796643075657,True,2,-0.0912;-0.0658
NUDT16L1,-0.07847293878997275,True,2,-0.1431;-0.0138
GSPT2,-0.07846577895500978,True,2,-0.1190;-0.0379
XPO7,-0.07842101892727132,False,2,0.0680;-0.2249
RAC2,-0.07840976911402875,True,2,-0.0346;-0.1222
CYP51A1,-0.07839931290066415,False,2,-0.1931;0.0363
OAZ1,-0.07831113449719501,True,2,-0.0110;-0.1456
FNIP1,-0.07829307258417328,False,2,-0.1664;0.0098
BTBD10,-0.07825168250492442,False,2,-0.2191;0.0626
MTHFD2,-0.07825031284381806,False,2,0.0090;-0.1655
CKS1B,-0.07823593184278527,True,2,-0.0617;-0.0948
NAA40,-0.07822410275712005,True,2,-0.1288;-0.0277
EDN3,-0.07819822167642776,False,2,-0.1681;0.0117
IFI27L1,-0.07812949079448317,False,2,-0.1713;0.0151
PYCARD,-0.07811187914666862,True,2,-0.1524;-0.0038
PYGM,-0.07809190776363195,True,2,-0.0742;-0.0820
APOPT1,-0.07808418580089804,False,2,-0.2639;0.1077
WIPF1,-0.07806269694051049,True,2,-0.0352;-0.1209
REXO2,-0.07805591166338338,True,2,-0.0690;-0.0871
ZNF837,-0.07805023772017738,True,2,-0.0706;-0.0855
ECD,-0.07803264071832272,True,1,-0.0780
ARHGEF7,-0.07803248384567069,True,2,-0.1002;-0.0558
FBXW4,-0.07802612079578608,False,2,-0.1678;0.0118
NAA50,-0.07797582310594486,True,1,-0.0780
DEPDC1,-0.0779663329200102,True,2,-0.1319;-0.0240
DDIT4,-0.07795627106941361,False,2,-0.1613;0.0054
ACADM,-0.07792446600762032,True,2,-0.0900;-0.0659
SEL1L3,-0.07790528676870584,True,2,-0.1096;-0.0462
AFF1,-0.07788776373408801,False,2,-0.2346;0.0788
UCK1,-0.07788155279977249,True,2,-0.1069;-0.0489
MGRN1,-0.0778525174392754,True,2,-0.0720;-0.0837
FYB1,-0.07783194889892897,True,2,-0.1205;-0.0352
EYS,-0.07779565459737703,True,2,-0.0061;-0.1495
HLA-C,-0.0777925460124842,True,2,-0.0622;-0.0934
AEBP1,-0.07778744165178475,False,2,-0.2384;0.0828
ANKRD9,-0.07775342886252712,True,2,-0.0889;-0.0666
ACSL6,-0.07774069037132497,True,2,-0.0763;-0.0792
TIGD2,-0.07773794080610275,True,2,-0.1270;-0.0285
RRP8,-0.0777151473202452,True,2,-0.1316;-0.0238
SMARCA2,-0.07769985101987675,False,2,-0.2458;0.0904
TACC2,-0.07769776403416151,True,2,-0.0635;-0.0919
IKZF4,-0.07768514361198031,False,2,0.0326;-0.1880
ALG5,-0.0776831636790759,False,2,-0.2279;0.0725
SMAP2,-0.07767667189843136,True,2,-0.0376;-0.1177
DSTYK,-0.0776603759737543,True,2,-0.1171;-0.0383
ARHGEF1,-0.0776326394085487,True,2,-0.1429;-0.0124
IL18BP,-0.077629168293191,False,2,-0.2421;0.0868
DYRK2,-0.07762581018911863,True,2,-0.1106;-0.0447
PRR4,-0.07761170111974008,True,2,-0.0747;-0.0805
POLI,-0.0776053517744475,False,2,-0.2075;0.0523
ANP32E,-0.07759535779273946,True,2,-0.0695;-0.0857
ZNF784,-0.07758302908291054,False,2,0.0009;-0.1561
LY86,-0.07757318560419912,False,2,-0.1630;0.0078
P2RY11,-0.07756816031264319,True,2,-0.0454;-0.1098
ITM2C,-0.07755816199275783,True,2,-0.0255;-0.1296
ITPA,-0.07754086224639956,True,2,-0.1546;-0.0004
RIOX2,-0.07753888837155587,False,2,-0.1570;0.0019
SMAP1,-0.07753520147568838,True,2,-0.1407;-0.0144
GLRX3,-0.07753055596261205,True,2,-0.1278;-0.0273
PEF1,-0.07752828209065232,True,2,-0.0631;-0.0920
ZDHHC15,-0.07738035235304808,True,2,-0.0325;-0.1222
MANEA,-0.07736767461062749,True,2,-0.0829;-0.0719
RHEBL1,-0.07735712715415277,False,2,0.0615;-0.2162
REPS1,-0.07734317365358967,True,2,-0.1241;-0.0306
IFI27L2,-0.07734276281627533,True,2,-0.0759;-0.0788
ZNF845,-0.07733746013591775,True,2,-0.0803;-0.0744
PDK4,-0.0773224924502392,True,2,-0.0310;-0.1236
CEP104,-0.07730924161588337,True,2,-0.0773;-0.0773
ZNF239,-0.07729721077240181,False,2,0.0402;-0.1948
PIK3IP1,-0.07729491604738692,True,2,-0.0451;-0.1094
HMGA2,-0.07728857696750902,False,2,-0.1654;0.0108
KLHL18,-0.07727336860583744,True,2,-0.0412;-0.1134
ARHGEF11,-0.07726054607608845,True,2,-0.1358;-0.0187
VSX2,-0.07725197253526828,False,2,0.0311;-0.1856
ACP1,-0.0772463983172556,True,2,-0.0750;-0.0795
SFRP1,-0.07722857604862288,True,2,-0.0358;-0.1187
IWS1,-0.07715662085179348,True,2,-0.1011;-0.0532
SCX,-0.07715620851256977,False,2,0.0245;-0.1788
ARL4C,-0.07713912165365544,True,2,-0.0965;-0.0578
CCDC120,-0.07712192010776736,True,2,-0.0404;-0.1138
TRMT1,-0.07710503722181578,False,2,0.0263;-0.1805
AKR1C1,-0.07709763516973672,True,2,-0.1258;-0.0284
RAP2B,-0.07709066969656753,True,2,-0.1425;-0.0116
LAMTOR2,-0.07708787096901443,True,2,-0.1193;-0.0349
USP49,-0.07704431055343647,False,2,0.0390;-0.1931
PIGO,-0.07704310594583352,True,2,-0.0929;-0.0611
PKD1,-0.07703389283469919,False,2,-0.1550;0.0009
ZNF443,-0.07701158704753974,True,2,-0.1367;-0.0173
ZNF330,-0.07698866410457406,True,2,-0.1081;-0.0459
CHCHD1,-0.07694928094250936,True,2,-0.0257;-0.1282
CCDC125,-0.07694583998352428,False,2,0.0041;-0.1580
IGSF3,-0.07692836212934673,False,2,-0.1688;0.0149
OSMR,-0.07687096244723335,False,2,-0.1896;0.0359
SIX4,-0.07686499170626204,False,2,-0.1848;0.0311
ABHD5,-0.07684074489734183,False,2,-0.2018;0.0481
ZNF839,-0.07683344690442828,True,2,-0.1472;-0.0065
RAP1A,-0.07681594147941406,True,2,-0.1297;-0.0240
SPATA2L,-0.07678704006811582,True,2,-0.0968;-0.0568
OPA3,-0.07678241573630085,False,2,-0.1548;0.0013
FAM234B,-0.07678077285927615,True,2,-0.0713;-0.0823
AGO3,-0.0767756821388994,True,2,-0.1474;-0.0061
CCDC86,-0.07677442467115159,True,1,-0.0768
FDX2,-0.07674812788980179,True,2,-0.1324;-0.0211
GOLGA4,-0.07672877952686435,True,2,-0.0740;-0.0795
ERF,-0.07668630988845004,True,2,-0.0930;-0.0604
LONRF1,-0.07667453700127402,True,2,-0.0328;-0.1205
IQCE,-0.07666198318797751,True,2,-0.0178;-0.1355
VAMP4,-0.07665923581730322,False,2,0.0551;-0.2084
COA6,-0.0766532939255658,True,2,-0.0073;-0.1461
TMLHE,-0.07658994528811153,True,2,-0.0649;-0.0883
TRAK2,-0.07658949761374323,False,2,-0.1624;0.0092
GAS2L1,-0.07658178957180256,True,2,-0.0305;-0.1227
CDK16,-0.07656686684230857,True,2,-0.0898;-0.0633
CDIP1,-0.07656378773476191,True,2,-0.0655;-0.0876
MBTD1,-0.0765600786407033,True,2,-0.1140;-0.0391
CD9,-0.07655602125733024,True,2,-0.1201;-0.0330
BEX1,-0.07651773844631404,True,2,-0.0396;-0.1134
TRMT1L,-0.07651699134296375,False,2,-0.1670;0.0140
GNL1,-0.07651627097281638,True,2,-0.0329;-0.1201
MAP2K4,-0.07650750187458627,True,2,-0.1106;-0.0424
BCL2A1,-0.07647986224142767,True,2,-0.0274;-0.1256
ST3GAL3,-0.07646620411030097,True,2,-0.0659;-0.0870
WDR7,-0.07646407942543187,True,2,-0.1482;-0.0047
MLX,-0.07646328559369758,True,2,-0.0352;-0.1177
POP1,-0.07645573032451503,True,1,-0.0765
HYI,-0.07644940019972846,True,2,-0.1215;-0.0314
GSS,-0.07643116600936894,True,2,-0.1439;-0.0089
USP14,-0.07642774761844717,True,2,-0.0831;-0.0698
MNX1,-0.07634687264117646,True,2,-0.0677;-0.0850
C18orf54,-0.0763337313561091,True,2,-0.1416;-0.0110
FOXF2,-0.07633293090913879,True,2,-0.0089;-0.1438
ABCC2,-0.07630772420377191,True,2,-0.1241;-0.0285
FIG4,-0.07628485557659015,False,2,-0.1558;0.0032
MFSD14B,-0.07627905122002254,True,2,-0.1050;-0.0475
PAM16,-0.07627729308165798,True,2,-0.1415;-0.0110
SNX12,-0.07626599769352915,True,2,-0.1468;-0.0057
ZSCAN23,-0.0761725298922934,False,2,-0.2498;0.0974
POM121C,-0.07616620370104732,False,2,-0.1985;0.0462
TNKS2,-0.07612177410538568,False,2,0.0212;-0.1734
ISL1,-0.0761114147787268,True,2,-0.0887;-0.0635
CXXC1,-0.076080793892077,True,2,-0.1364;-0.0158
CYHR1,-0.07603907828616774,False,2,-0.2262;0.0741
TAGLN3,-0.07602548559578937,False,2,-0.2243;0.0722
NUDT3,-0.0760124702743874,True,2,-0.1518;-0.0002
ZNF662,-0.0760067206194952,False,2,-0.1708;0.0187
ZNF222,-0.07599259916604978,True,2,-0.0978;-0.0542
CYB5A,-0.07592179409563421,True,2,-0.0229;-0.1290
PHRF1,-0.07586615984259859,True,2,-0.1082;-0.0435
ANP32B,-0.07585465866836766,False,2,0.0416;-0.1934
KBTBD7,-0.07584527102537247,True,2,-0.1208;-0.0308
IRAK4,-0.075842020228722,False,2,-0.1652;0.0135
EMD,-0.07578592624757668,True,2,-0.0460;-0.1056
SLC10A3,-0.07578447458432058,False,2,-0.1740;0.0224
MRPS16,-0.07577958320985795,True,2,-0.1055;-0.0461
STK11,-0.07576894571129689,False,2,-0.2777;0.1262
ITPR1,-0.07574526718647084,False,2,0.0428;-0.1943
NDUFB8,-0.07572884449483314,True,2,-0.0351;-0.1163
TAGLN,-0.07572730940277483,True,2,-0.1022;-0.0493
PPIG,-0.07570233227080209,False,2,0.0222;-0.1736
GSTA4,-0.07568276563383586,False,2,-0.5315;0.3801
ITPKB,-0.07567801396760254,True,2,-0.1092;-0.0421
ETHE1,-0.07567366916482787,False,2,-0.2381;0.0868
POLE4,-0.07567306294795184,False,2,-0.1635;0.0121
TMEM254,-0.07567109209126932,False,2,0.0204;-0.1717
HIF1A,-0.07566858841291024,False,2,-0.1713;0.0200
ITPRID2,-0.07561230820414327,True,2,-0.0174;-0.1339
FGGY,-0.07559158835768975,True,2,-0.0991;-0.0521
SETD1B,-0.07556010864937834,False,2,-0.1680;0.0169
PAOX,-0.07555936012521991,True,2,-0.1345;-0.0167
GLI3,-0.07555863594520534,False,2,0.0785;-0.2296
MRPL24,-0.07554109239291956,True,2,-0.1048;-0.0463
PRMT3,-0.07552437150572411,True,2,-0.0474;-0.1036
ARHGAP32,-0.0754225608057561,True,2,-0.0113;-0.1396
TOMM34,-0.07541978226029977,True,2,-0.0254;-0.1255
CDCA3,-0.07540247766721897,False,2,-0.1646;0.0138
MAD1L1,-0.07537604193919711,False,2,-0.2372;0.0865
WDR34,-0.07535615058833528,True,2,-0.0161;-0.1346
CLPB,-0.07534626550298806,False,2,-0.1736;0.0229
GDI1,-0.07534287578660659,True,2,-0.1344;-0.0163
HOXB1,-0.0753109319209192,False,2,0.0058;-0.1564
LYPLAL1,-0.07527490041132762,True,2,-0.1241;-0.0265
YME1L1,-0.07522532299552004,True,2,-0.0718;-0.0787
SIRT3,-0.07521230475397994,True,2,-0.0645;-0.0859
FLT1,-0.0751807911194412,True,2,-0.0495;-0.1009
MESP2,-0.07516101516568685,True,2,-0.1456;-0.0047
LBHD1,-0.07511844782695642,True,2,-0.0681;-0.0821
HSDL2,-0.07507218114686276,False,2,0.0276;-0.1778
PIN1,-0.07504337589604482,False,2,-0.1966;0.0465
FBRS,-0.0750421680678724,True,2,-0.0770;-0.0731
RCAN2,-0.07502826589967887,True,2,-0.0095;-0.1406
MCTP2,-0.07498103188354915,False,2,0.0164;-0.1664
ZFPL1,-0.07497080275159962,True,2,-0.1215;-0.0284
ZNRF2,-0.0749452929018436,False,2,-0.3269;0.1770
SRP54,-0.07492983204552628,False,2,0.0007;-0.1506
RHBDD2,-0.0749252268393985,True,2,-0.0373;-0.1126
LAMP1,-0.07492227601265233,True,2,-0.1494;-0.0004
GBP2,-0.0749135895673893,True,2,-0.0441;-0.1057
FLRT2,-0.07490490634451286,False,2,-0.1972;0.0474
PRPSAP1,-0.07489933717191766,True,2,-0.0070;-0.1428
ANKRD13B,-0.0748432883058584,True,2,-0.0726;-0.0770
C19orf73,-0.07482701134961567,False,2,0.0057;-0.1554
NODAL,-0.07481300774324057,True,2,-0.0814;-0.0683
ATP10D,-0.07477681829101618,False,2,0.0506;-0.2001
KLHL12,-0.07477618971946043,True,2,-0.1316;-0.0179
NFKBIA,-0.07474508130416907,True,2,-0.0669;-0.0826
FSBP,-0.07474205362067476,True,2,-0.0504;-0.0991
THBS3,-0.07473967569433121,False,2,0.0083;-0.1578
FAM221A,-0.07470850047269678,True,2,-0.0105;-0.1389
KLHL24,-0.0746986833644675,False,2,-0.1721;0.0227
CHMP4B,-0.07468988293676326,True,2,-0.1135;-0.0359
SARM1,-0.0746630152982462,True,2,-0.0023;-0.1470
FBXO31,-0.07465066420764865,True,2,-0.0446;-0.1047
TATDN1,-0.07458832665585757,True,2,-0.1038;-0.0453
TMPO,-0.07458693136298628,True,2,-0.0251;-0.1241
BEND5,-0.0745782253972036,True,2,-0.0760;-0.0731
PYGB,-0.074542575918435,False,2,0.0874;-0.2365
EFEMP2,-0.07451052648290779,True,2,-0.1283;-0.0207
FGL2,-0.0744962745718617,True,2,-0.1206;-0.0284
TKTL1,-0.07444940807728395,True,2,-0.0061;-0.1428
FBXO3,-0.07444264396608335,False,2,-0.1604;0.0115
PPP1R14B,-0.07442103687943424,True,2,-0.0760;-0.0729
LRRC59,-0.07442070736180129,False,2,-0.1497;0.0009
PIDD1,-0.07441698630175264,False,2,0.0239;-0.1727
IL9,-0.07439356428379174,True,2,-0.0144;-0.1344
C16orf72,-0.0743609509261352,True,2,-0.1138;-0.0349
WARS,-0.07435330598738005,True,2,-0.1198;-0.0289
MAPKAPK3,-0.07434666727422096,True,2,-0.1111;-0.0375
METTL1,-0.07433945325478936,False,2,0.0288;-0.1775
CYP2D6,-0.07427219026472581,True,2,-0.0204;-0.1282
FANK1,-0.07426879897215244,True,2,-0.0941;-0.0544
ARL14EP,-0.07426405471889364,False,2,-0.2153;0.0667
ACTR8,-0.074262836943089,True,2,-0.1144;-0.0341
PTCD2,-0.07424558559066746,True,2,-0.0906;-0.0579
RHPN1,-0.07424506740018061,True,2,-0.0235;-0.1250
CCNDBP1,-0.07423706979951683,True,2,-0.0383;-0.1101
WDR59,-0.07422352808439858,False,2,-0.1543;0.0058
EMP3,-0.07422306722820726,False,2,-0.1708;0.0224
MCU,-0.07421379644724302,True,2,-0.1167;-0.0318
MARK4,-0.07417765274926214,False,2,-0.1993;0.0509
CHRNE,-0.07417108437527209,False,2,0.0037;-0.1521
RASGRF2,-0.07416824097375962,False,2,-0.2276;0.0793
RNF24,-0.07410016778343514,True,2,-0.0178;-0.1304
PER3,-0.07409798954123792,True,2,-0.1395;-0.0087
ASF1A,-0.0740886815148799,True,2,-0.0429;-0.1053
GOLGA1,-0.07405754784248386,False,2,-0.1697;0.0216
E2F8,-0.0740330779053544,True,2,-0.0861;-0.0620
TOMM20,-0.07399230357580888,False,2,-0.2025;0.0545
GPATCH3,-0.07396540802990426,True,2,-0.0374;-0.1106
CLCF1,-0.07394158442985349,False,2,0.0202;-0.1681
NOTCH2,-0.07392203606997882,False,2,-0.1535;0.0056
HACD1,-0.07391488419150177,True,2,-0.0864;-0.0614
REM2,-0.07389234176618426,True,2,-0.0662;-0.0815
SMIM1,-0.07385011235184186,True,2,-0.1018;-0.0459
STX11,-0.07382742608692605,True,1,-0.0738
TEN1,-0.07379737371890832,True,2,-0.0581;-0.0895
CCDC50,-0.07378449648080343,False,2,-0.2092;0.0616
SH3BGR,-0.07374451299898244,True,2,-0.1111;-0.0364
INVS,-0.07372422715174604,True,2,-0.0013;-0.1461
SSBP3,-0.07370641687199453,True,2,-0.0581;-0.0893
TMEM159,-0.07368899323686812,True,2,-0.0616;-0.0858
EMB,-0.07366886796623023,False,2,0.0407;-0.1880
PLXDC2,-0.0736653543341248,True,2,-0.1198;-0.0275
MPC1,-0.0736387350467379,True,2,-0.0607;-0.0866
MFSD12,-0.07363634108854838,True,2,-0.0901;-0.0572
RUFY1,-0.07362274620537335,True,2,-0.1055;-0.0418
HIBCH,-0.07361887816709978,False,2,-0.1476;0.0004
GALNT1,-0.07357236534875733,False,2,0.0109;-0.1580
MAP4K4,-0.07355773567327034,True,2,-0.0248;-0.1223
RNASET2,-0.07354002842678625,True,2,-0.0947;-0.0524
LYL1,-0.0735336386985122,True,2,-0.0109;-0.1362
TRIM5,-0.07350936019450771,False,2,-0.1480;0.0010
ITGA3,-0.07350852541909991,True,2,-0.1326;-0.0145
NUCB2,-0.07346262324057173,False,2,-0.1568;0.0099
ARHGAP1,-0.07345324016075777,True,2,-0.0578;-0.0891
CHCHD10,-0.07344545168725247,True,2,-0.0624;-0.0845
HMX3,-0.0734428496343118,False,2,-0.2691;0.1222
ELF1,-0.07343141668857256,True,2,-0.0269;-0.1200
CTBP2,-0.07342921502251276,True,2,-0.1144;-0.0324
GCNT4,-0.07339680686929301,True,2,-0.1075;-0.0393
ZNF445,-0.07338193571261348,False,2,0.0076;-0.1544
ENO3,-0.0733765074153459,True,2,-0.0562;-0.0905
L3MBTL4,-0.07327740688085627,False,2,0.0923;-0.2389
OST4,-0.07323995862139421,False,2,-0.3135;0.1670
BBS12,-0.073220165728336,True,2,-0.0731;-0.0733
SOX3,-0.07316980831279851,True,2,-0.0729;-0.0735
IGSF8,-0.07315966913223926,True,2,-0.0785;-0.0679
SLC16A10,-0.0731581962286364,False,2,-0.1519;0.0056
HPCAL1,-0.07303417520459299,True,2,-0.1391;-0.0069
TMCC2,-0.07301472969515022,True,2,-0.1182;-0.0279
RNF144A,-0.07296931268221402,False,2,0.1500;-0.2960
CEP164,-0.07292682890706803,False,2,-0.1771;0.0313
SELENOO,-0.07290552922094085,True,2,-0.1016;-0.0442
CDIPT,-0.0728867240854148,True,2,-0.1138;-0.0320
TTLL11,-0.07282615152179017,True,2,-0.0863;-0.0593
ANKRD28,-0.0727450754095848,True,2,-0.0067;-0.1388
RMDN1,-0.07265577158298614,True,2,-0.0348;-0.1105
TRIP4,-0.07260031940656725,True,2,-0.0517;-0.0935
CHPF,-0.0725972990916316,True,2,-0.1153;-0.0299
TCHP,-0.07257131191530786,True,2,-0.1235;-0.0217
MGAT5,-0.07252130204113505,True,2,-0.0009;-0.1441
POLR2J2,-0.07250769290269643,True,2,-0.0525;-0.0926
RNF146,-0.07247969912842489,True,2,-0.0702;-0.0747
PILRB,-0.07240169757345782,True,2,-0.0628;-0.0820
PGM2L1,-0.07239921975601687,False,2,0.0342;-0.1790
HMCN1,-0.07238523254725526,True,2,-0.0266;-0.1182
ZNF189,-0.07234704939318026,False,2,-0.1731;0.0285
GPD2,-0.07232851210135693,True,2,-0.0117;-0.1330
CLASP1,-0.07231275084359312,False,2,-0.1996;0.0549
DOK1,-0.07228995669078164,False,2,-0.1447;0.0001
LTB4R2,-0.07225425414910891,False,2,-0.2397;0.0952
DOCK2,-0.07224756537679766,True,2,-0.1412;-0.0033
APBB1,-0.07222769374640708,False,2,0.0135;-0.1580
LCN1,-0.0722164223862452,True,2,-0.0889;-0.0555
MAN2A1,-0.07221003929117686,False,2,-0.2097;0.0653
AFTPH,-0.07220506604809962,False,2,-0.1933;0.0489
IFRD1,-0.07220378274443418,False,2,-0.1507;0.0063
TRIM27,-0.07218890906514547,False,2,0.0230;-0.1674
LRRC28,-0.07218205676283118,True,2,-0.0082;-0.1362
ZNF324,-0.07215739742352162,True,2,-0.0380;-0.1064
EXOSC8,-0.07208858919911781,False,2,0.1659;-0.3101
GSTO1,-0.07207478088320574,True,2,-0.0832;-0.0609
PTCD1,-0.07205044895774854,True,2,-0.0371;-0.1070
PARD6G,-0.07204112592199008,True,2,-0.0110;-0.1331
ECHDC2,-0.07191614509399347,False,2,-0.2111;0.0673
CXCL14,-0.0719074637105721,True,2,-0.0939;-0.0499
PHKG2,-0.07190076984022697,True,2,-0.1205;-0.0233
S100A14,-0.071855495255227,True,2,-0.0394;-0.1043
MTERF2,-0.07184152110748432,False,2,-0.2123;0.0687
FOXC1,-0.0718374514208544,True,2,-0.1020;-0.0417
GSTM2,-0.07183706486010777,False,2,0.0102;-0.1539
NBEA,-0.0718222215777129,False,2,0.0162;-0.1598
SLC30A7,-0.07181505819075623,False,2,0.0097;-0.1533
CPOX,-0.07178543866515746,False,2,0.0661;-0.2097
CCDC102A,-0.07176833324483467,False,2,0.0121;-0.1557
DYRK1A,-0.07176160026814699,False,2,0.0330;-0.1766
ABCC4,-0.07175819539848366,False,2,0.0554;-0.1989
RBM11,-0.07175116471790088,True,2,-0.1235;-0.0200
PACSIN1,-0.07171174329543523,False,2,0.0966;-0.2401
VEZF1,-0.07170812219534706,False,2,-0.1817;0.0383
HILPDA,-0.07170286714495877,True,2,-0.1243;-0.0191
TJP3,-0.07167179795742112,True,2,-0.0538;-0.0896
RAI1,-0.07166483335252588,True,2,-0.1144;-0.0289
CDC42EP5,-0.071633563266019,True,2,-0.0685;-0.0748
ZADH2,-0.0716196117597474,True,2,-0.0770;-0.0663
CASP4,-0.07159542224170329,True,2,-0.0755;-0.0677
MAP2K2,-0.071589448192451,True,2,-0.0490;-0.0942
HOXB9,-0.07155782516269299,True,2,-0.0194;-0.1237
PIM3,-0.0715405739097052,False,2,0.1866;-0.3297
MPZL3,-0.07152438682282125,False,2,-0.2062;0.0632
PCNA,-0.07151681957765677,False,2,-0.4071;0.2641
SMG6,-0.07151011382187666,False,2,-0.2173;0.0743
KCNA6,-0.0714990481457849,True,2,-0.0991;-0.0439
MED19,-0.07146142585538123,False,2,0.0093;-0.1522
PSEN2,-0.07144394801474585,False,2,-0.1542;0.0113
RTP4,-0.07144266185632553,True,2,-0.0738;-0.0691
ARHGEF39,-0.07144095477377815,True,2,-0.0173;-0.1255
DHX58,-0.07143280791477524,False,2,-0.1749;0.0321
MTSS1L,-0.07139675478651553,False,2,0.0031;-0.1459
HMBS,-0.07138886458423105,True,2,-0.1078;-0.0350
SLC41A2,-0.07138363079667742,False,2,-0.2300;0.0872
TRAPPC12,-0.07138267561681344,False,2,-0.1480;0.0052
PARP2,-0.07127743644978718,True,2,-0.1131;-0.0294
ZNF605,-0.07126025152267879,True,2,-0.0105;-0.1320
MBNL1,-0.07122969132088441,False,2,-0.2090;0.0665
SIAH2,-0.07119530206795144,True,2,-0.1412;-0.0011
PELI1,-0.07116480848084195,True,2,-0.0757;-0.0666
ZNF180,-0.07114479352637693,True,2,-0.0807;-0.0616
SCAMP2,-0.07109240634301922,True,2,-0.0085;-0.1337
STK19,-0.07107615804550382,True,2,-0.1286;-0.0136
COPG1,-0.07107130355939395,True,2,-0.1229;-0.0193
FDX1,-0.07102592242587358,False,2,-0.1666;0.0246
CCDC85B,-0.07101211186653966,False,2,-0.1541;0.0121
CEMIP2,-0.07100401319962862,True,2,-0.0604;-0.0816
WWP2,-0.07099714849607713,True,2,-0.1074;-0.0346
TBK1,-0.0709924728589274,True,2,-0.0805;-0.0615
ARL17B,-0.07099226023344829,True,2,-0.0442;-0.0978
RGS3,-0.07093327504379704,True,2,-0.0242;-0.1177
RFLNB,-0.07092402035156126,True,2,-0.0232;-0.1187
NUDT6,-0.07091959250390084,True,2,-0.0509;-0.0909
ERP27,-0.07089482662670876,False,2,0.0442;-0.1860
TOMM6,-0.07086016888105645,True,2,-0.1088;-0.0330
HECA,-0.07085770399522212,True,2,-0.0504;-0.0913
KTI12,-0.07082366422821629,True,2,-0.0304;-0.1112
ICMT,-0.07081336337505378,True,2,-0.0274;-0.1142
C8orf44,-0.07079978140626414,True,2,-0.1135;-0.0281
NIF3L1,-0.07078063665151368,True,2,-0.0881;-0.0534
TENT2,-0.07074819853538605,False,2,-0.1520;0.0105
CPTP,-0.07072817880475579,False,2,-0.2298;0.0884
WDR81,-0.07071930459617165,True,2,-0.0522;-0.0892
TTC22,-0.07069923623128255,True,2,-0.0901;-0.0513
TEAD1,-0.07067929128130856,True,2,-0.0207;-0.1206
ZNF22,-0.07067340316871384,True,2,-0.0872;-0.0542
PDXK,-0.07067201624943564,True,2,-0.0531;-0.0883
CIB2,-0.07065435617420768,True,2,-0.0980;-0.0433
TMEM8A,-0.0706442316957096,False,2,0.1102;-0.2515
NRGN,-0.07063601759333232,True,2,-0.0307;-0.1106
COL9A2,-0.07058928321730717,True,2,-0.0706;-0.0706
KCNIP4,-0.07058472122835358,True,2,-0.1308;-0.0103
SIAH3,-0.070562475152256,False,2,0.0838;-0.2250
PYCR3,-0.07055058743218212,True,2,-0.0131;-0.1280
HERC1,-0.0705119563523895,True,2,-0.0865;-0.0545
EIF5,-0.07049281475110142,True,2,-0.0785;-0.0625
DYRK4,-0.07048624878596005,False,2,0.0800;-0.2210
B3GLCT,-0.07047933025400255,True,2,-0.0850;-0.0560
CTNND1,-0.07046910043889948,True,2,-0.0924;-0.0486
PQLC3,-0.07044318547485284,True,2,-0.0927;-0.0482
GUSB,-0.07040620037821738,True,2,-0.0109;-0.1299
MAPK3,-0.07040162207021383,True,2,-0.0786;-0.0622
AMBRA1,-0.07040149375614302,True,2,-0.1379;-0.0029
ARMH1,-0.07038826327706627,False,2,0.0251;-0.1658
PIGA,-0.07036471193175137,True,2,-0.0511;-0.0897
ZNF19,-0.0703057874774422,True,2,-0.1023;-0.0383
ZNF205,-0.07029751107502169,True,2,-0.0263;-0.1143
FRAS1,-0.07029284893698384,False,2,-0.1441;0.0035
GCC2,-0.07027181638641039,True,2,-0.0249;-0.1156
IFITM5,-0.07027051324764938,False,2,0.0794;-0.2200
DNAH3,-0.07025640568011549,False,2,-0.1497;0.0092
UBE2G2,-0.07025123449003534,True,2,-0.1198;-0.0207
LRRC8A,-0.07024383472216772,True,2,-0.0316;-0.1089
NUFIP2,-0.07024227700883773,True,2,-0.0733;-0.0672
FAM229A,-0.07021581333152394,True,2,-0.0839;-0.0566
SOX12,-0.07019453074350213,True,2,-0.1358;-0.0046
SPRYD4,-0.07018838378530579,True,2,-0.1266;-0.0138
COX7A2,-0.07016689628126471,True,2,-0.1164;-0.0240
FCHSD1,-0.07016066850347913,True,2,-0.1251;-0.0152
SDHAF4,-0.07012841025148858,True,2,-0.0659;-0.0744
KIAA1841,-0.07011534727124463,False,2,0.0192;-0.1595
IKBKB,-0.07010141475332216,False,2,0.1117;-0.2519
PP2D1,-0.0700809729840518,False,2,-0.2617;0.1215
CNNM4,-0.07007100895500906,True,2,-0.1351;-0.0050
LENG9,-0.07007007152930683,False,2,0.0120;-0.1522
SLC4A10,-0.07003669011762809,True,2,-0.0685;-0.0716
AP3M1,-0.06993739902542773,False,2,-0.1919;0.0520
HIBADH,-0.06991366185664322,True,2,-0.0851;-0.0547
LMNB2,-0.06985755909631364,True,2,-0.0374;-0.1023
SNRPB2,-0.06985755583687492,False,2,-0.2558;0.1161
ZNF684,-0.06984854129962614,False,2,-0.1425;0.0028
SPTBN1,-0.06983983657180687,True,2,-0.0108;-0.1288
DNLZ,-0.06983261065168123,True,2,-0.0795;-0.0602
OSBPL1A,-0.06981499126172419,False,2,-0.2210;0.0814
ZFX,-0.0697993743053224,True,2,-0.0890;-0.0506
RFX2,-0.06976445620246474,True,2,-0.0130;-0.1266
ZNF547,-0.06972599077547326,True,2,-0.1126;-0.0269
HK3,-0.06972391960492114,True,2,-0.0362;-0.1032
C14orf119,-0.06969967553980827,True,2,-0.0812;-0.0582
IFI44,-0.06965553691148907,True,2,-0.0823;-0.0570
ARL6IP1,-0.06963953477379453,True,2,-0.0908;-0.0484
ANGPTL4,-0.06960465084996809,True,2,-0.1109;-0.0283
DOCK8,-0.06959348839420137,True,2,-0.0374;-0.1018
AXL,-0.0695932378810954,True,2,-0.0400;-0.0991
NUP58,-0.06957567714943713,True,1,-0.0696
FBXO4,-0.06957028888703559,True,2,-0.0544;-0.0848
SQSTM1,-0.06954121118489265,False,2,0.0484;-0.1875
MYT1,-0.0695342157475472,True,2,-0.0256;-0.1134
NOSIP,-0.06952944556323926,True,2,-0.0869;-0.0522
LYRM1,-0.06952278696504655,False,2,-0.1578;0.0188
BARHL2,-0.06948318439129164,True,2,-0.0915;-0.0474
ZNF84,-0.0694485025280901,False,2,-0.1656;0.0267
ING4,-0.06938521299306777,False,2,0.0757;-0.2145
DDX28,-0.06937823053457426,True,2,-0.1305;-0.0082
NEURL4,-0.06934944413417288,True,2,-0.0085;-0.1302
MAP3K11,-0.06934270577121365,False,2,0.0293;-0.1680
HDAC7,-0.06930573685940583,True,2,-0.1032;-0.0354
EEF1G,-0.06929724208858895,False,2,0.0936;-0.2322
SH3GLB2,-0.069295708072658,False,2,0.1006;-0.2392
ZNF638,-0.06929565711397423,True,2,-0.1182;-0.0204
TENT4B,-0.06926754057548407,True,2,-0.0525;-0.0860
SETBP1,-0.06926674402651001,True,2,-0.1255;-0.0130
ACAT2,-0.06926016313293748,True,2,-0.0915;-0.0470
SPR,-0.0692592987509919,True,2,-0.0159;-0.1226
ZNF569,-0.069255541265061,True,2,-0.0668;-0.0717
PNKP,-0.0692037204653343,False,2,0.0364;-0.1748
ISY1,-0.06918930686340657,True,2,-0.0735;-0.0648
SCAND1,-0.06916721193233144,True,2,-0.0544;-0.0839
ZNF311,-0.06916683329572082,False,2,-0.1698;0.0315
MRPL15,-0.06915939640096591,True,2,-0.0584;-0.0799
CNOT3,-0.06914849781714727,True,1,-0.0691
GTF2A1,-0.06914634256867408,True,2,-0.0775;-0.0608
FAM168A,-0.06912304122869473,False,2,-0.2309;0.0926
GIMAP1-GIMAP5,-0.06911527974678622,False,2,-0.2820;0.1438
DYRK3,-0.06908968145322392,False,2,-0.1451;0.0069
DHRS2,-0.0690617280954739,False,2,0.0167;-0.1548
ZNF227,-0.0690179976740834,True,2,-0.0830;-0.0550
HSPA14,-0.0690091460858035,True,2,-0.0612;-0.0768
CREB3L4,-0.06899117117291781,True,2,-0.1037;-0.0343
PI4K2A,-0.06898848493155019,False,2,-0.1713;0.0333
MYCBP,-0.06898152276896524,True,2,-0.0761;-0.0618
LRG1,-0.06897316125994918,True,2,-0.1008;-0.0372
GTF2H3,-0.0689660851910745,True,2,-0.0829;-0.0550
SGPL1,-0.0689656569414937,False,2,0.0296;-0.1675
MFAP3,-0.06896168585528722,True,2,-0.0677;-0.0702
CUL7,-0.06895863082613107,False,2,-0.1922;0.0543
OAF,-0.06895843356906373,True,2,-0.0570;-0.0809
VIPR1,-0.0689509848388909,True,2,-0.0600;-0.0779
ABTB1,-0.06890628573885271,True,2,-0.0461;-0.0917
CD47,-0.068895880511325,True,2,-0.0724;-0.0654
TVP23C,-0.06889308272962263,False,2,0.0777;-0.2154
LAIR2,-0.06884432402000329,False,2,0.0041;-0.1418
TRMT2A,-0.0688300971615492,False,2,-0.1849;0.0473
ZBTB14,-0.06880010379527612,False,2,-0.1445;0.0069
MRTFA,-0.06879252082407555,True,2,-0.0829;-0.0547
ANKS6,-0.06878039904128774,True,2,-0.1050;-0.0325
CNPY2,-0.06877836550823363,True,2,-0.0384;-0.0991
ALG10B,-0.0687568029112855,True,2,-0.1348;-0.0027
TSC22D1,-0.06874336426444672,True,2,-0.0755;-0.0620
SOX9,-0.06873934648377567,True,2,-0.0595;-0.0780
DDX43,-0.06870342308222366,True,2,-0.0353;-0.1021
RXRB,-0.06868721158989766,True,2,-0.0782;-0.0591
TMEM44,-0.06867536798952034,False,2,0.0235;-0.1608
BSG,-0.06866943100894274,True,2,-0.0619;-0.0755
YWHAE,-0.06862558958912912,True,2,-0.0524;-0.0849
PLCB3,-0.06862035644271841,True,2,-0.0387;-0.0985
FAM228B,-0.06857514764811501,True,2,-0.0984;-0.0387
PLEKHJ1,-0.06853847002508645,False,2,0.0283;-0.1654
RHOH,-0.06852125904144685,False,2,0.0172;-0.1543
ATXN3,-0.06849765475570957,True,2,-0.0933;-0.0437
PRKCZ,-0.0684947266627377,True,2,-0.1172;-0.0198
ZNF473,-0.06849076737366516,True,2,-0.0459;-0.0911
AGPAT5,-0.06848109238629296,False,2,0.0259;-0.1629
LMNTD2,-0.06845097391870308,True,2,-0.0483;-0.0886
CST7,-0.06844433681567164,True,2,-0.0799;-0.0570
OVOL1,-0.06844338308192177,True,2,-0.1088;-0.0281
GPR35,-0.06843629421400282,True,2,-0.1011;-0.0357
MSH6,-0.06842871145380053,True,2,-0.0415;-0.0954
SAMD12,-0.06839834644975906,False,2,0.0986;-0.2354
ARFGAP2,-0.06839565228695177,False,2,-0.1906;0.0539
PLXND1,-0.06839554926334757,False,2,-0.1451;0.0083
TRIM41,-0.06839230957190146,True,2,-0.0533;-0.0834
ZNF660,-0.06838952520302638,True,2,-0.0160;-0.1208
SDCBP2,-0.06834477454006616,False,2,-0.1563;0.0197
FAM167B,-0.06831844735713699,False,2,-0.1679;0.0313
SORBS3,-0.06829817360650431,True,2,-0.0811;-0.0555
SPPL2B,-0.06828782106139597,True,2,-0.0371;-0.0994
PNRC1,-0.06828735151831916,True,2,-0.0653;-0.0713
STK4,-0.06827806405578224,True,2,-0.0079;-0.1286
CYB5R1,-0.06827373202380138,True,2,-0.0756;-0.0609
RASSF1,-0.06826046813519998,False,2,0.0058;-0.1424
TEAD3,-0.06825563629163861,False,2,0.0269;-0.1634
ZFHX3,-0.06825046193667644,True,2,-0.0595;-0.0770
LAPTM4B,-0.06822415066768384,True,2,-0.1167;-0.0198
UTP23,-0.06821599550882274,False,2,-0.2244;0.0879
ESRRG,-0.06820659693679054,False,2,-0.1615;0.0251
AHI1,-0.06819877675423741,True,2,-0.0290;-0.1074
NDUFA12,-0.06818574552168538,True,2,-0.0162;-0.1201
RAD51D,-0.0681849317709689,True,2,-0.0843;-0.0521
ZNF888,-0.06812256082771384,True,2,-0.1206;-0.0157
SPARC,-0.06811175550457882,True,2,-0.0362;-0.1000
SYNJ2BP-COX16,-0.06811157666629813,True,2,-0.0146;-0.1216
SIPA1L3,-0.06810223114882252,True,2,-0.0729;-0.0633
ZNF354A,-0.06808823535791692,True,2,-0.0564;-0.0798
SASH1,-0.06800978092747012,True,2,-0.1211;-0.0149
AHSP,-0.06800599300842741,True,2,-0.0981;-0.0379
DUS2,-0.0680031021090366,False,2,0.0475;-0.1835
MCCC1,-0.06798653477750116,True,2,-0.0894;-0.0465
EIF2A,-0.06788507503943114,True,2,-0.0123;-0.1235
ALX4,-0.06788006658778578,False,2,-0.1683;0.0325
MMD,-0.06784840800122366,True,2,-0.0244;-0.1113
PIN4,-0.0677791435994275,False,2,-0.2067;0.0711
EMX2,-0.06775714701890523,True,2,-0.1205;-0.0150
EDEM2,-0.06773795396459797,True,2,-0.0494;-0.0861
SPEF2,-0.06772271118809203,False,2,0.0439;-0.1793
HSBP1,-0.06769004688066665,True,2,-0.0362;-0.0992
SLC19A2,-0.06766829400994079,False,2,0.0394;-0.1748
PLEKHA3,-0.06765758977290959,False,2,0.0248;-0.1601
PCGF1,-0.0676146227060605,True,2,-0.0004;-0.1348
ORC4,-0.06759104077744382,False,2,-0.1606;0.0255
CDC42EP4,-0.06758044744718045,True,2,-0.0439;-0.0913
CLIC4,-0.06757312152603862,False,2,0.0039;-0.1391
KCNMB4,-0.0675590391938633,True,2,-0.1097;-0.0254
IL2RA,-0.06754665114250935,True,2,-0.1337;-0.0014
DNAJC7,-0.06754377243151977,False,2,-0.2120;0.0769
C4orf19,-0.06754314298155317,True,2,-0.1344;-0.0007
ANKMY2,-0.06754085509585755,True,2,-0.0899;-0.0451
ARGFX,-0.06752108491229314,True,2,-0.0155;-0.1195
RTL5,-0.06751571734469258,True,2,-0.0172;-0.1178
KRT10,-0.06750979016548969,False,2,0.0254;-0.1604
CYP3A5,-0.0674790686382794,False,2,0.0248;-0.1598
PNMA1,-0.06747161358949055,True,2,-0.0714;-0.0635
FGFRL1,-0.0674625289941802,True,2,-0.1073;-0.0276
CYCS,-0.06745672184796236,False,2,0.0120;-0.1469
FOXA2,-0.0674444495004709,True,2,-0.0423;-0.0926
IMP3,-0.0673860047047295,True,2,-0.0875;-0.0473
COPS9,-0.06736613370853584,False,2,0.0230;-0.1578
RBMS2,-0.06731976939941064,True,2,-0.1229;-0.0118
TRMT12,-0.06731819417098456,True,2,-0.0650;-0.0697
MPP5,-0.06727216350648213,False,2,0.0367;-0.1713
PRRT3,-0.06726552822853105,True,2,-0.1279;-0.0066
ZIC3,-0.06726088479433034,True,2,-0.1324;-0.0021
SCAPER,-0.06724088893709912,True,2,-0.0403;-0.0942
TRIM2,-0.06722647903862483,False,2,0.0034;-0.1379
PLXNA1,-0.0671842107779641,True,2,-0.0846;-0.0497
IMPAD1,-0.067167516315643,False,2,-0.3246;0.1902
TDG,-0.06716547906577397,True,2,-0.1165;-0.0178
MRM3,-0.06714361951041053,True,2,-0.0143;-0.1200
HLA-DQB1,-0.06712746802314185,False,2,0.0729;-0.2072
DCAKD,-0.06709374510942362,False,2,0.0061;-0.1403
FNDC10,-0.06709180767219369,True,2,-0.0791;-0.0551
PIGV,-0.06701230324669272,True,2,-0.1268;-0.0073
SYNGAP1,-0.06696228228827855,True,2,-0.0122;-0.1217
ST13,-0.06696070787202146,True,2,-0.0023;-0.1316
KIF14,-0.06693334958305364,False,2,0.0061;-0.1399
ZNF365,-0.06690434459434358,False,2,0.0633;-0.1971
IRF4,-0.06687458534129576,False,2,-0.2259;0.0921
ELMSAN1,-0.0668728979286905,True,2,-0.0881;-0.0457
C7orf55-LUC7L2,-0.06686806657167932,False,2,0.1182;-0.2519
REL,-0.06685564143393385,False,2,0.0010;-0.1347
SH2D1A,-0.06681101323438032,False,2,-0.1625;0.0288
ZNF814,-0.06681017983569854,True,2,-0.0374;-0.0963
TULP2,-0.0667714336047186,True,2,-0.0847;-0.0488
SRD5A3,-0.06676541381089568,True,2,-0.1040;-0.0295
RGPD5,-0.06674746686324051,False,2,0.1261;-0.2596
ANKMY1,-0.06671263398079275,True,2,-0.0290;-0.1044
LRRN2,-0.06670470798185613,True,2,-0.1167;-0.0167
FKBP4,-0.06669882577332414,True,2,-0.0482;-0.0852
VTI1A,-0.0666949272385749,True,2,-0.0279;-0.1055
SVIP,-0.06668943162827579,True,2,-0.0443;-0.0891
GPR52,-0.06668436011908568,True,2,-0.0052;-0.1282
AGAP2,-0.06666404242901036,False,2,-0.2380;0.1047
KCNH3,-0.06666142616035309,True,2,-0.0888;-0.0445
GALNS,-0.06664741470343882,True,2,-0.1059;-0.0274
RNF43,-0.06664148405690695,True,2,-0.1171;-0.0162
ZNF480,-0.06662833905243337,True,2,-0.1010;-0.0323
EIF2AK4,-0.06659911192663692,True,2,-0.0579;-0.0753
TF,-0.06657792822253678,True,2,-0.0962;-0.0370
ADARB2,-0.06655541065221698,False,2,0.0137;-0.1468
BAG3,-0.06654627678706543,True,2,-0.0120;-0.1210
KLF13,-0.06650482150079279,False,2,0.1300;-0.2630
PRKRIP1,-0.06650203436165969,False,2,0.0761;-0.2091
CHN1,-0.06647902803437067,True,2,-0.0659;-0.0670
TCEA3,-0.06647500563446651,False,2,-0.1419;0.0090
NPAS4,-0.06645148172319681,False,2,0.0202;-0.1531
ATP5PB,-0.06643171900858491,True,2,-0.1095;-0.0234
DCHS1,-0.06641791142959397,False,2,0.0196;-0.1525
IFIT5,-0.06640305007156294,True,2,-0.0772;-0.0556
DPP3,-0.06639644907521658,True,2,-0.0806;-0.0522
ZNF382,-0.06639619096610666,True,2,-0.0342;-0.0986
GALNT12,-0.06639166293547394,True,2,-0.1239;-0.0088
CTBS,-0.06638867356065092,False,2,-0.2128;0.0800
ZFYVE28,-0.06637207799411993,True,2,-0.0948;-0.0379
GGA2,-0.06637082984817833,True,2,-0.1204;-0.0124
GRINA,-0.06636758165909473,True,2,-0.0005;-0.1323
ZNF41,-0.06635008740366177,False,2,-0.2286;0.0959
CDC16,-0.06634684584102479,True,1,-0.0663
NDRG2,-0.06634313445455264,True,2,-0.0228;-0.1098
GDAP1,-0.06634176371488787,True,2,-0.0447;-0.0880
ZNF572,-0.06632823153636935,True,2,-0.0330;-0.0997
USP33,-0.06632603985403934,False,2,0.0208;-0.1534
ZDHHC13,-0.0663212672269946,True,2,-0.1140;-0.0187
CREBRF,-0.0662708214320219,False,2,0.0529;-0.1855
SNRPA1,-0.06622399317995031,False,2,0.0423;-0.1747
HARBI1,-0.06622103564219606,True,2,-0.0430;-0.0895
ARL14,-0.06621345109727206,True,2,-0.0264;-0.1061
NIN,-0.06616293052429972,False,2,0.0366;-0.1690
POLRMT,-0.0660934035172045,False,2,-0.2370;0.1048
CNP,-0.06607977211779503,True,2,-0.0742;-0.0579
ZNF215,-0.06606573901919832,False,2,-0.1373;0.0052
NUDT15,-0.0660565754665417,False,2,0.0232;-0.1553
CCL4,-0.06604439171399767,True,2,-0.0367;-0.0954
AASS,-0.0659963092384852,False,2,-0.1930;0.0610
TWF1,-0.06599490056525453,True,2,-0.1004;-0.0316
ADCY3,-0.06599469843007244,True,2,-0.1213;-0.0107
BBS4,-0.06598241375210584,True,2,-0.0792;-0.0528
C2orf76,-0.06597457399652551,True,2,-0.0521;-0.0798
ZNF529,-0.06591224315640404,False,2,0.0189;-0.1507
IFT27,-0.06588619234047544,False,2,-0.1506;0.0188
PDE1B,-0.06588201216165301,False,2,-0.1452;0.0134
WDR88,-0.06587906737686922,True,2,-0.1016;-0.0301
DENND1C,-0.06586547859486847,True,2,-0.1198;-0.0120
CYBRD1,-0.06582111000422236,False,2,0.0000;-0.1317
LETMD1,-0.06580786279151496,False,2,-0.1847;0.0531
RPUSD3,-0.06580640505658436,True,2,-0.0892;-0.0424
PLK3,-0.06580469466404759,False,2,0.0062;-0.1378
ZNF574,-0.06579230568970873,False,2,-0.1868;0.0552
OLAH,-0.06578889623539352,True,2,-0.0177;-0.1139
MINPP1,-0.06577470759058474,True,2,-0.0684;-0.0631
CPPED1,-0.065767132561099,True,2,-0.0264;-0.1051
SLC43A3,-0.06574778591170133,False,2,0.0878;-0.2193
RNF168,-0.06574289129757627,False,2,-0.1917;0.0602
LRRFIP2,-0.06573919295372144,True,2,-0.0294;-0.1020
SYF2,-0.06571210032611213,False,2,0.0233;-0.1547
CDK2AP1,-0.06563559897771887,True,2,-0.1228;-0.0085
PES1,-0.065626817331498,True,1,-0.0656
UNC45A,-0.06561829150726028,True,2,-0.1295;-0.0018
ZNF585B,-0.06560994827421679,True,2,-0.0766;-0.0546
FXYD7,-0.06557873336966241,True,2,-0.0773;-0.0539
ASNA1,-0.06556075987844667,False,2,-0.1511;0.0199
MASP2,-0.06554050670803646,False,2,-0.1504;0.0193
HIST1H3A,-0.0654852559028512,True,2,-0.0888;-0.0422
ATP6V1C2,-0.06547513736389343,True,2,-0.0037;-0.1272
PPP1R15A,-0.06547031856524638,False,2,0.0205;-0.1514
GATAD2A,-0.06546657303312908,True,2,-0.0732;-0.0577
HAND1,-0.06540955504553125,True,2,-0.0959;-0.0349
KRBA1,-0.06538203933958459,True,2,-0.0816;-0.0492
GLA,-0.06536881400374339,True,2,-0.0945;-0.0362
NOC4L,-0.06536668643989096,False,2,-0.1791;0.0483
HSP90B1,-0.06536156593444309,False,2,-0.1926;0.0619
LY6G5C,-0.06534220536776314,False,2,-0.1381;0.0075
GID4,-0.06533976086283544,True,2,-0.1194;-0.0113
PPFIA1,-0.0653197435016723,True,2,-0.0512;-0.0795
RNFT1,-0.06531013730098978,False,2,0.0177;-0.1483
TBC1D31,-0.06528675240238141,True,2,-0.0384;-0.0921
ZNF350,-0.06524328659243289,True,2,-0.0817;-0.0488
HELZ,-0.06522255824005352,False,2,-0.1909;0.0604
TBX18,-0.06521647014166082,False,2,0.0125;-0.1430
CDKN2AIPNL,-0.06520911250931533,False,2,0.0145;-0.1449
ANKRD44,-0.06514632539659754,True,2,-0.0494;-0.0809
LPCAT4,-0.06514418368673003,False,2,-0.1544;0.0242
TBX6,-0.065138558172047,True,2,-0.0726;-0.0577
OSBPL5,-0.06513511760697921,True,2,-0.0839;-0.0464
C12orf65,-0.06512034432149555,True,2,-0.1004;-0.0298
CREM,-0.06509540619146265,True,2,-0.0883;-0.0418
ATF7IP2,-0.06502582125373962,False,2,0.0013;-0.1314
RHOXF2,-0.06501604188222354,False,2,-0.1844;0.0544
DUSP18,-0.06501433265221168,False,2,-0.1700;0.0400
OPRM1,-0.06499130511058904,True,2,-0.1023;-0.0277
COL5A2,-0.06498575520529937,True,2,-0.0296;-0.1004
RNF126,-0.0649675095976342,False,2,-0.1471;0.0171
PLIN2,-0.06496236644318565,True,2,-0.1096;-0.0203
CSNK1E,-0.06492389123509013,False,2,-0.2564;0.1265
PPP4R3A,-0.06491883337923166,True,2,-0.0629;-0.0670
ARPC5,-0.06489247594001463,False,2,0.0879;-0.2177
RILPL1,-0.06486784462177714,True,2,-0.0932;-0.0366
ZNF275,-0.06483968886775177,False,2,0.0266;-0.1563
BLVRB,-0.0647972386138182,True,2,-0.0422;-0.0874
ZNF280D,-0.06479385864948373,True,2,-0.0647;-0.0649
TCF19,-0.06477430878395324,False,2,0.0912;-0.2208
RNF19B,-0.0647719706299309,False,2,-0.2066;0.0771
MAP1S,-0.06475029618727468,True,2,-0.1022;-0.0273
TTC7A,-0.06473607832577188,True,2,-0.1221;-0.0073
DCAF17,-0.0647109582945149,False,2,-0.2273;0.0978
ZIC2,-0.06470966507784193,True,2,-0.1177;-0.0117
GNB4,-0.06470199068930671,False,2,-0.1435;0.0141
HSPB11,-0.06469519511254218,True,2,-0.1241;-0.0053
UHRF1BP1L,-0.06468147124457135,True,2,-0.0971;-0.0322
DVL1,-0.06464763410990088,True,2,-0.0585;-0.0708
TRPC4AP,-0.06460975612581027,True,2,-0.0995;-0.0297
AKR7A2,-0.06460620126408173,False,2,0.0344;-0.1636
RGMB,-0.06458712543004175,True,2,-0.1055;-0.0237
LAGE3,-0.06456684235003823,True,2,-0.0713;-0.0578
RNF157,-0.06454225784217871,True,2,-0.1179;-0.0111
NUP88,-0.0645335661825,True,2,-0.0964;-0.0327
TANK,-0.06452461135880933,True,2,-0.0095;-0.1195
FKBP1A,-0.06450470803012265,False,2,-0.1838;0.0548
ENOSF1,-0.0644664290651275,True,2,-0.0260;-0.1030
CCDC169-SOHLH2,-0.06445969583262601,False,2,-0.1469;0.0179
CXorf40A,-0.06440741219467067,True,2,-0.0486;-0.0802
ZBTB1,-0.06440141872578226,False,2,0.0086;-0.1374
ZBTB22,-0.06440078928312126,True,2,-0.0792;-0.0496
MOB3B,-0.06439211410604018,True,2,-0.0517;-0.0771
EBF3,-0.06439210742766716,False,2,0.0620;-0.1908
TCAIM,-0.06438412767296314,True,2,-0.0632;-0.0655
BTN3A2,-0.06437338567967354,True,2,-0.0530;-0.0757
NDUFA6,-0.06437185580569765,True,2,-0.0165;-0.1122
PJVK,-0.06436826053585687,False,2,-0.2483;0.1196
TSEN34,-0.06433966586184925,True,2,-0.0531;-0.0755
PSMB10,-0.06433217021527116,False,2,0.0522;-0.1808
CALD1,-0.06421908496594786,True,2,-0.0446;-0.0839
DBN1,-0.06421180605065091,False,2,-0.1415;0.0131
CDK5,-0.06419979319981262,False,2,-0.1695;0.0411
CD320,-0.06419042569427685,True,2,-0.0007;-0.1277
TSC22D4,-0.06416764274991793,True,2,-0.1206;-0.0077
CTRL,-0.06416722413609505,True,2,-0.0751;-0.0532
SLC16A5,-0.06416587732050627,True,2,-0.0402;-0.0881
HPGDS,-0.06413343777974456,False,2,0.0093;-0.1375
NPLOC4,-0.06413275100669857,False,2,0.0035;-0.1318
CRELD1,-0.06412938297123799,True,2,-0.0385;-0.0898
COPRS,-0.06408278220967395,True,2,-0.0607;-0.0674
EFCAB14,-0.06406764144446986,False,2,-0.1403;0.0121
SURF1,-0.06405870932364988,True,2,-0.0694;-0.0587
HLA-DOA,-0.06404222332363252,False,2,-0.1303;0.0022
FHL1,-0.0640284536866691,True,2,-0.1007;-0.0274
SFI1,-0.06397779857463687,False,2,0.0062;-0.1341
SLC11A1,-0.06392293456006776,True,2,-0.0000;-0.1278
UAP1L1,-0.06386865822078042,True,2,-0.0835;-0.0442
DUSP14,-0.0637991029919982,True,2,-0.1153;-0.0123
SPRTN,-0.06379434756991553,False,2,-0.1604;0.0328
FOXG1,-0.06378240050839046,False,2,-0.2072;0.0796
HIF3A,-0.0637823695547503,True,2,-0.0124;-0.1152
CMTM2,-0.06376907029864709,False,2,-0.1808;0.0532
BMP8A,-0.06374426763205565,True,2,-0.1170;-0.0105
CHUK,-0.06373451159518334,False,2,0.0463;-0.1737
AKAP2,-0.06371023778328289,True,2,-0.0919;-0.0355
PFAS,-0.06370740636757966,True,2,-0.1086;-0.0189
ZNF653,-0.06370726430555346,True,2,-0.0805;-0.0469
C1orf43,-0.06368359640881804,False,2,-0.2316;0.1043
GNE,-0.0636636831472398,True,2,-0.1194;-0.0079
KIFC2,-0.06363564693386836,True,2,-0.0060;-0.1213
MTHFS,-0.0636314057761993,True,2,-0.1016;-0.0257
TMEM91,-0.0636173489492598,False,2,0.0391;-0.1663
ACSF3,-0.06358200271453385,True,2,-0.0994;-0.0278
VMAC,-0.06342713779556314,True,2,-0.0093;-0.1176
TMEM119,-0.06340691424935696,True,2,-0.1024;-0.0244
MTMR9,-0.06339687457004706,False,2,-0.2800;0.1533
RAB12,-0.0633881002157165,True,2,-0.0546;-0.0721
UBQLNL,-0.0633802797981744,True,2,-0.1130;-0.0138
CNKSR1,-0.06337295423453387,False,2,0.0359;-0.1626
CXXC4,-0.06335338912394861,True,2,-0.0790;-0.0477
NKD1,-0.06333390818894435,False,2,-0.1705;0.0439
RIC3,-0.06328251438687882,True,2,-0.0026;-0.1239
HERC3,-0.0632452045640366,True,2,-0.1052;-0.0213
APH1B,-0.06317358030028236,False,2,0.0130;-0.1394
COL6A3,-0.06317243271772599,True,2,-0.1217;-0.0047
FBXW8,-0.06315839074463658,False,2,0.0100;-0.1363
ABHD8,-0.06313709510610943,False,2,-0.1469;0.0206
TMEM101,-0.06307088664800775,True,2,-0.0923;-0.0338
MDP1,-0.06303655618874249,True,2,-0.1088;-0.0172
LCLAT1,-0.06301885635539478,True,2,-0.0856;-0.0405
HUS1,-0.06299002848615154,True,1,-0.0630
ESRRB,-0.06295084794935202,True,2,-0.0981;-0.0278
FGF9,-0.06293268483449982,True,2,-0.0987;-0.0271
SAMD1,-0.0629135295767137,True,2,-0.0083;-0.1175
HSF5,-0.06291288083645341,True,2,-0.0540;-0.0718
HIST1H2BH,-0.06289921672798476,True,2,-0.0003;-0.1255
CCDC28B,-0.06289907019687224,False,2,-0.2404;0.1146
KLF8,-0.06289748319366262,True,2,-0.1234;-0.0024
PLCB1,-0.06289216117543545,True,2,-0.0879;-0.0379
BLM,-0.0628893431907569,True,2,-0.1065;-0.0193
TBC1D19,-0.06287969231955659,True,2,-0.0693;-0.0564
SLC25A20,-0.06285572622003688,False,2,-0.1301;0.0044
CGREF1,-0.06284684303698662,False,2,-0.1281;0.0025
SDR42E2,-0.06284480192258918,True,2,-0.0298;-0.0959
KIAA0355,-0.06281786666857508,True,2,-0.0980;-0.0276
DNAJC12,-0.06271117477138799,True,2,-0.0521;-0.0733
TIMM17B,-0.06269406871686228,False,2,0.0291;-0.1545
EZH1,-0.06266513530637763,False,2,-0.1515;0.0262
CAPN3,-0.06264698807804692,False,2,-0.1414;0.0161
SETD4,-0.0626413401379699,True,2,-0.0448;-0.0805
HEMGN,-0.06264099094449294,False,2,0.1185;-0.2437
ADCK2,-0.06261431575496562,True,2,-0.0561;-0.0691
ZNF730,-0.06259526272475724,False,2,-0.1650;0.0398
KDM3A,-0.06257962526931421,True,2,-0.0450;-0.0802
C14orf132,-0.06257783122247751,True,2,-0.1110;-0.0142
CIAPIN1,-0.06257439570566731,True,2,-0.0948;-0.0303
IBA57,-0.06254455916699769,True,2,-0.0915;-0.0336
CAPS,-0.06250966665917757,False,2,-0.1421;0.0171
CISH,-0.0625013038653206,False,2,-0.1386;0.0136
EBF4,-0.06248787381985643,False,2,-0.1306;0.0057
PDE6C,-0.062478951375150915,True,2,-0.0932;-0.0318
JARID2,-0.06245594797639897,False,2,-0.1453;0.0204
TRAPPC6B,-0.06244652297432096,False,2,-0.1252;0.0003
JAM3,-0.06244641464177614,True,2,-0.0104;-0.1145
EAF1,-0.062416383971265144,True,2,-0.0359;-0.0890
SERPINB8,-0.06240060648006013,False,2,0.0412;-0.1660
COP1,-0.062396980918581535,True,2,-0.0935;-0.0313
KATNBL1,-0.062379097607072165,False,2,0.1863;-0.3111
BAZ2B,-0.06235738328425244,False,2,-0.1468;0.0221
RNASEH2C,-0.06233403307784757,False,2,-0.2795;0.1549
GEMIN7,-0.06232697035480189,False,2,0.1184;-0.2431
CD274,-0.062266714510720134,True,2,-0.0093;-0.1153
RASL11A,-0.06221439540089335,False,2,-0.1607;0.0363
ITM2A,-0.06217901644440749,True,2,-0.0233;-0.1010
TMEM63B,-0.06216166587897198,True,2,-0.0820;-0.0423
DERL3,-0.06215353382795191,False,2,0.0642;-0.1885
PLB1,-0.062102503048725555,False,2,-0.1275;0.0033
CAPN15,-0.06209825518716866,False,2,0.0540;-0.1782
RAB36,-0.06209080990000143,True,2,-0.0462;-0.0780
LACC1,-0.062089624493739115,True,2,-0.1107;-0.0135
MRPS24,-0.06202667783696819,True,2,-0.0557;-0.0684
H3F3A,-0.06200681889523518,False,2,-0.1643;0.0403
TRMT11,-0.06199984536100578,True,2,-0.1031;-0.0209
HAVCR1,-0.061995990576054205,False,2,-0.1269;0.0029
FKBP1B,-0.061974931232889996,False,2,0.0546;-0.1786
KIF20B,-0.0619598769763921,False,2,0.0721;-0.1960
CREB5,-0.06194254591321119,True,2,-0.0843;-0.0396
VCL,-0.06191137426640614,False,2,0.0904;-0.2142
LSG1,-0.06188732688249449,True,2,-0.0306;-0.0932
IL1RN,-0.061841667746512285,True,2,-0.0050;-0.1187
PARN,-0.06183581243114733,True,2,-0.0696;-0.0541
TMEM35B,-0.061797103691169364,False,2,0.0423;-0.1659
ABHD15,-0.06179497206298268,False,2,-0.3026;0.1790
MTRNR2L4,-0.06177167015676699,False,2,-0.1500;0.0264
SLC22A5,-0.061760499977165484,False,2,-0.1244;0.0009
DDX52,-0.061741882876266696,False,2,-0.2636;0.1401
ITGB1BP2,-0.06173326317380673,True,2,-0.0454;-0.0780
APEX1,-0.06170912148710267,True,2,-0.0154;-0.1080
MRPL30,-0.0616761822289964,True,1,-0.0617
SETD9,-0.061631669404672906,True,2,-0.1038;-0.0195
LPL,-0.06162222189109079,False,2,0.0565;-0.1797
ISOC2,-0.06161438496537608,False,2,0.0159;-0.1391
RBM12B,-0.06161412833523061,True,2,-0.0821;-0.0411
ARL2BP,-0.061605494971601005,True,2,-0.0840;-0.0393
NCEH1,-0.0615879440635097,True,2,-0.0939;-0.0293
PLXNB2,-0.06157942087585727,True,2,-0.0856;-0.0375
TRAM1,-0.061538575922875316,True,2,-0.0879;-0.0352
BBIP1,-0.06152456979184201,True,2,-0.0192;-0.1039
CNOT8,-0.06150934208847747,True,2,-0.0968;-0.0262
RPL41,-0.061501279782152696,True,2,-0.1170;-0.0060
ANKZF1,-0.061410745400344635,True,2,-0.0811;-0.0418
DCLRE1C,-0.06137700485771741,True,2,-0.0244;-0.0984
PELO,-0.06137470708862425,True,2,-0.1109;-0.0118
SNX15,-0.06134916501931331,True,1,-0.0613
ONECUT1,-0.061325896403711555,True,2,-0.0817;-0.0409
PARL,-0.06131821148170302,False,2,0.0071;-0.1297
NOTCH1,-0.061292148678278535,True,2,-0.0374;-0.0852
FAM193A,-0.06128630806801327,False,2,-0.1816;0.0590
SAYSD1,-0.061262734777764616,False,2,0.0096;-0.1321
ERRFI1,-0.06121648148400649,True,2,-0.1043;-0.0181
FGF2,-0.06118918234459125,True,2,-0.0130;-0.1094
GSDMA,-0.06113853587219492,True,2,-0.0413;-0.0809
SNN,-0.061055041352485684,True,2,-0.0430;-0.0792
TCF21,-0.06105438558500931,True,2,-0.0778;-0.0443
POU3F3,-0.06104678537827296,True,2,-0.0881;-0.0340
CMSS1,-0.061043297113458406,True,2,-0.0608;-0.0612
NAF1,-0.06102349100697091,False,2,-0.1971;0.0751
IQCB1,-0.06102014826965796,True,2,-0.1087;-0.0134
PAK4,-0.06101174207818588,True,2,-0.0761;-0.0459
PRNP,-0.060990146595589934,True,2,-0.0232;-0.0987
WDR70,-0.06096637008633171,True,2,-0.0155;-0.1064
ZNF138,-0.06096433304763188,True,2,-0.0266;-0.0954
HRAS,-0.06094894286899477,True,2,-0.0569;-0.0650
C22orf46,-0.06092697856350693,True,2,-0.0526;-0.0692
TAC4,-0.06092375185861032,True,2,-0.0399;-0.0819
CWC27,-0.0609144829775593,True,2,-0.0481;-0.0737
MTERF4,-0.06087954493821923,True,2,-0.1059;-0.0159
PM20D2,-0.06087055563709065,False,2,0.0331;-0.1548
TMEM175,-0.06084911037776164,False,2,-0.1922;0.0705
KCNC3,-0.06083858047082458,True,2,-0.1156;-0.0061
SORD,-0.06080279197133964,True,2,-0.0873;-0.0343
BCL2L2,-0.06077011801501897,True,2,-0.1154;-0.0062
PTRH2,-0.060752114797466894,False,2,-0.1290;0.0075
YWHAH,-0.0607439191151683,True,2,-0.0845;-0.0370
YIPF4,-0.060742440950233734,False,2,-0.1551;0.0337
FRMD6,-0.06070500311011856,True,2,-0.0416;-0.0798
TIGD1,-0.0606652865943742,True,2,-0.0650;-0.0563
TPST2,-0.06064017314607295,True,2,-0.0769;-0.0443
DNAJA1,-0.06062737935095147,True,2,-0.0531;-0.0681
APBB3,-0.06058542911705361,True,2,-0.0887;-0.0325
C3orf14,-0.0605645695369843,False,2,0.1019;-0.2231
MND1,-0.060552903402294744,True,2,-0.0434;-0.0777
EBI3,-0.060547386888408994,True,2,-0.0477;-0.0734
SVBP,-0.06053642337701348,False,2,-0.2064;0.0853
FXYD1,-0.060486090669973125,True,2,-0.0185;-0.1025
INPP5K,-0.060453375321924796,True,2,-0.0726;-0.0483
RAB19,-0.060439602514709034,False,2,-0.2969;0.1761
TROVE2,-0.060424749632213115,False,2,0.0802;-0.2010
SYP,-0.06040389571262639,True,2,-0.0554;-0.0654
LNPK,-0.06036438398531346,True,2,-0.0168;-0.1039
CDCA2,-0.0603375268873762,True,2,-0.0435;-0.0772
SIPA1,-0.06033337538228262,True,2,-0.0498;-0.0708
ZNF585A,-0.06031261794293874,False,2,0.0224;-0.1430
CLN6,-0.06030677344227098,False,2,0.0347;-0.1553
RAB35,-0.06030650919863306,False,2,0.0072;-0.1278
SSTR3,-0.06030037221288281,True,2,-0.0633;-0.0573
CDRT4,-0.06029015692131168,True,2,-0.0414;-0.0792
TPGS1,-0.06027348941277788,False,2,-0.1409;0.0204
LZTS3,-0.06025965835603364,True,2,-0.0962;-0.0243
MAPK8,-0.060240634837722074,True,2,-0.0551;-0.0654
TMEM260,-0.06017930901075108,True,2,-0.0250;-0.0954
SPSB3,-0.06017385148497173,True,2,-0.0785;-0.0418
PTP4A1,-0.06013753717040471,True,2,-0.0205;-0.0997
SLC39A3,-0.06012499218958145,True,2,-0.1155;-0.0048
TMEM219,-0.06011789029043002,False,2,-0.3198;0.1995
DNAL4,-0.060113520847939195,False,2,0.0210;-0.1412
MUTYH,-0.060106714953004015,False,2,0.0163;-0.1366
NOB1,-0.06004932743157643,False,2,-0.3155;0.1954
SIRPA,-0.06003638401097672,True,2,-0.0847;-0.0354
VPS52,-0.06002959200670954,False,2,-0.1561;0.0360
MPZL1,-0.05998917539769422,True,2,-0.0369;-0.0831
S100P,-0.059976405522772,False,2,0.0289;-0.1489
ZSWIM5,-0.05991323576530383,True,2,-0.1171;-0.0027
OAZ3,-0.05988667174709428,True,2,-0.0134;-0.1064
F8,-0.0598759162908411,False,2,0.1023;-0.2221
MFHAS1,-0.05983945820555747,False,2,-0.2460;0.1263
C19orf70,-0.059835413760595535,True,2,-0.0815;-0.0382
ERI3,-0.05980649639183816,True,2,-0.0631;-0.0566
CCDC180,-0.05977074144738781,False,2,0.0602;-0.1797
ASAH2B,-0.05976826353954606,True,2,-0.0384;-0.0812
ACER1,-0.059764712625058,False,2,0.0906;-0.2101
TLR5,-0.05974573440646058,False,2,-0.1793;0.0598
OGA,-0.05974271391944397,True,1,-0.0597
FOXB1,-0.05973694058072254,True,2,-0.1059;-0.0136
TSFM,-0.05972892578397182,False,2,-0.1562;0.0367
TIMM17A,-0.05972870196432378,True,2,-0.0333;-0.0862
C19orf18,-0.059696032864008375,True,2,-0.0763;-0.0431
ZDHHC11B,-0.05969458732097899,True,2,-0.0141;-0.1053
CD79A,-0.05968571650010196,True,2,-0.0606;-0.0588
NCR3LG1,-0.05968435931478816,True,2,-0.0589;-0.0604
WNT2B,-0.059675203567425394,False,2,0.0025;-0.1218
NRG2,-0.059653397975311995,False,2,-0.1461;0.0268
PCYOX1L,-0.05964441256083686,True,2,-0.0652;-0.0541
CEP135,-0.05964052185299151,True,2,-0.1095;-0.0098
TECPR1,-0.059630940679420597,True,2,-0.0023;-0.1169
HGH1,-0.059610120552272494,False,2,0.0507;-0.1699
YLPM1,-0.05955929169111818,False,2,-0.1401;0.0210
USP51,-0.05954014808673247,False,2,0.0025;-0.1216
MLANA,-0.05948722787927546,False,2,0.1596;-0.2786
ERMN,-0.05946757004853853,False,2,-0.1415;0.0226
FKBPL,-0.059426658973224966,True,2,-0.0255;-0.0933
LRRC39,-0.05939494210814866,False,2,-0.1408;0.0220
HLA-DRB5,-0.0593883462259851,True,2,-0.1120;-0.0068
HMGB2,-0.059351306252756475,True,2,-0.0388;-0.0799
TSC1,-0.05933915714651883,True,2,-0.0670;-0.0516
MYOM2,-0.05931420056106318,True,2,-0.0760;-0.0426
RPL7L1,-0.05930655894369541,True,2,-0.0361;-0.0825
CHCHD5,-0.05930645583715943,True,2,-0.0668;-0.0519
CRY2,-0.0592945636173523,False,2,-0.1613;0.0427
EFNA4,-0.05928782024133228,False,2,-0.2576;0.1390
BLCAP,-0.0592617465867738,True,2,-0.0765;-0.0420
NDUFA11,-0.05920636498239934,False,2,0.0451;-0.1635
PHOX2B,-0.05918391139907153,False,2,-0.1976;0.0792
MIB2,-0.059139404533984585,True,2,-0.1081;-0.0102
SLC1A2,-0.05912367431471588,True,2,-0.1113;-0.0070
ZNF708,-0.05912332831347267,True,2,-0.1060;-0.0122
KDM5B,-0.05908825809589957,False,2,0.0152;-0.1334
SOX11,-0.05908719955109887,False,2,0.0339;-0.1520
TBL1XR1,-0.05908147785121198,True,2,-0.1115;-0.0067
TMEM204,-0.05907960689712277,True,2,-0.0451;-0.0731
CTNNBIP1,-0.05906184728692554,True,2,-0.0985;-0.0197
WDR73,-0.05902885037790906,False,2,-0.1965;0.0784
MID1IP1,-0.05900863916903909,True,2,-0.0028;-0.1152
FBXO36,-0.05899966212371238,True,2,-0.0629;-0.0551
MCEMP1,-0.05896927543446595,False,2,0.0315;-0.1495
TERF1,-0.058967996329208794,True,2,-0.0967;-0.0212
ZNF816,-0.05896310536466559,True,2,-0.0046;-0.1133
ZNF479,-0.05895331591668307,False,2,-0.1800;0.0621
EID2B,-0.058931039855877665,False,2,0.0536;-0.1715
SPIDR,-0.05893071508151981,False,2,-0.1704;0.0526
UEVLD,-0.05892676717701151,True,2,-0.0477;-0.0702
SPI1,-0.05892180237423006,True,2,-0.0268;-0.0911
ABI2,-0.05891248295406326,True,2,-0.0851;-0.0327
TENT4A,-0.05890291695309785,True,2,-0.0081;-0.1097
CHAC2,-0.058898812687574575,False,2,-0.1760;0.0582
DPM3,-0.05888467141863646,True,2,-0.0673;-0.0505
MGAT4B,-0.058882356021702775,True,2,-0.0542;-0.0636
UBA2,-0.058868629742534484,False,2,-0.1916;0.0738
MYO6,-0.05884323619370746,True,2,-0.0628;-0.0549
RPL29,-0.05878001149030043,False,2,-0.2747;0.1571
AEN,-0.05877683890466118,True,2,-0.0857;-0.0318
WDR53,-0.058756874770431566,False,2,-0.1566;0.0391
PHF3,-0.05874808955368627,True,2,-0.1118;-0.0057
P3H3,-0.05873690447271385,True,2,-0.0569;-0.0606
TSPAN3,-0.058725568993393484,False,2,0.0192;-0.1367
KLHL23,-0.058681708159227464,True,2,-0.0967;-0.0206
SS18L2,-0.058656347058160696,False,2,0.0870;-0.2043
AKR1B1,-0.05864497858735629,True,2,-0.0264;-0.0908
TAF1B,-0.05862963961618506,True,2,-0.0740;-0.0433
RCBTB2,-0.05861487287155226,True,2,-0.0653;-0.0520
FAM110A,-0.058596090470323214,False,2,-0.1343;0.0171
PPARG,-0.05857575652557184,True,2,-0.0387;-0.0784
TCAP,-0.05851663174597532,False,2,-0.1815;0.0645
TRIM34,-0.05849121501838406,True,2,-0.0097;-0.1073
SOAT2,-0.058486983015615834,True,2,-0.0267;-0.0902
YPEL3,-0.058409072581626476,True,2,-0.0252;-0.0917
RARG,-0.05839146522159455,True,2,-0.0207;-0.0961
ABHD14A,-0.05839108795449627,True,2,-0.0838;-0.0330
FAM104A,-0.05838077873225456,False,2,-0.1255;0.0087
ELOF1,-0.05837832638334717,True,2,-0.0724;-0.0444
IL4,-0.05824342155554563,True,2,-0.0473;-0.0692
NFATC3,-0.0582425647502558,False,2,0.0381;-0.1546
P2RY12,-0.05823426499011053,False,2,-0.1440;0.0275
GTPBP4,-0.05822453881357581,False,2,-0.1970;0.0805
PLD3,-0.05820975199624945,False,2,-0.1268;0.0104
OGFOD2,-0.05818806628573481,False,2,0.0023;-0.1186
CHURC1,-0.058187099592771574,True,2,-0.1159;-0.0004
USP28,-0.05815320690736708,True,2,-0.0321;-0.0842
NEK9,-0.058143024892401085,False,2,0.0333;-0.1496
EML3,-0.05809185588492527,False,2,-0.1456;0.0295
CABLES2,-0.058063438240427645,False,2,0.0537;-0.1698
MEOX2,-0.05801766612035014,False,2,0.0233;-0.1393
FDXACB1,-0.05801622343792101,True,2,-0.1035;-0.0125
EIF2AK3,-0.057994327171341176,True,2,-0.0282;-0.0878
ELK4,-0.057966682656206525,True,2,-0.1005;-0.0154
SLC12A9,-0.05795385232142092,True,2,-0.0258;-0.0901
EFCAB7,-0.0579295513146445,False,2,0.0644;-0.1802
NOA1,-0.05792142172130754,False,2,-0.1811;0.0652
MT1E,-0.05791424578548576,True,2,-0.0434;-0.0724
NGLY1,-0.05784779367948084,True,2,-0.0179;-0.0978
SEMA3G,-0.05781003480754604,False,2,0.0026;-0.1182
ITPKC,-0.05777953440956218,False,2,0.0209;-0.1364
TMEM217,-0.05771960865310177,True,2,-0.0963;-0.0191
TIGD4,-0.05768868113270831,True,2,-0.0489;-0.0665
BRI3,-0.05767698937719301,False,2,0.0068;-0.1222
SCNN1D,-0.057646772913839905,False,2,-0.1687;0.0534
PDE4DIP,-0.05760758026545182,False,2,0.0094;-0.1246
TAF7,-0.057598522436373756,True,1,-0.0576
KDM5A,-0.057581716344457634,True,2,-0.0039;-0.1112
RNF7,-0.05755326653039383,False,2,0.0547;-0.1699
PLAC8,-0.057535656477169184,True,2,-0.0522;-0.0629
ANPEP,-0.057518751643908295,True,2,-0.0490;-0.0661
SH3BP5L,-0.057509187151244645,False,2,-0.1250;0.0100
CHML,-0.05750201506824437,False,2,-0.1556;0.0406
TAX1BP3,-0.05749214068931152,True,2,-0.0991;-0.0159
MIER1,-0.057487462950547186,False,2,0.0008;-0.1158
PF4,-0.05747739216948555,False,2,-0.1320;0.0170
KLK1,-0.0574374378785692,True,2,-0.0517;-0.0632
BCL6B,-0.057431470563533815,True,2,-0.1094;-0.0055
FBXO5,-0.057416340712663105,True,1,-0.0574
FBXO46,-0.0574003811539775,False,2,0.0401;-0.1549
TRABD,-0.05738942411451309,False,2,-0.2389;0.1241
TWF2,-0.05736909762322301,True,2,-0.0736;-0.0412
MEST,-0.05735302025359529,False,2,0.0255;-0.1402
NEK8,-0.05734691628935862,False,2,-0.1518;0.0371
SPTBN5,-0.05731727778531048,True,2,-0.0881;-0.0266
KIAA1109,-0.05731643861948088,True,2,-0.0341;-0.0806
SMAD7,-0.057292134532773376,False,2,-0.1180;0.0034
C11orf80,-0.057260200199277356,True,2,-0.0346;-0.0799
ZNF155,-0.057244620282223324,True,2,-0.0796;-0.0349
CA13,-0.05720923775946346,True,2,-0.0758;-0.0386
SMURF2,-0.05718039757058441,True,2,-0.0506;-0.0638
ISM1,-0.05717961316811804,True,2,-0.0866;-0.0278
AZIN2,-0.057156156816822845,False,2,-0.1445;0.0302
GZMH,-0.057115789477651,True,2,-0.0559;-0.0583
MZB1,-0.05711115195117478,True,2,-0.0882;-0.0261
UGP2,-0.05709843757968941,True,2,-0.0354;-0.0788
TRIM68,-0.05707185223694777,True,2,-0.0882;-0.0259
NSMCE3,-0.057043378885922924,False,2,0.0397;-0.1538
FBXL18,-0.056997824724370705,True,2,-0.0142;-0.0998
SHC4,-0.05688507153316791,True,2,-0.0310;-0.0828
SPART,-0.05684584890274558,True,2,-0.0069;-0.1068
CSTF2,-0.056822917892896896,True,2,-0.0049;-0.1087
WDR41,-0.05680261057562325,True,2,-0.0026;-0.1110
DYNC1LI2,-0.056783621711234966,False,2,-0.1298;0.0162
AK5,-0.056741143856356535,True,2,-0.0933;-0.0202
PPP1R3D,-0.05672249537879692,False,2,0.1414;-0.2548
MYO1E,-0.05672096043275199,False,2,-0.1273;0.0138
SPTLC1,-0.056708668765239834,True,2,-0.1057;-0.0077
ZNF860,-0.05668517669693979,False,2,0.1222;-0.2356
NOP58,-0.05665482557994994,True,1,-0.0567
C6orf48,-0.05664670310131015,False,2,-0.1836;0.0703
NUP62CL,-0.05661355389124101,False,2,-0.2072;0.0940
LCMT2,-0.056611394123888714,False,2,0.0099;-0.1231
CD79B,-0.05656725172111826,True,2,-0.0559;-0.0573
MYPOP,-0.05655577212793117,False,2,0.0325;-0.1456
C7orf43,-0.05650915706204329,False,2,-0.1651;0.0520
CDV3,-0.056500248853854296,False,2,-0.1799;0.0669
CABLES1,-0.05646682955181076,True,2,-0.0671;-0.0458
KPNA5,-0.056457559890066844,True,2,-0.0591;-0.0538
PYROXD2,-0.05644398195791639,True,2,-0.0328;-0.0801
SLC12A4,-0.05643448518916755,True,2,-0.0249;-0.0880
ACTR1A,-0.05642163178664927,False,2,-0.1475;0.0347
PI4K2B,-0.0564184057031053,True,2,-0.1072;-0.0057
PAM,-0.05640766719035811,True,2,-0.0364;-0.0764
HIPK1,-0.05635834742431012,False,2,-0.1435;0.0307
RSRC1,-0.05634925964736104,False,2,-0.1833;0.0706
HMG20A,-0.056330309274387425,False,2,-0.2202;0.1075
MAP2K1,-0.05632193495387183,True,2,-0.0359;-0.0768
TRAF3IP1,-0.056301074995096956,True,2,-0.0248;-0.0878
CFAP44,-0.056296197200364995,True,2,-0.0816;-0.0310
SRFBP1,-0.05629450456303342,False,2,-0.2272;0.1146
CYB561A3,-0.056275525594644715,True,2,-0.0727;-0.0399
PITPNB,-0.056255963073785886,True,2,-0.0670;-0.0455
COL4A3BP,-0.056249433203411914,False,2,-0.1414;0.0289
PDCD1,-0.05624152450894182,True,2,-0.0496;-0.0629
SIPA1L2,-0.05620242482728288,False,2,0.0530;-0.1654
ZNF28,-0.05618454582197563,True,2,-0.0544;-0.0580
MUL1,-0.05609002197305479,True,2,-0.0905;-0.0217
PNPLA2,-0.05607432993991801,True,2,-0.0190;-0.0932
TMCO3,-0.056061934605426855,True,2,-0.0789;-0.0333
TMEM189-UBE2V1,-0.056047465449144074,False,2,-0.1381;0.0260
ARMC12,-0.05603090452510151,False,2,0.0131;-0.1252
POC1B,-0.056017448499017686,False,2,-0.1122;0.0002
SLC25A35,-0.05596106838841797,False,2,-0.2235;0.1115
PLCG2,-0.055868585972433715,False,2,-0.1422;0.0305
CIR1,-0.05586272871813158,False,2,-0.2923;0.1806
WSB2,-0.05585082699254751,True,2,-0.0384;-0.0733
TRIM28,-0.055848629456205,False,2,0.0077;-0.1194
NCOR1,-0.05583513764607073,True,2,-0.0497;-0.0620
SERINC5,-0.05578288578334545,True,2,-0.0590;-0.0526
FANCG,-0.05578214162586237,False,2,-0.1184;0.0069
TUSC2,-0.05576395650245081,True,2,-0.0723;-0.0392
CSRP1,-0.05575984387443661,True,2,-0.0753;-0.0362
STARD3,-0.05575780259650792,False,2,0.0445;-0.1560
CCZ1B,-0.055731469250672905,True,2,-0.0261;-0.0853
SQOR,-0.05569152429951568,True,2,-0.0630;-0.0484
ZBTB3,-0.055674841110022855,False,2,-0.1280;0.0167
ZMYND19,-0.05565692711141035,True,2,-0.0424;-0.0689
TSNARE1,-0.05564882304978397,True,2,-0.0690;-0.0423
TBX5,-0.05564058155756535,True,2,-0.0045;-0.1068
LILRA5,-0.055622929065691995,False,2,-0.1615;0.0503
ANXA5,-0.05559974201517537,False,2,0.0666;-0.1778
DEFB1,-0.05558597015898181,False,2,-0.1822;0.0710
SMAD2,-0.05556149142177569,False,2,-0.1377;0.0265
RSAD1,-0.05554563095126913,True,2,-0.0229;-0.0882
MRPS35,-0.055536597208775795,False,2,-0.2150;0.1040
NAPEPLD,-0.05547350941402418,True,2,-0.0064;-0.1045
CYTH2,-0.055470368879707244,False,2,-0.1922;0.0812
CCNT1,-0.05545569973873987,False,2,-0.1663;0.0554
FAM177A1,-0.05543974142002511,True,2,-0.0637;-0.0472
PACSIN2,-0.055426312671423894,True,2,-0.0834;-0.0274
PAX2,-0.055414137157432375,True,2,-0.0094;-0.1014
TMA7,-0.055376068284738844,True,2,-0.0280;-0.0827
SLC25A43,-0.05534543965930594,True,2,-0.0730;-0.0377
FBXO11,-0.05531395712765541,True,2,-0.0110;-0.0996
C22orf23,-0.05530748190681639,True,2,-0.0075;-0.1031
RAD51AP1,-0.055294261844644366,False,2,-0.1953;0.0847
THNSL1,-0.05527544074856827,False,2,0.0194;-0.1299
CHCHD2,-0.05527151231098032,True,2,-0.0339;-0.0767
ODF3B,-0.05526421409772653,True,2,-0.0719;-0.0386
METAP1D,-0.0552117975307691,False,2,-0.1189;0.0084
ZKSCAN3,-0.05520237100148201,False,2,0.2414;-0.3518
ZNF593,-0.05517864381429183,True,2,-0.0807;-0.0297
WBP1,-0.05515704901018986,True,2,-0.0532;-0.0571
TWNK,-0.05512076795041704,False,2,0.0917;-0.2019
ZBTB9,-0.05510067499105442,False,2,-0.1153;0.0051
EXTL2,-0.05509039307156349,True,2,-0.0493;-0.0609
FBXL20,-0.05508993048727223,False,2,0.0497;-0.1599
FRY,-0.05508423621848951,True,2,-0.0729;-0.0373
MLXIP,-0.05501091964794225,False,2,0.0171;-0.1271
MINDY2,-0.05498966595493315,True,2,-0.0890;-0.0209
RPS6KA3,-0.05498077657689221,False,2,0.0191;-0.1290
ZC3H11A,-0.05496683179016565,True,2,-0.0408;-0.0691
HINT3,-0.054880547711950944,True,2,-0.0825;-0.0273
CD83,-0.05487736536551702,False,2,-0.1398;0.0300
FANCF,-0.05482910171203864,False,2,0.0911;-0.2007
DMRTA2,-0.054813834506720394,False,2,-0.1541;0.0444
GTSF1,-0.05479248339662979,True,2,-0.0610;-0.0486
KLF4,-0.05478318039333763,False,2,-0.2850;0.1754
GNAL,-0.054778874029648705,True,2,-0.0177;-0.0919
SCML4,-0.05475210986664125,False,2,-0.1463;0.0368
SLC37A4,-0.05474928541368884,True,2,-0.0045;-0.1050
ZNF25,-0.05474304507725669,True,2,-0.0713;-0.0382
SOCS2,-0.05473430678002855,False,2,-0.2177;0.1082
AMMECR1L,-0.05471707838655854,True,2,-0.0198;-0.0896
MSN,-0.05471002522672108,True,2,-0.0900;-0.0194
CCR8,-0.05466117226296319,False,2,-0.1595;0.0501
COMMD6,-0.05460745490806518,True,2,-0.0179;-0.0913
GPHN,-0.054604995067041195,False,2,0.0195;-0.1287
ODF2,-0.054596065237732305,False,2,0.0614;-0.1705
ZNF106,-0.054578182406745945,False,2,-0.2499;0.1408
ABHD17A,-0.054542193415153706,False,2,0.2250;-0.3340
CEACAM4,-0.05453969361421357,True,2,-0.0332;-0.0759
D2HGDH,-0.05451824618855644,True,2,-0.0657;-0.0433
CHST15,-0.05451399914376842,False,2,-0.1567;0.0476
MAT2B,-0.05451224517344633,False,2,-0.1919;0.0829
ARHGEF9,-0.054479692222891396,False,2,-0.1435;0.0345
RABGGTB,-0.05445852709132237,False,2,-0.3025;0.1936
NR4A3,-0.05444938796179666,True,2,-0.0162;-0.0927
PITPNM1,-0.05436094430369204,False,2,0.0054;-0.1142
CCDC124,-0.05434754474113623,False,2,-0.1492;0.0405
USF1,-0.05433452378413617,True,2,-0.0940;-0.0147
HMGN3,-0.05425024433248338,False,2,-0.1870;0.0785
CD58,-0.05422558347387929,True,2,-0.0530;-0.0554
PROK2,-0.05420615833393061,True,2,-0.0920;-0.0164
GPR160,-0.05418225866898774,True,2,-0.0909;-0.0174
ARL10,-0.054181178393216345,False,2,-0.1219;0.0135
DUSP6,-0.05417382683803573,False,2,-0.1280;0.0196
DERA,-0.05416858653090212,False,2,0.0380;-0.1463
TMEM138,-0.05416852404830419,False,2,-0.1124;0.0040
ZNF416,-0.05414965043601305,True,2,-0.0607;-0.0476
FAM50A,-0.05410406336792534,False,2,0.0369;-0.1451
SNED1,-0.05409300861010885,False,2,0.0290;-0.1372
PHKG1,-0.05408320629165031,True,2,-0.0875;-0.0206
RAPGEF2,-0.054082557515444274,True,2,-0.0364;-0.0718
SLX4IP,-0.05401634220499363,False,2,-0.1196;0.0116
SLC25A30,-0.05401416312904156,False,2,0.0221;-0.1301
ATP1B3,-0.05399481876516776,False,2,0.1275;-0.2355
FCRLA,-0.05398453055688324,True,2,-0.0481;-0.0599
LRP6,-0.05398383919314875,False,2,0.0478;-0.1557
HIST1H4A,-0.05389266223675948,False,2,-0.1531;0.0453
MX1,-0.05388594418351089,True,2,-0.1069;-0.0009
LYAR,-0.05387596897768876,False,2,-0.2922;0.1844
SPAG9,-0.05386448454488818,False,2,0.0620;-0.1697
SP7,-0.05386327679029912,False,2,0.0539;-0.1617
PCBP4,-0.05385354384441088,True,2,-0.0856;-0.0221
ANKRD37,-0.05384457609294557,True,2,-0.0841;-0.0236
ZACN,-0.053844480770136705,False,2,-0.1463;0.0386
NPHP4,-0.053809762795292204,False,2,0.1203;-0.2279
VAC14,-0.05378173830973865,False,2,-0.1899;0.0824
IGFBP2,-0.0537714748127488,False,2,-0.2088;0.1012
ADAMTS17,-0.05373603014919498,False,2,0.0037;-0.1112
SPTB,-0.05371335381367026,False,2,0.0739;-0.1814
MYRFL,-0.05367044846358554,True,2,-0.0623;-0.0450
SLC6A16,-0.05364746415275834,True,2,-0.0697;-0.0376
SLIRP,-0.05363618900982442,False,2,0.0052;-0.1125
SH3BP5,-0.05361766447342742,False,2,-0.1231;0.0159
ENPP2,-0.05360390171221863,False,2,-0.1337;0.0265
CEP41,-0.053596721116505375,False,2,0.0438;-0.1510
RETREG1,-0.053589787779459996,False,2,0.0111;-0.1182
ZNF836,-0.05356239747804303,False,2,-0.1339;0.0268
SP9,-0.05354376624906804,True,2,-0.0139;-0.0932
TMEM9B,-0.05351527837864656,False,2,-0.2119;0.1048
TAS2R5,-0.05351095629380387,False,2,-0.1239;0.0169
TMEM50B,-0.05349612898525424,False,2,0.2147;-0.3217
FBXW2,-0.05346669371081414,False,2,0.0615;-0.1684
FILIP1L,-0.053460294235489036,True,2,-0.0223;-0.0846
HOXB7,-0.05345674128272937,True,2,-0.0493;-0.0576
HMCES,-0.05343075603812292,False,2,0.0428;-0.1497
DNAJC25-GNG10,-0.05342669738555972,True,2,-0.0856;-0.0213
SUPV3L1,-0.053410476929521056,False,2,-0.1209;0.0141
ENG,-0.053359223552852386,True,2,-0.0215;-0.0852
LEUTX,-0.05333409674220424,True,2,-0.0407;-0.0659
SCPEP1,-0.05333183171643485,True,2,-0.0840;-0.0226
HIST1H2AH,-0.053314283424559905,True,2,-0.1037;-0.0030
NFASC,-0.053273117263670344,True,2,-0.0982;-0.0084
SEMA4B,-0.053265633434444126,True,2,-0.0897;-0.0168
CCDC39,-0.05325361192749578,True,2,-0.1058;-0.0007
ACBD5,-0.05325248265708016,True,2,-0.0170;-0.0895
GPA33,-0.053232837328073934,False,2,-0.2095;0.1030
KLHL36,-0.05321984045518857,False,2,-0.1163;0.0099
FBH1,-0.05319653663525448,False,2,0.0135;-0.1199
RMI2,-0.0531941801113468,False,2,-0.1603;0.0539
PEMT,-0.05314918923017209,False,2,-0.1538;0.0475
PPP2R5E,-0.053116669174755216,False,2,0.0036;-0.1098
INTS10,-0.053101854423912076,True,2,-0.0715;-0.0347
ACY1,-0.05308157852481371,True,2,-0.0100;-0.0962
PLA2G15,-0.05307529628485663,False,2,0.0762;-0.1824
WDR37,-0.053067466532790264,True,2,-0.0562;-0.0500
ETS1,-0.053039049203340904,False,2,-0.1683;0.0623
TMX4,-0.05300385438182931,False,2,-0.1268;0.0208
SCFD2,-0.05299934311468213,False,2,0.0986;-0.2046
SNAPIN,-0.052973135947994354,False,2,-0.1347;0.0288
OCM,-0.05295856956316358,False,2,-0.1180;0.0121
ZHX2,-0.05291858779367431,False,2,-0.1233;0.0175
ZNF776,-0.052901475709249524,True,2,-0.0683;-0.0375
NT5DC2,-0.052895699705933996,True,2,-0.1046;-0.0012
USB1,-0.05289222912985336,False,2,-0.2060;0.1003
FRAT2,-0.05286697814840513,True,2,-0.0492;-0.0565
IQSEC1,-0.05279938452763083,False,2,0.0546;-0.1602
TMEM150A,-0.05279423133134642,False,2,0.0147;-0.1202
MTMR2,-0.05279318961724894,True,2,-0.0233;-0.0822
SPECC1,-0.05277372190527674,False,2,0.0488;-0.1543
MAP3K10,-0.052763736466380995,True,2,-0.0593;-0.0462
ANKFY1,-0.05275668689266888,False,2,-0.1057;0.0002
ZNF83,-0.05270449116702808,True,2,-0.0740;-0.0314
STX10,-0.05268413839418806,True,2,-0.0642;-0.0411
PRR14L,-0.052654196934507014,True,2,-0.0477;-0.0576
TIAM2,-0.05261670253622691,False,2,0.0666;-0.1719
ZNF385C,-0.052554979145072234,False,2,-0.2401;0.1350
SERF2,-0.052538441729352736,False,2,-0.1366;0.0315
DTX3,-0.05251008385478101,True,2,-0.0207;-0.0843
GBP1,-0.05248993209320019,False,2,-0.1690;0.0640
CEP290,-0.052472388575516726,False,2,-0.2410;0.1360
RPS4Y1,-0.05246323815398912,False,2,-0.1690;0.0641
HS2ST1,-0.05240420831578252,True,2,-0.0967;-0.0082
MYL12A,-0.052404060894781,True,2,-0.1002;-0.0046
ADH5,-0.05239674080866202,True,2,-0.0535;-0.0513
SP4,-0.052358421372220354,True,2,-0.0040;-0.1007
HGSNAT,-0.05235654736470363,False,2,0.0462;-0.1510
HDC,-0.05235044802353539,False,2,-0.1114;0.0067
NFAT5,-0.05234785363961403,False,2,-0.1573;0.0526
CHDH,-0.052302707318749087,False,2,-0.1263;0.0217
STARD5,-0.05229864048456745,False,2,0.0198;-0.1244
ATP6V1D,-0.05228760074763056,False,2,0.1008;-0.2054
PRPS2,-0.05227938979119151,False,2,-0.2832;0.1787
KDM5C,-0.0522421979751837,True,2,-0.0759;-0.0286
MKRN1,-0.05222452844131725,True,2,-0.0176;-0.0868
ZNF530,-0.0522146101233924,False,2,0.0144;-0.1189
IFFO1,-0.052212489882077495,False,2,-0.2376;0.1332
MCRIP2,-0.05219945797218806,False,2,0.0166;-0.1210
ROBO3,-0.05218967023966148,False,2,-0.1095;0.0051
DDT,-0.05218176518877443,True,2,-0.0497;-0.0547
PHF12,-0.05215860944649453,False,2,-0.1646;0.0603
SMG8,-0.05214586830621942,True,2,-0.0712;-0.0331
HYKK,-0.052132501201374803,True,2,-0.0832;-0.0210
CANX,-0.05208240545298248,False,2,-0.2128;0.1087
FAM72C,-0.05207123086041682,False,2,0.0362;-0.1403
EREG,-0.052065746871933716,False,2,0.0059;-0.1101
C19orf44,-0.05205733774429283,False,2,0.0904;-0.1945
RMND5B,-0.05205079230732784,False,2,0.0729;-0.1770
YIPF5,-0.05197634993701583,False,2,-0.1657;0.0618
ZNF551,-0.051971132387414964,True,2,-0.0623;-0.0416
HIST2H2AC,-0.0519631564090417,False,2,-0.1864;0.0825
XKRX,-0.05195934959840798,True,2,-0.0431;-0.0608
KCTD6,-0.05195203434069051,True,2,-0.0315;-0.0724
KXD1,-0.051951103538110666,False,2,0.1445;-0.2484
MCC,-0.0519153846326047,True,2,-0.0851;-0.0187
CDA,-0.051909730504724694,False,2,-0.1748;0.0710
TDP1,-0.05190241842440779,False,2,0.0068;-0.1106
TTC28,-0.05190214495054557,True,2,-0.0769;-0.0269
DAP3,-0.05184316636290931,True,2,-0.0848;-0.0189
GJB6,-0.051834415891189145,False,2,0.1120;-0.2157
PWP2,-0.05181543124779869,False,2,0.0944;-0.1981
VDAC1,-0.05177301036485216,False,2,-0.1144;0.0108
MRPL36,-0.051766558801757734,True,2,-0.0810;-0.0225
SLFN12L,-0.051751784046158766,False,2,-0.2070;0.1035
MYL5,-0.05174524734263097,True,2,-0.0908;-0.0127
HMGA1,-0.051731904266101525,True,2,-0.0882;-0.0152
TEX264,-0.05172690083636994,True,2,-0.0691;-0.0343
ADD2,-0.051714917617099954,False,2,0.0294;-0.1328
PNPT1,-0.05167860189549389,True,2,-0.1020;-0.0014
ZNF710,-0.051672735103527434,True,2,-0.0863;-0.0171
RAB3B,-0.051641123703143554,False,2,-0.1283;0.0250
DNAH6,-0.05160763079421149,False,2,-0.1285;0.0253
TTC38,-0.051606421362253574,False,2,-0.1227;0.0195
HDDC2,-0.05160371920810608,False,2,0.0701;-0.1733
CD8B,-0.05159127659317819,True,2,-0.0480;-0.0552
LRTOMT,-0.0515851622482183,False,2,0.0203;-0.1234
IMPDH2,-0.051567933021292256,False,2,-0.1735;0.0704
LHFPL5,-0.051562360594752554,True,2,-0.0667;-0.0365
TCP11L1,-0.05155702145887775,True,2,-0.0221;-0.0810
SNX3,-0.05154878517367201,False,2,-0.1620;0.0589
GOSR1,-0.0515344467523301,False,2,-0.1374;0.0343
REG4,-0.05150216779763528,True,2,-0.0738;-0.0292
CPNE2,-0.05139530584063767,False,2,0.0001;-0.1029
OTOF,-0.051387786272063585,True,2,-0.0667;-0.0361
PPP1CC,-0.05138251917435821,False,2,0.0108;-0.1136
CHMP1B,-0.05136943513970338,True,2,-0.0698;-0.0329
ZNF549,-0.05135475833554837,False,2,-0.1491;0.0464
PDE9A,-0.05133490861907286,False,2,-0.1330;0.0303
EXOSC3,-0.051327202122222415,False,2,-0.2199;0.1173
LIMK1,-0.05123490711546652,True,2,-0.0507;-0.0518
C11orf74,-0.05121515023302747,True,2,-0.0877;-0.0147
FEZ2,-0.05118459030209166,False,2,0.1248;-0.2271
ERAL1,-0.051176358908473385,False,2,0.0034;-0.1057
IL1RL1,-0.0511302375018346,True,2,-0.0617;-0.0406
CDS2,-0.0510846545346888,False,2,-0.1335;0.0313
MMGT1,-0.05098447050833199,False,2,-0.1678;0.0659
PREX1,-0.0509836420633516,False,2,0.0551;-0.1570
IL15,-0.05091752143257444,False,2,-0.1142;0.0123
KLHL21,-0.05091309527281396,False,2,-0.1229;0.0211
KIAA0513,-0.05088306279332849,False,2,0.0085;-0.1102
PLEKHG5,-0.050874529807527935,True,2,-0.0198;-0.0819
FERD3L,-0.050863536539814125,False,2,-0.2270;0.1253
CCL28,-0.0508592268814122,True,2,-0.0314;-0.0703
GSX2,-0.05083762543590559,True,2,-0.0606;-0.0410
SMIM5,-0.050819718430904326,False,2,0.0052;-0.1068
HPSE,-0.05081788769951101,True,2,-0.0142;-0.0874
TNFRSF8,-0.05081522472962058,True,2,-0.0604;-0.0413
GRAMD4,-0.05080985817426509,False,2,-0.1163;0.0147
PLEK,-0.05079684760805181,True,2,-0.0123;-0.0893
ZNF560,-0.05078649967457527,False,2,-0.1604;0.0589
RIMKLA,-0.05077921583034045,True,2,-0.0387;-0.0629
TBL2,-0.0507599101405492,True,2,-0.0212;-0.0804
SDC4,-0.05075911356166252,False,2,0.0526;-0.1542
ELAC1,-0.05074513447714102,False,2,-0.1839;0.0824
ETS2,-0.05074007466210828,False,2,-0.1674;0.0659
PDE8A,-0.050714464657488634,False,2,-0.1679;0.0665
DIP2A,-0.05069976241983448,True,2,-0.0573;-0.0441
TMEM250,-0.05065003193574652,False,2,0.0364;-0.1377
MRPL46,-0.050612884815740444,True,2,-0.0175;-0.0838
TECPR2,-0.050605642837562526,True,2,-0.0784;-0.0228
SERPINB9,-0.05059339278827596,False,2,0.0659;-0.1671
DOCK6,-0.05058005101396479,False,2,-0.1038;0.0026
RDH14,-0.05057545484867776,True,2,-0.0221;-0.0790
NATD1,-0.05056172249063645,False,2,0.0780;-0.1791
SPCS1,-0.0505220828895836,False,2,-0.1257;0.0246
BMPR1A,-0.050485870744094885,True,2,-0.0735;-0.0275
ZNF713,-0.050483318107471975,False,2,0.0587;-0.1597
MLF1,-0.050433176131907065,False,2,0.0410;-0.1418
METTL2A,-0.05042808328342829,True,1,-0.0504
MRPL4,-0.05039194160713678,False,2,-0.2014;0.1007
GSX1,-0.0503739512895901,True,2,-0.0060;-0.0948
IL32,-0.05035731616651895,False,2,-0.1267;0.0260
BAK1,-0.05034742294979855,False,2,0.0044;-0.1051
FARS2,-0.050322977886381404,False,2,0.0263;-0.1270
PLGRKT,-0.050320772802219915,True,2,-0.0547;-0.0460
ZNF865,-0.050313834603716856,False,2,-0.1288;0.0281
STOM,-0.05031095249651252,True,2,-0.0812;-0.0194
PDAP1,-0.050304357820111,True,2,-0.0038;-0.0968
GOLPH3,-0.05030279840305607,True,2,-0.0349;-0.0657
GATAD1,-0.050283294784291055,True,1,-0.0503
PPM1B,-0.050249175578885974,False,2,0.0347;-0.1352
KIF3C,-0.05024029238028521,True,2,-0.0216;-0.0789
PMEPA1,-0.05015050672791044,True,2,-0.0813;-0.0190
CARD16,-0.050126503501798036,False,2,0.0462;-0.1465
TARBP2,-0.0501220132279947,True,2,-0.0952;-0.0050
SLC35F2,-0.050121766509421406,False,2,0.0069;-0.1072
RWDD4,-0.05007845674615119,False,2,-0.1868;0.0867
CEP89,-0.05006326870913447,False,2,-0.1814;0.0813
VPS35,-0.050061066192754744,True,2,-0.0107;-0.0894
BRAP,-0.05004390508365958,True,2,-0.0444;-0.0557
RARRES3,-0.050034322396416864,True,2,-0.0128;-0.0872
RAMP1,-0.05002623823665553,False,2,0.0268;-0.1269
SLFN12,-0.050003286587906204,False,2,-0.2118;0.1118
IL6R,-0.04999868113074363,True,2,-0.0051;-0.0949
PHLDA2,-0.04990113301080801,True,2,-0.0890;-0.0108
USP54,-0.04990067976350354,True,2,-0.0899;-0.0099
TMEM147,-0.049879721001711674,False,2,-0.1528;0.0530
CCNL1,-0.04985981897851166,False,2,-0.1018;0.0020
TRIM13,-0.04985060623561138,True,2,-0.0658;-0.0339
FLT3LG,-0.049808461054693054,True,2,-0.0819;-0.0177
ALDH18A1,-0.04978397769521181,False,2,-0.2440;0.1444
SETDB1,-0.04975503644094559,False,2,-0.1990;0.0995
CLCN7,-0.04972764272406338,False,2,-0.1375;0.0381
CCDC78,-0.04965063924396157,False,2,0.0042;-0.1035
MYOM1,-0.04964386855330449,False,2,-0.1874;0.0881
RAB33B,-0.049629223394219935,False,2,-0.1003;0.0010
ZFAND1,-0.049621265969241046,True,2,-0.0031;-0.0962
RIPK3,-0.04957922739586712,True,2,-0.0067;-0.0925
CHAC1,-0.04954183226411468,True,2,-0.0796;-0.0195
DOK6,-0.049536939687705006,False,2,0.0060;-0.1051
EIF4ENIF1,-0.04951557745188817,False,2,0.1644;-0.2634
RRNAD1,-0.049484790544771506,True,1,-0.0495
VPS53,-0.04946335169527738,True,1,-0.0495
CEP78,-0.04945798884984226,True,2,-0.0452;-0.0537
CHFR,-0.049428709677735605,False,2,-0.1009;0.0021
STAP2,-0.04940706483547713,False,2,0.0600;-0.1589
PRRT1,-0.049405963183048685,False,2,-0.1330;0.0342
C1orf159,-0.0494054843616501,False,2,0.0957;-0.1945
ALG2,-0.049404094585713154,True,2,-0.0259;-0.0729
STX4,-0.049400927439790965,True,2,-0.0967;-0.0021
MRPS12,-0.04939756659421868,False,2,0.0950;-0.1938
SEC62,-0.04936142954433903,False,2,0.0622;-0.1609
CBLL1,-0.04933172230683103,False,2,0.0805;-0.1792
PPP1R3F,-0.04931771991385564,True,2,-0.0564;-0.0422
ZNF527,-0.049315356127836996,False,2,0.0018;-0.1005
GBGT1,-0.049306955489779314,True,2,-0.0108;-0.0878
FN3KRP,-0.04929141763917977,True,2,-0.0643;-0.0343
FAM57A,-0.04925501033310947,True,2,-0.0661;-0.0325
UPP1,-0.049252428306234664,False,2,-0.1056;0.0071
ATP13A2,-0.04922499035460587,True,2,-0.0211;-0.0774
TKFC,-0.04919222399286638,False,2,-0.1287;0.0303
TREM1,-0.04918915418120634,True,2,-0.0545;-0.0438
IZUMO4,-0.04918688544440031,True,2,-0.0354;-0.0630
TOP2B,-0.04914233785171335,True,2,-0.0708;-0.0275
GXYLT1,-0.049127129672739356,False,2,-0.1138;0.0155
SERTAD1,-0.04912252834661801,False,2,0.0229;-0.1212
ACSL1,-0.04912071136463492,False,2,-0.1216;0.0233
AUP1,-0.04907338506108755,False,2,0.0221;-0.1202
ARF5,-0.04901833805583966,True,2,-0.0612;-0.0368
GRK6,-0.049006810456678096,False,2,0.0751;-0.1731
SV2A,-0.048995291476957026,False,2,-0.1606;0.0626
ZNF488,-0.048980231046884204,True,2,-0.0364;-0.0616
SNX9,-0.048968107107910774,False,2,-0.1576;0.0597
ST6GALNAC3,-0.04895990051329929,False,2,0.0404;-0.1383
STAT1,-0.04892497171996685,True,2,-0.0272;-0.0707
AMIGO2,-0.04891797435077283,False,2,-0.2147;0.1169
IKZF3,-0.04891373963834095,True,2,-0.0145;-0.0833
ANKH,-0.04889227826122561,True,2,-0.0032;-0.0946
EIF4B,-0.04882977833775609,False,2,0.1597;-0.2574
S100A2,-0.048816909542832354,True,2,-0.0734;-0.0243
WARS2,-0.04876111605230671,True,2,-0.0010;-0.0965
CHID1,-0.048733910769429456,True,2,-0.0003;-0.0972
ACLY,-0.048722404030475064,False,2,0.0867;-0.1842
ST3GAL5,-0.0487095422291155,False,2,-0.1069;0.0095
RNPEPL1,-0.04869766016944921,True,2,-0.0147;-0.0827
DEF8,-0.048694536631817664,False,2,-0.1743;0.0769
NCLN,-0.048686473209031356,False,2,0.0087;-0.1061
PTDSS2,-0.048664210161751764,False,2,0.0134;-0.1108
PAGE5,-0.04864504096435007,False,2,-0.1504;0.0531
SKOR1,-0.0486435542261362,True,2,-0.0165;-0.0808
THRAP3,-0.04860262246950281,True,2,-0.0101;-0.0871
FIS1,-0.04859567885949517,True,2,-0.0232;-0.0740
ERAP1,-0.04858027767385198,True,2,-0.0381;-0.0590
KRI1,-0.0485639942926816,False,2,0.0801;-0.1772
ATG2B,-0.04856268469433922,False,2,0.0424;-0.1395
CCNI2,-0.048557561867163423,False,2,-0.1078;0.0106
TMEM222,-0.04854384705005005,True,2,-0.0378;-0.0593
VKORC1L1,-0.048515530109858374,True,2,-0.0216;-0.0754
SNX19,-0.04849809546636635,False,2,0.0144;-0.1114
TK2,-0.04845791832534363,False,2,0.0282;-0.1251
ADGRG5,-0.04843385209403439,False,2,0.0006;-0.0975
KHSRP,-0.04841877905030534,False,2,-0.1016;0.0048
FAM217B,-0.048392669143010214,False,2,-0.1165;0.0197
ZDHHC2,-0.04839145274046286,False,2,-0.1722;0.0754
REG1A,-0.04838822355721767,True,2,-0.0109;-0.0859
SAC3D1,-0.04837045787126504,True,2,-0.0912;-0.0056
ZNF433,-0.048303879487798795,True,2,-0.0499;-0.0467
CSNK2B,-0.04829032684686435,False,2,0.1484;-0.2450
C8orf88,-0.04828995314869061,True,2,-0.0671;-0.0294
TCTN2,-0.04828026026850357,True,2,-0.0306;-0.0660
H2AFX,-0.04826072812161941,False,2,-0.2605;0.1640
NANOG,-0.04823979485854668,True,2,-0.0142;-0.0822
ZNF843,-0.04823418159085563,False,2,0.0054;-0.1019
LMBR1L,-0.04822436024577759,True,2,-0.0757;-0.0207
RASGRP2,-0.048214715896566174,True,2,-0.0147;-0.0818
E2F7,-0.0482144436019849,False,2,-0.2421;0.1456
CCDC59,-0.04821153934897571,True,2,-0.0947;-0.0017
CDR2,-0.04820429628709999,False,2,-0.1603;0.0639
SAMD3,-0.048181765904901475,False,2,0.0173;-0.1136
ZNF99,-0.04814601235986016,True,2,-0.0200;-0.0763
NBPF20,-0.048145120988482226,True,2,-0.0618;-0.0345
GOPC,-0.048143951929333406,True,2,-0.0339;-0.0624
CBX4,-0.048137197536032295,True,2,-0.0334;-0.0629
CLCA1,-0.04809531452860538,True,2,-0.0091;-0.0871
PUS10,-0.048094686137125586,False,2,0.0698;-0.1660
HLCS,-0.048088701807577405,True,2,-0.0709;-0.0253
NBPF19,-0.04805536923530962,False,2,-0.1241;0.0280
MTMR14,-0.04803346447038359,True,2,-0.0597;-0.0364
RHEB,-0.04799769650331154,False,2,-0.1034;0.0074
FEM1B,-0.04798341009804985,False,2,-0.1022;0.0063
MED13,-0.0479162797952607,False,2,-0.1425;0.0467
SUFU,-0.047903288599059624,False,2,0.0307;-0.1265
THAP7,-0.04789265985576968,True,2,-0.0422;-0.0536
MRPS34,-0.04786969045655376,False,2,0.0262;-0.1219
MTHFD1L,-0.047854802831702514,True,2,-0.0787;-0.0170
ANKK1,-0.04784954213582443,True,2,-0.0151;-0.0806
TESC,-0.0477970902314771,True,2,-0.0694;-0.0262
ONECUT2,-0.047781652545333175,True,2,-0.0042;-0.0913
GPBP1,-0.04777444406240766,True,2,-0.0148;-0.0808
SGCB,-0.047764112912113466,False,2,-0.1503;0.0548
TCF25,-0.04774805845637059,False,2,0.0343;-0.1298
PGBD1,-0.047604505615502335,False,2,-0.1201;0.0249
CCDC92,-0.047599191012572206,True,2,-0.0388;-0.0564
TESMIN,-0.0475760774247691,True,2,-0.0634;-0.0317
PHEX,-0.047543521833233515,True,2,-0.0564;-0.0387
FEZF2,-0.04753395203477362,True,2,-0.0491;-0.0460
HNRNPUL1,-0.04753162264933264,True,2,-0.0914;-0.0036
METTL18,-0.047515865324784134,False,2,-0.1218;0.0268
HPS5,-0.047500272475367866,False,2,0.1741;-0.2691
WWC3,-0.047485703616358066,True,2,-0.0779;-0.0171
LRWD1,-0.04745846251500113,True,2,-0.0377;-0.0572
RSPH3,-0.04745364123513934,False,2,0.0709;-0.1658
ZBTB32,-0.047453626909307434,False,2,0.0187;-0.1136
TTC12,-0.047446178263640615,False,2,0.0066;-0.1015
NAGA,-0.04743355714871045,False,2,-0.1420;0.0472
ARL6IP4,-0.047429347236359165,True,2,-0.0849;-0.0100
COX16,-0.04742171607988688,True,2,-0.0270;-0.0679
PCCB,-0.04739071233983494,True,2,-0.0627;-0.0321
MDM1,-0.04737887450792205,False,2,0.0801;-0.1749
ITPRIPL2,-0.04735184786291269,False,2,-0.1614;0.0667
FNTA,-0.04735083656584216,False,2,-0.3918;0.2970
C8orf59,-0.0473444889610497,True,2,-0.0701;-0.0246
MGMT,-0.047335404485111754,False,2,0.0035;-0.0982
LRRC45,-0.04731102713638613,False,2,0.0868;-0.1814
TGFB3,-0.047297372317684716,True,2,-0.0689;-0.0257
IQGAP3,-0.04729710653179009,False,2,-0.1487;0.0541
ITGA6,-0.04729591159136415,False,2,0.0413;-0.1359
CRAT,-0.04727810975508828,False,2,-0.1146;0.0200
ZNF606,-0.047256424825523946,True,2,-0.0799;-0.0146
AGAP9,-0.0472481629245739,False,2,0.1022;-0.1967
TGM1,-0.047225779396684875,True,2,-0.0094;-0.0851
SNAI3,-0.04722105528837456,True,2,-0.0234;-0.0710
KAT6B,-0.04721723765739194,False,2,0.0106;-0.1050
ZNF609,-0.047215470719215724,False,2,-0.2161;0.1217
AGAP4,-0.04719529815969248,True,2,-0.0435;-0.0508
OSTM1,-0.047187029418563176,False,2,0.0283;-0.1227
CARS2,-0.047174018186975086,True,2,-0.0864;-0.0080
DNAJC11,-0.0471603940318196,False,2,-0.1569;0.0626
RBKS,-0.04715713983039299,True,2,-0.0379;-0.0565
DESI2,-0.04714330678959322,True,2,-0.0880;-0.0063
FAM209B,-0.0471139512466196,True,2,-0.0596;-0.0346
CALR,-0.047108437371514045,True,2,-0.0831;-0.0112
RTL8A,-0.04708478727615262,False,2,-0.0951;0.0010
ARID3C,-0.0470652452323953,False,2,-0.1649;0.0708
AFAP1L2,-0.0470473293418151,False,2,0.0343;-0.1284
FHL3,-0.04704465466224145,False,2,0.1362;-0.2303
CBL,-0.04701835952142508,False,2,0.0123;-0.1063
SHOX,-0.04699238853426213,True,2,-0.0085;-0.0855
TCTA,-0.04697779320570894,True,2,-0.0605;-0.0334
ATAD2,-0.04695725009495577,True,2,-0.0648;-0.0292
STARD7,-0.04694309711632805,False,2,-0.1041;0.0103
SPON1,-0.04688920277971287,True,2,-0.0449;-0.0488
BMP6,-0.04688495341187715,True,2,-0.0093;-0.0844
DUSP7,-0.0468809739036255,False,2,0.0295;-0.1233
OTUD5,-0.046841907813580774,False,2,-0.1348;0.0411
SALL4,-0.046833431183920804,False,2,-0.1033;0.0097
SPSB1,-0.046821801839034616,False,2,-0.0968;0.0031
ZCCHC18,-0.04681159386147271,False,2,-0.1671;0.0735
FAN1,-0.046801550390211,False,2,0.0306;-0.1242
RPL35,-0.046778149862702234,True,1,-0.0468
NIT1,-0.046770307892559426,False,2,0.0080;-0.1016
ASCC1,-0.046768846602191494,False,2,-0.1662;0.0727
BMI1,-0.04674604715397668,False,2,-0.1029;0.0095
ZNF586,-0.04674567148035236,True,2,-0.0491;-0.0444
SLA,-0.04670629657306763,True,2,-0.0201;-0.0733
PITX2,-0.04670242957474258,False,2,-0.0945;0.0011
MRPL50,-0.04670088882867712,True,2,-0.0471;-0.0464
C10orf105,-0.04667920344967902,False,2,0.0587;-0.1520
B4GALT1,-0.046667955095111846,True,2,-0.0614;-0.0319
PHF14,-0.04664290059758769,False,2,-0.1206;0.0274
GOLGA8B,-0.04662912747484904,True,2,-0.0699;-0.0234
MCM7,-0.04661995351559839,False,2,0.0010;-0.0942
RFXAP,-0.046611767990800024,False,2,0.0855;-0.1787
MX2,-0.04660768395581344,True,2,-0.0664;-0.0268
RANBP10,-0.04659970726213436,False,2,-0.1627;0.0695
THAP11,-0.046592723800389535,True,2,-0.0094;-0.0837
TBC1D14,-0.04658082184273127,True,2,-0.0208;-0.0724
DBNL,-0.04658008359850441,False,2,-0.2063;0.1131
SLC12A6,-0.046557902377144744,True,2,-0.0204;-0.0727
ZBTB24,-0.04654920943511143,False,2,-0.3194;0.2263
AKTIP,-0.04654140937550627,True,2,-0.0463;-0.0468
LHPP,-0.04652766271247599,False,2,-0.1083;0.0153
PTK2B,-0.04651949199761707,True,2,-0.0829;-0.0102
MAP2K6,-0.04651889055761821,True,2,-0.0538;-0.0393
USP35,-0.04649803495003657,False,2,0.0013;-0.0943
LAYN,-0.046484555369060265,False,2,-0.1872;0.0942
TAF13,-0.0464578906739645,True,2,-0.0310;-0.0619
CAVIN2,-0.04645435939905207,True,2,-0.0503;-0.0426
SLC12A2,-0.04644460197964739,False,2,-0.1318;0.0389
EPB41L5,-0.04642522912813385,True,2,-0.0907;-0.0022
CLDN4,-0.04642510576541714,True,2,-0.0816;-0.0112
STAT4,-0.04641338747582646,True,2,-0.0203;-0.0725
FHL2,-0.0464071384925398,True,2,-0.0134;-0.0794
HEATR5A,-0.04637843139856279,False,2,0.0155;-0.1083
UBXN2B,-0.04634839813070424,False,2,-0.2049;0.1122
CTNNAL1,-0.04632200645786183,False,2,0.0768;-0.1695
C4orf47,-0.04631912323637988,True,2,-0.0868;-0.0059
CDX4,-0.046265123498573424,False,2,0.0255;-0.1180
POU3F4,-0.046259965874584585,True,2,-0.0278;-0.0647
IL10RB,-0.04625792378935484,True,2,-0.0605;-0.0320
HIST1H1A,-0.046224644818095406,False,2,-0.2533;0.1608
ORC2,-0.04619606000512555,True,1,-0.0462
CORO1A,-0.04619531521492404,False,2,0.0698;-0.1622
SARAF,-0.04618158956480478,True,2,-0.0478;-0.0445
NIPSNAP1,-0.04617125857239068,False,2,0.0461;-0.1385
EBLN2,-0.04614007023100636,True,2,-0.0028;-0.0895
FBXL4,-0.046135716698625706,True,2,-0.0471;-0.0452
UNC119B,-0.04610839861883187,False,2,-0.1371;0.0449
ZUP1,-0.046098294414609886,True,2,-0.0476;-0.0446
TSSK4,-0.04607361139036348,True,2,-0.0836;-0.0085
NPHP3,-0.04607253937046696,False,2,-0.1967;0.1045
HDHD5,-0.046062322943635825,True,2,-0.0467;-0.0454
HLA-F,-0.046043226682360994,True,2,-0.0639;-0.0282
SOX8,-0.04602807406996545,False,2,-0.1350;0.0430
MDH2,-0.04602305907637377,True,2,-0.0187;-0.0734
SH3BGRL3,-0.04601763097515371,True,2,-0.0038;-0.0882
SLC25A5,-0.04597444979161003,True,2,-0.0085;-0.0834
LRRK2,-0.045959411319898835,False,2,0.0532;-0.1451
GNS,-0.04595672060925898,True,2,-0.0478;-0.0441
ZCCHC9,-0.045955612414363856,False,2,0.4946;-0.5865
PCNP,-0.04592397105186119,True,2,-0.0472;-0.0447
CDK8,-0.04587347933139296,True,2,-0.0915;-0.0002
LRRC14,-0.04585989438712246,False,2,0.0230;-0.1147
OLFM4,-0.04585443599486061,True,2,-0.0901;-0.0016
MRPL3,-0.04584207465033213,True,2,-0.0149;-0.0767
CKB,-0.04579447298209394,True,2,-0.0701;-0.0215
CMKLR1,-0.04578925381892185,False,2,0.0055;-0.0971
MFN1,-0.04578919708739404,True,2,-0.0415;-0.0500
MT2A,-0.04578495028190366,True,2,-0.0401;-0.0515
SRSF10,-0.04577790296267392,True,2,-0.0345;-0.0571
HDAC1,-0.04576305197666264,True,2,-0.0343;-0.0572
TAGLN2,-0.04574620135603458,True,2,-0.0722;-0.0193
ZHX3,-0.045697536169974406,False,2,-0.1572;0.0658
ZNF536,-0.04569560814339324,True,2,-0.0204;-0.0710
SPTAN1,-0.045652639562262176,True,2,-0.0282;-0.0631
TBC1D2B,-0.045646612035999956,True,2,-0.0673;-0.0240
ZNF385A,-0.045625319570761214,True,2,-0.0434;-0.0479
RASGEF1A,-0.045620792606202554,False,2,-0.1558;0.0645
RILPL2,-0.04561537658223669,True,2,-0.0758;-0.0154
PEX11B,-0.0456026760924636,True,2,-0.0777;-0.0135
SOX2,-0.04559924653769554,False,2,-0.1657;0.0745
LRRC70,-0.04558358899107501,True,2,-0.0505;-0.0407
HSBP1L1,-0.04557210753460905,False,2,-0.1499;0.0587
HOXD11,-0.04556942410236653,False,2,-0.1418;0.0506
RTN4,-0.045567802846903704,False,2,0.0259;-0.1171
FIGNL1,-0.045542075791840775,False,2,-0.1682;0.0771
MMADHC,-0.04553536431518307,False,2,0.0385;-0.1296
TAOK3,-0.04550299224560317,False,2,0.0087;-0.0997
IL16,-0.04549757074170524,False,2,-0.2619;0.1709
ASTE1,-0.04548755524001574,True,2,-0.0362;-0.0548
EMP1,-0.04544852747287331,True,2,-0.0448;-0.0461
AK9,-0.045447651208815,False,2,-0.1102;0.0193
ZNF283,-0.04544230720310971,False,2,0.0127;-0.1036
BRPF3,-0.045420742508973655,True,2,-0.0716;-0.0192
CAMKMT,-0.045417332739879246,False,2,-0.1896;0.0988
NPIPA8,-0.04539203547023274,True,2,-0.0376;-0.0532
IPCEF1,-0.045358298242588635,True,2,-0.0759;-0.0148
SLC25A32,-0.04535605108568275,False,2,-0.1353;0.0446
SLFN13,-0.04534965737351987,True,2,-0.0604;-0.0303
MPP6,-0.045333500165196994,False,2,-0.1349;0.0442
LRRC37A3,-0.04526562172543258,False,2,0.0053;-0.0959
PIP4K2C,-0.04526392867851359,False,2,0.1555;-0.2461
RAD54L,-0.04526168997595059,False,2,-0.1019;0.0114
GTPBP3,-0.0452178585728511,False,2,-0.1419;0.0515
UBE2E3,-0.04521379655583119,False,2,0.0010;-0.0915
DOCK7,-0.04520149799014028,True,2,-0.0889;-0.0015
AGPS,-0.04518685974583603,False,2,0.0226;-0.1130
GPX3,-0.045170201408888055,True,2,-0.0462;-0.0441
HKDC1,-0.04512883424824854,False,2,-0.1452;0.0549
FBXO42,-0.04510001648941947,False,2,0.0722;-0.1624
ACSS2,-0.04505955792494515,False,2,0.0404;-0.1305
GADD45GIP1,-0.04504864193445468,False,2,-0.1538;0.0637
PCDH12,-0.045035350275675845,True,2,-0.0808;-0.0093
TRMT112,-0.04501123507104854,False,2,0.3223;-0.4123
ERBIN,-0.04499787655187404,True,2,-0.0638;-0.0262
CCDC61,-0.0449764027322051,True,2,-0.0629;-0.0270
NASP,-0.0449719397918692,False,2,-0.1006;0.0107
PDE6B,-0.04496286680876743,False,2,0.0137;-0.1037
NT5M,-0.04496278055406794,True,2,-0.0589;-0.0310
BAHD1,-0.04495362957154403,False,2,-0.1446;0.0547
AKR7A3,-0.044906434455100286,False,2,0.1299;-0.2197
NPL,-0.04490377524098765,False,2,-0.1708;0.0810
SRY,-0.044847869938494433,True,2,-0.0253;-0.0644
AP4E1,-0.044839233444242566,True,2,-0.0618;-0.0278
QPCT,-0.04483116829452871,True,2,-0.0516;-0.0380
SOX4,-0.04480634894378088,False,2,-0.1143;0.0246
SLC30A5,-0.044799683879505336,False,2,0.0656;-0.1552
LCMT1,-0.044796583640142384,False,2,-0.2026;0.1130
IRAK1,-0.044784993413994334,False,2,-0.0969;0.0073
KIAA0930,-0.044784935298829265,True,2,-0.0074;-0.0821
BPNT1,-0.04478447874363578,True,2,-0.0630;-0.0266
ZNF441,-0.04469946520079793,False,2,-0.0959;0.0065
PAQR7,-0.04469931174501374,False,2,-0.2411;0.1517
ABHD2,-0.04469560432384123,False,2,-0.1940;0.1046
FAM8A1,-0.04466238264557998,False,2,-0.1087;0.0194
TNFRSF13B,-0.04465473820936405,True,2,-0.0458;-0.0435
HBP1,-0.044649577585404,False,2,-0.1175;0.0282
MECOM,-0.04459550726668221,False,2,0.0364;-0.1256
TMEM134,-0.044530385442088094,True,2,-0.0089;-0.0802
C17orf107,-0.04451078898602867,False,2,0.0845;-0.1736
CNKSR3,-0.044497878221248066,True,2,-0.0054;-0.0836
RNF14,-0.0444703593396687,False,2,-0.0895;0.0006
GSDME,-0.04446035023948869,False,2,-0.1635;0.0746
JAG1,-0.044447872613926465,True,2,-0.0869;-0.0020
HLA-DMB,-0.04443672510784158,False,2,-0.0967;0.0078
ATP6V0A2,-0.044426990155357005,False,2,0.2276;-0.3164
NDC80,-0.04442044837762482,False,2,-0.2196;0.1308
GSAP,-0.044419086236852146,False,2,0.0874;-0.1763
AMN,-0.04434643387769738,False,2,0.0084;-0.0971
NADSYN1,-0.04434104632803182,True,2,-0.0603;-0.0284
LIMS2,-0.044328252188341466,False,2,0.0193;-0.1080
RIN3,-0.04432264758861615,False,2,-0.1464;0.0578
RND3,-0.044315377694075786,False,2,0.0310;-0.1196
BACH2,-0.04430641972393745,False,2,-0.1507;0.0621
SLC38A5,-0.0442996863056111,False,2,-0.1203;0.0317
SLX1A,-0.04429553532749109,False,2,-0.1742;0.0856
NBPF15,-0.04426903147450062,False,2,0.0432;-0.1318
TTC24,-0.04425199027255189,False,2,-0.1331;0.0446
MIF4GD,-0.04416744841508197,False,2,0.0399;-0.1282
TRIM8,-0.04414992501625903,False,2,-0.1303;0.0420
SHF,-0.044101645747910645,True,2,-0.0872;-0.0010
NECAP1,-0.04403334220953892,False,2,-0.1062;0.0181
HOMER1,-0.04403207338833942,False,2,0.0568;-0.1449
DTHD1,-0.04402898091482743,False,2,0.0214;-0.1094
GPAT2,-0.04402778194533541,False,2,-0.1245;0.0364
CCDC14,-0.0440025899365466,False,2,0.0070;-0.0950
KDM4A,-0.04394668339508562,True,2,-0.0485;-0.0394
TMEM203,-0.04392838350934514,True,2,-0.0658;-0.0221
TRMO,-0.043924653343795916,True,2,-0.0824;-0.0054
CD276,-0.043922522455185686,False,2,-0.0981;0.0103
MRM2,-0.04388713411684647,True,2,-0.0277;-0.0601
WDR44,-0.04387767727952441,True,2,-0.0871;-0.0006
CDC25A,-0.043850680538698894,False,2,-0.1429;0.0552
TUBA8,-0.043835878849353305,False,2,0.0557;-0.1434
ZBED6CL,-0.04381670530233395,False,2,0.0042;-0.0918
CASP9,-0.04381000402126556,False,2,0.0922;-0.1798
AIFM2,-0.04380653814149804,False,2,0.0868;-0.1744
LMX1B,-0.04378834862675096,False,2,-0.1090;0.0215
ZNF639,-0.043787714258402555,False,2,0.0183;-0.1059
ZNF728,-0.04378620699869229,True,2,-0.0730;-0.0146
PITPNM2,-0.043772759423985175,True,2,-0.0329;-0.0546
SAMD4A,-0.043734246926766696,True,2,-0.0552;-0.0323
EMILIN2,-0.0437174987393949,False,2,-0.1672;0.0797
C16orf54,-0.043714281871217786,False,2,0.0942;-0.1817
TJAP1,-0.04368737246814641,False,2,0.0001;-0.0875
HOOK1,-0.04367642595258997,False,2,0.0895;-0.1768
SPATA6,-0.043666886219728474,False,2,-0.1267;0.0394
UBL7,-0.04360347932571601,False,2,0.2389;-0.3261
KDM6B,-0.04357644837120478,False,2,0.0987;-0.1859
ITFG2,-0.04357107424568707,True,2,-0.0467;-0.0405
SKA3,-0.04356591942678356,False,2,0.1564;-0.2435
GPAT3,-0.043558666591808015,False,2,0.0246;-0.1117
ERMAP,-0.04353457759648188,True,2,-0.0302;-0.0569
CSF2RB,-0.043525109754412594,False,2,0.1793;-0.2664
MYF5,-0.043481102045915765,True,2,-0.0250;-0.0620
RAB43,-0.04343975179169968,False,2,-0.1243;0.0374
TTLL1,-0.04343331057075134,True,2,-0.0023;-0.0845
QSER1,-0.043418699361063795,False,2,-0.1953;0.1084
MMP24,-0.04338280879400641,False,2,0.1336;-0.2203
SPIN4,-0.04336743132905385,True,2,-0.0736;-0.0131
STAT2,-0.04335628809992714,True,2,-0.0146;-0.0721
ALDOB,-0.043341320963678764,True,2,-0.0191;-0.0676
SPDYE3,-0.043340771839476266,False,2,0.0202;-0.1069
RBM14,-0.04333580508544188,False,2,0.0527;-0.1394
SMYD3,-0.043330840973195506,False,2,-0.1751;0.0885
HLTF,-0.04329621509300963,True,2,-0.0767;-0.0099
TMEM186,-0.04329600539341971,False,2,-0.1254;0.0388
NFIC,-0.04328746226640079,False,2,-0.2030;0.1164
PTGS2,-0.04328427266621171,True,2,-0.0709;-0.0157
AMDHD1,-0.043282686292922645,False,2,-0.1262;0.0396
RHBDD3,-0.04320539074607077,True,2,-0.0300;-0.0564
CMTR1,-0.04318777340579444,False,2,0.1248;-0.2112
FAM120A,-0.04317731337717107,True,2,-0.0356;-0.0507
SPRED2,-0.043166263290815965,True,2,-0.0844;-0.0020
MME,-0.04313474810713647,False,2,-0.1132;0.0269
R3HDM2,-0.043126098531196866,False,2,-0.1156;0.0293
RANBP2,-0.04310746747925398,True,2,-0.0523;-0.0339
PHC1,-0.0431020033683821,False,2,0.0261;-0.1123
HACD3,-0.043081231507314244,True,2,-0.0612;-0.0249
HOXB13,-0.043061822879060796,True,2,-0.0247;-0.0615
PRR13,-0.04302446073779587,False,2,-0.1548;0.0687
RCAN3,-0.04297905358988813,False,2,0.0307;-0.1167
ELP6,-0.04297393902068952,False,2,0.0296;-0.1156
AP2A1,-0.04294656384854978,False,2,-0.2443;0.1584
CLU,-0.04293057431937314,False,2,0.0045;-0.0903
ST7,-0.04292397704188955,False,2,-0.0970;0.0112
DDX39B,-0.04292361822060986,False,2,0.0203;-0.1062
DAG1,-0.04290131768965433,False,2,-0.1157;0.0299
TAB1,-0.0428995482927772,False,2,-0.0896;0.0038
SLC44A4,-0.04288487830331311,False,2,0.0286;-0.1144
CFL2,-0.04287309025420294,False,2,-0.1137;0.0280
XPNPEP3,-0.04283142177885546,False,2,-0.1081;0.0224
GID8,-0.04280443146624874,True,2,-0.0316;-0.0540
AARS2,-0.04280267912930902,False,2,-0.0984;0.0128
NR1D1,-0.042779087641859226,False,2,-0.1575;0.0720
BCAT1,-0.0427789733633015,False,2,-0.2179;0.1324
ESPN,-0.04271600675238363,True,2,-0.0720;-0.0134
CLECL1,-0.04268441622731106,True,2,-0.0346;-0.0508
ALDH7A1,-0.04267638444627786,True,2,-0.0479;-0.0375
ITGA4,-0.04267024280805576,True,2,-0.0132;-0.0721
CES3,-0.042665692439717184,True,2,-0.0306;-0.0547
ZMIZ1,-0.042650280592683776,False,2,0.0252;-0.1105
NOMO1,-0.04262313646075161,False,2,0.0862;-0.1714
ZNF276,-0.04259131212347539,False,2,0.0453;-0.1305
SUSD3,-0.042527288836792465,False,2,0.0509;-0.1360
AGMAT,-0.042496366637109095,False,2,-0.1182;0.0332
TGFA,-0.0424042411850144,False,2,0.0683;-0.1531
VWCE,-0.04239744077086183,False,2,-0.1040;0.0192
FYN,-0.04236208646443651,True,2,-0.0679;-0.0168
TBC1D22A,-0.04233952408794173,True,2,-0.0367;-0.0480
DOK3,-0.0423356193796513,True,2,-0.0543;-0.0303
MFSD1,-0.04233394717413563,False,2,0.0331;-0.1177
HIST1H3J,-0.04232282364979889,True,2,-0.0136;-0.0710
HNRNPA1L2,-0.04232124576299945,True,2,-0.0472;-0.0374
TUBGCP4,-0.04230055729352267,True,2,-0.0779;-0.0067
NUFIP1,-0.0422849389804244,False,2,-0.0920;0.0074
UBIAD1,-0.04227807546290724,False,2,0.0847;-0.1692
TSPOAP1,-0.042271055021535275,True,2,-0.0744;-0.0101
PLA2G16,-0.04220482459822206,True,2,-0.0262;-0.0582
LIMS1,-0.04218004537911718,False,2,0.0068;-0.0912
SHMT1,-0.04216086567973809,False,2,0.0072;-0.0915
NIPAL1,-0.04214858150885459,False,2,0.0232;-0.1075
MUC19,-0.04213877820962836,False,2,0.0589;-0.1432
NBL1,-0.042125216528338116,False,2,-0.1286;0.0444
ANKRD18A,-0.042124217272912934,True,2,-0.0285;-0.0558
ASCC2,-0.042112750131328314,True,2,-0.0614;-0.0229
RNF145,-0.04211196284624402,False,2,0.0585;-0.1427
GSDMD,-0.042110445228808246,False,2,-0.1768;0.0926
GMPPA,-0.04209604603556438,False,2,-0.0913;0.0071
PHLDB2,-0.04209506340991653,False,2,0.0724;-0.1566
CAB39L,-0.04208232639677978,True,2,-0.0151;-0.0691
SPRY1,-0.04205071728879961,False,2,-0.1128;0.0287
ZNF721,-0.04199498836231641,False,2,-0.1139;0.0299
NDST2,-0.041962611403514316,False,2,-0.1326;0.0487
MINDY1,-0.04195715343218731,False,2,0.1661;-0.2500
HNRNPA1,-0.04194848325190281,False,2,-0.0915;0.0076
AIDA,-0.041940180446178976,False,2,-0.1240;0.0401
TGOLN2,-0.04193281287829487,False,2,-0.1282;0.0444
ANKRD27,-0.041920031575400696,True,2,-0.0809;-0.0029
SMUG1,-0.041905685679010096,False,2,-0.1558;0.0720
SYNC,-0.04186014838253699,False,2,0.0317;-0.1154
ISL2,-0.041853733134187554,True,2,-0.0006;-0.0831
FAM118A,-0.04184644849111335,True,2,-0.0378;-0.0459
RBPJ,-0.041795800207924116,False,2,0.0077;-0.0913
PPME1,-0.041744855803158565,False,2,-0.1394;0.0559
KIAA0232,-0.041734898885154026,False,2,-0.1370;0.0535
UBALD1,-0.04172174201354678,True,2,-0.0175;-0.0660
C19orf57,-0.04169927810416557,True,2,-0.0172;-0.0662
IFI16,-0.04168182927630909,False,2,0.2368;-0.3202
SCD5,-0.04164993254108473,True,2,-0.0592;-0.0241
SYTL2,-0.04161858626584536,True,2,-0.0810;-0.0023
GCLC,-0.04160908246911321,False,2,-0.1959;0.1127
VPS37A,-0.041570332050837044,False,2,-0.3106;0.2274
GABARAPL2,-0.041560186484203565,False,2,-0.1117;0.0286
TLE2,-0.04154083403777803,True,2,-0.0482;-0.0349
ZFYVE9,-0.04149642523094321,True,2,-0.0749;-0.0081
PLCXD1,-0.04149553302309028,True,2,-0.0497;-0.0333
PDE4D,-0.04147736437580474,True,2,-0.0653;-0.0177
TMEM208,-0.041476398195681274,False,2,-0.1294;0.0464
CSNK2A2,-0.04147219117133483,True,2,-0.0556;-0.0273
DMRTB1,-0.04145732982346223,True,2,-0.0401;-0.0428
BPGM,-0.04144092010951894,False,2,-0.1527;0.0698
PROP1,-0.04143451914491647,True,2,-0.0416;-0.0413
PPBP,-0.04141396012413945,False,2,-0.1668;0.0840
KALRN,-0.041399180958384185,True,2,-0.0291;-0.0537
AP2A2,-0.04139612541651805,False,2,-0.0867;0.0039
TSEN54,-0.04138823506892031,False,2,-0.1504;0.0676
RBCK1,-0.04138811590835356,False,2,0.0131;-0.0958
ZNF599,-0.04138515367334783,True,2,-0.0192;-0.0636
DGKD,-0.04137242275928199,False,2,-0.1129;0.0301
AKAP11,-0.04137072545647186,False,2,0.1496;-0.2324
SMARCAD1,-0.04125994652338333,False,2,0.0547;-0.1372
C20orf27,-0.04124269796924612,False,2,0.0287;-0.1112
MAPK10,-0.04123974567884092,True,2,-0.0678;-0.0147
R3HCC1,-0.041235920215742294,False,2,-0.1597;0.0772
SNRPD1,-0.04120072926807383,True,1,-0.0412
TTC21A,-0.04118610597646427,False,2,0.0768;-0.1592
P2RX1,-0.04115064548843356,False,2,0.0094;-0.0917
APOA4,-0.041140205032605404,False,2,-0.1850;0.1027
FOXP1,-0.04113948696464498,True,2,-0.0615;-0.0207
COMMD8,-0.041134521548879366,True,2,-0.0307;-0.0516
ALAS2,-0.04111164730541933,False,2,0.0284;-0.1106
RNF219,-0.04108294553274838,False,2,0.0738;-0.1559
STAU2,-0.04106622877137134,False,2,-0.2249;0.1427
HUWE1,-0.041030015988959,False,2,0.0294;-0.1115
MAML1,-0.04100100312181809,False,2,0.0146;-0.0966
ARHGEF19,-0.04095854322341963,False,2,-0.1381;0.0562
TRIM59,-0.04095268161551391,True,2,-0.0513;-0.0306
TMEM141,-0.040934001546158116,True,2,-0.0024;-0.0795
PTGDS,-0.04089145443657388,True,2,-0.0320;-0.0497
GP6,-0.04083772401315966,False,2,0.1055;-0.1872
EIF1AX,-0.04082231234996209,False,2,0.1414;-0.2230
ACE,-0.04081412014317093,False,2,0.0180;-0.0997
SGK2,-0.04079791795354348,False,2,-0.0820;0.0004
EPOR,-0.04079582739014875,False,2,0.0251;-0.1067
BORCS6,-0.04077171840208449,False,2,-0.1726;0.0911
SNAI1,-0.04073575422948483,False,2,-0.1360;0.0545
LRRC8B,-0.04071931467452217,True,2,-0.0314;-0.0501
SOAT1,-0.040709774543887134,False,2,0.0206;-0.1021
MRGPRD,-0.04068046207211662,False,2,-0.1040;0.0226
SERTAD2,-0.04067342302881766,True,2,-0.0411;-0.0403
CDH1,-0.0406493185106766,False,2,0.0097;-0.0910
ARHGAP24,-0.040647163750979654,True,2,-0.0648;-0.0165
BRD7,-0.04061622944959997,True,2,-0.0188;-0.0624
ZDHHC23,-0.04056405461227591,True,2,-0.0298;-0.0514
CCSAP,-0.040530876534231375,True,2,-0.0167;-0.0643
NMNAT3,-0.04051023718784885,True,2,-0.0425;-0.0385
LYRM9,-0.040509997385217544,False,2,-0.0837;0.0027
DNASE2,-0.040499664912708844,False,2,-0.1223;0.0413
MOV10,-0.04049034939831331,False,2,-0.2434;0.1625
KLF3,-0.04041225494498557,True,2,-0.0654;-0.0155
CLEC4E,-0.04038040193649217,False,2,-0.1124;0.0317
ZNF587,-0.040378498128572526,False,2,-0.1219;0.0411
DIS3,-0.04036356435286492,False,2,-0.1975;0.1168
VAMP7,-0.04035104001664658,False,2,0.0716;-0.1523
KDM4B,-0.0403402939837727,True,2,-0.0486;-0.0321
C9orf3,-0.04033578678020311,True,2,-0.0777;-0.0030
HIST1H4H,-0.04032088460294714,True,2,-0.0243;-0.0563
BORCS8-MEF2B,-0.04029904461246103,False,2,0.0510;-0.1316
IFT52,-0.0402607666289187,False,2,0.0650;-0.1455
ZBTB46,-0.04023366675721163,False,2,0.0143;-0.0948
ELOVL5,-0.040231898901447516,True,2,-0.0393;-0.0412
ZNF583,-0.04019519766689306,True,2,-0.0501;-0.0303
LILRB2,-0.0401719492900402,True,2,-0.0210;-0.0594
PRKACA,-0.04016152210162233,False,2,0.0217;-0.1020
SFTPC,-0.040141378437777764,False,2,-0.1400;0.0597
GPR63,-0.040071902182955865,False,2,-0.1253;0.0451
REEP5,-0.040031797303631045,False,2,-0.1071;0.0270
SPAST,-0.04002920575577534,False,2,0.0285;-0.1086
MSANTD1,-0.040019286999529835,False,2,-0.1007;0.0206
TBKBP1,-0.0399859258351406,False,2,0.0022;-0.0822
PIMREG,-0.03997163104467749,False,2,0.0171;-0.0971
TMEM11,-0.03997062385172395,True,2,-0.0284;-0.0515
NCOA2,-0.03992103036300787,False,2,-0.1093;0.0295
TCF7,-0.03988239198229315,False,2,-0.0995;0.0197
SIRT5,-0.03987530691802721,False,2,-0.2175;0.1378
SPIC,-0.03986205408876703,True,2,-0.0116;-0.0681
C9orf72,-0.03983022087996957,False,2,-0.0863;0.0067
SLC4A4,-0.039815481148896215,False,2,-0.1568;0.0772
CRADD,-0.03980579481637048,True,2,-0.0012;-0.0785
NIPAL3,-0.03979499023846039,True,2,-0.0421;-0.0374
LUC7L,-0.039787386192709384,False,2,-0.1123;0.0327
IREB2,-0.03975023617756612,True,2,-0.0133;-0.0662
GATA6,-0.039720457961627154,False,2,-0.1649;0.0854
PRDM6,-0.03971878527920769,False,2,-0.1224;0.0430
SLC6A8,-0.03969868939462551,False,2,-0.1592;0.0798
SELENBP1,-0.039664169203122934,True,2,-0.0235;-0.0558
UCHL3,-0.03963580423226398,False,2,-0.1315;0.0522
KCTD17,-0.03962456484164223,False,2,0.0502;-0.1294
GNAZ,-0.039592797087365406,False,2,-0.1462;0.0670
CACNA1A,-0.039589405214351836,False,2,-0.1566;0.0774
ADNP,-0.03956046122395562,False,2,-0.1216;0.0425
PRMT2,-0.03955743118646948,False,2,-0.1111;0.0320
ETFB,-0.03952028042786082,True,2,-0.0187;-0.0604
ARFGAP3,-0.03948167226425792,False,2,-0.0999;0.0209
GPR3,-0.0394545834119614,True,2,-0.0665;-0.0124
SLC31A1,-0.03941597833119925,False,2,-0.1219;0.0430
WDR92,-0.03941521194235886,False,2,0.0856;-0.1644
WASL,-0.03940479155039106,True,2,-0.0111;-0.0677
SREBF2,-0.03939305209538091,False,2,0.0535;-0.1323
DCLRE1A,-0.039370049420089925,True,2,-0.0566;-0.0222
MRPS33,-0.03934732878942171,True,1,-0.0393
MLLT3,-0.03934118085983018,False,2,-0.1559;0.0772
PPP1R9B,-0.03932289105011694,True,2,-0.0251;-0.0536
PAICS,-0.03929983644070445,False,2,0.0895;-0.1681
LRRC20,-0.039288880745359245,False,2,0.0349;-0.1135
WASHC2C,-0.03928253432901191,True,2,-0.0066;-0.0720
KCTD15,-0.03927167566936085,False,2,0.0593;-0.1378
ARID1B,-0.03926320331871164,True,2,-0.0173;-0.0613
CSNK1G2,-0.03925914166871647,True,2,-0.0563;-0.0222
BRD8,-0.039239316481646136,True,2,-0.0245;-0.0540
SSX2IP,-0.03919854954618179,False,2,0.0163;-0.0947
RAB5IF,-0.03917549592932612,True,2,-0.0310;-0.0474
UCK2,-0.039160368154831815,False,2,-0.1229;0.0446
VPS35L,-0.03913732720460139,False,2,-0.1630;0.0847
CKS2,-0.03912462986580978,True,2,-0.0460;-0.0323
UHRF2,-0.039121769310012766,False,2,0.0460;-0.1243
DCAF12,-0.03911995473775737,False,2,0.0281;-0.1063
RRN3,-0.039105110406310595,True,1,-0.0391
DTNBP1,-0.0390705691166886,False,2,0.0262;-0.1044
ARNTL2,-0.03906071597784477,False,2,0.0788;-0.1570
PPP5C,-0.039050754315705316,True,2,-0.0116;-0.0665
GART,-0.03904098034304143,False,2,0.0887;-0.1668
KRT72,-0.03903041275920083,True,2,-0.0629;-0.0152
ARRDC4,-0.03896257168604789,False,2,-0.1632;0.0852
GJB2,-0.038956612353902575,False,2,0.0236;-0.1016
IFT22,-0.038942018724774485,True,2,-0.0259;-0.0520
CDK4,-0.038923185290787976,False,2,-0.1010;0.0231
LATS1,-0.03889134461246069,True,2,-0.0564;-0.0214
GCN1,-0.038884153877783045,True,2,-0.0371;-0.0407
ATP5PO,-0.03884964424101078,False,2,0.0634;-0.1411
C5orf24,-0.03884121825907361,False,2,-0.1111;0.0334
EFL1,-0.03881781951842567,False,2,-0.2418;0.1641
ADAM17,-0.03877734400936733,False,2,0.1249;-0.2024
RBP5,-0.038753866903930345,False,2,-0.1487;0.0712
SMPD2,-0.03872659665256267,False,2,0.0440;-0.1214
CTSC,-0.03868050686249297,True,2,-0.0433;-0.0340
BBS7,-0.03866767562301476,False,2,-0.1688;0.0915
PEX10,-0.038640843789499835,True,2,-0.0238;-0.0535
MOCS1,-0.03863793506198371,True,2,-0.0406;-0.0367
GPATCH4,-0.03860640632138179,False,2,-0.0788;0.0016
ADAM10,-0.038558775654998434,False,2,0.0730;-0.1501
CLDND1,-0.03853190095970738,False,2,-0.0927;0.0156
TNK1,-0.03851518311228008,False,2,0.1750;-0.2521
DLL1,-0.03846997264248181,True,2,-0.0389;-0.0380
CNPY4,-0.038451679713040754,False,2,-0.1416;0.0647
SMARCD1,-0.038447266672248515,False,2,-0.2570;0.1801
NLRC5,-0.03840391216696637,False,2,0.1093;-0.1861
RFX6,-0.03839763331534124,True,2,-0.0489;-0.0279
EEF1AKMT2,-0.0383782750060665,True,2,-0.0455;-0.0312
TMED10,-0.03837721088126356,True,2,-0.0338;-0.0430
KDELR1,-0.03832748596202579,False,2,0.0479;-0.1245
CLTRN,-0.038319275927666485,False,2,0.1303;-0.2070
IPO4,-0.038317558067924695,False,2,0.0390;-0.1156
CDHR5,-0.03824655720554804,True,2,-0.0004;-0.0761
M6PR,-0.03823352002762659,False,2,-0.1371;0.0606
HIST1H4D,-0.038209778381248505,True,2,-0.0597;-0.0167
POMZP3,-0.03818565788634293,False,2,0.0814;-0.1578
ORAI1,-0.038134657249900006,True,2,-0.0202;-0.0561
ZXDB,-0.03811848996626771,True,2,-0.0269;-0.0493
WDR76,-0.0381085087707439,True,2,-0.0742;-0.0020
EPG5,-0.03810711290301638,True,2,-0.0605;-0.0157
STRN3,-0.038084773240139036,True,2,-0.0072;-0.0690
GSTO2,-0.038046200065379676,False,2,0.0449;-0.1209
OVOL2,-0.038036084295321904,False,2,-0.1208;0.0447
CUL4B,-0.03800050819440515,False,2,0.0586;-0.1346
ASCC3,-0.03798897022398595,False,2,-0.2433;0.1673
IL15RA,-0.037987065823417376,False,2,-0.1949;0.1189
STIM2,-0.03798224433521008,True,2,-0.0218;-0.0541
HNRNPH1,-0.03798147525505252,True,2,-0.0440;-0.0319
ATXN7L1,-0.03791412275976258,True,2,-0.0441;-0.0317
AP1B1,-0.03790173461587332,True,2,-0.0636;-0.0122
ATXN1L,-0.03789700581417782,False,2,0.0719;-0.1477
EIF4A1,-0.03785373459840513,True,2,-0.0101;-0.0656
TFB1M,-0.0378225365674873,False,2,0.0053;-0.0809
FAM89B,-0.0378094433466476,False,2,0.1206;-0.1962
CELSR2,-0.03778246818039199,False,2,-0.1577;0.0822
MRPS15,-0.0377750343047355,True,2,-0.0588;-0.0168
BZW1,-0.03777282020196593,True,2,-0.0056;-0.0699
CHD6,-0.03777038153402523,True,2,-0.0718;-0.0037
ZNF442,-0.037770187692382495,True,2,-0.0659;-0.0096
CD72,-0.03773291066335738,False,2,-0.1706;0.0951
NAPRT,-0.037712694258465296,False,2,0.0596;-0.1351
NEU1,-0.037689974822191885,False,2,0.0079;-0.0833
PPOX,-0.03767137239260032,True,2,-0.0528;-0.0226
ABHD3,-0.037667884258869466,True,2,-0.0230;-0.0523
STAU1,-0.03766080974644814,True,2,-0.0116;-0.0637
MREG,-0.037648122193680855,False,2,-0.0873;0.0120
TBX15,-0.037642818246015175,False,2,0.0370;-0.1123
ZNF397,-0.03764077194076587,False,2,-0.1312;0.0559
LDHA,-0.03763857989074859,True,2,-0.0738;-0.0014
GALNT18,-0.037627980522462245,False,2,0.0370;-0.1123
GNGT2,-0.03757755725226336,False,2,0.0734;-0.1486
ARFIP2,-0.03757280422394316,False,2,0.0884;-0.1635
DEGS1,-0.03756984407746011,True,2,-0.0209;-0.0542
HSPG2,-0.03756534640647724,False,2,0.0197;-0.0948
NEDD9,-0.03756250143938944,False,2,-0.0771;0.0020
BICRAL,-0.03754292087577438,False,2,0.0164;-0.0915
EIF3G,-0.03754073787939172,False,2,-0.2721;0.1970
RPL13,-0.03750040371125207,True,1,-0.0375
LACTB2,-0.03747423289658369,True,2,-0.0430;-0.0319
CHD1,-0.03745986184230321,False,2,-0.1759;0.1010
CRK,-0.03745031268020099,True,2,-0.0476;-0.0273
TMEM109,-0.03743284093155219,True,2,-0.0271;-0.0478
PCK1,-0.03742545078593984,False,2,0.0517;-0.1266
JHY,-0.0373965142596675,False,2,-0.1013;0.0265
TBX10,-0.037396200386994316,True,2,-0.0148;-0.0600
MAP9,-0.03735605949959758,False,2,0.0004;-0.0752
KCNA3,-0.03735412391527648,False,2,0.0125;-0.0872
CD302,-0.037348354594783195,True,2,-0.0258;-0.0489
TMEM184B,-0.03732981017164888,False,2,0.0886;-0.1632
NDUFV1,-0.03732620689839372,True,2,-0.0610;-0.0137
NCOA5,-0.03731554722041863,True,2,-0.0313;-0.0433
SEC16A,-0.03730576444454037,True,2,-0.0670;-0.0076
TMEM70,-0.037273296474720885,True,2,-0.0716;-0.0030
DNAJC4,-0.03726799338902109,True,2,-0.0681;-0.0064
SNX8,-0.0372348080928423,False,2,-0.1238;0.0493
SCYL2,-0.037223786202323916,False,2,0.1051;-0.1795
DLX1,-0.03721239931029785,False,2,-0.0832;0.0088
WNT10A,-0.03720788533574948,True,2,-0.0529;-0.0215
IGF2R,-0.03718024454554092,False,2,-0.1478;0.0734
UBTD1,-0.037177127780256725,False,2,-0.1053;0.0309
NRG4,-0.03715887251735428,False,2,0.0001;-0.0744
HOXB4,-0.03713750948343142,False,2,0.1049;-0.1792
IL1R2,-0.037121189808489885,True,2,-0.0111;-0.0632
ZNF581,-0.03711146200757065,False,2,-0.1833;0.1091
GUCA1B,-0.03709720338363093,True,2,-0.0209;-0.0533
CEBPA,-0.037094513927989126,False,2,-0.1062;0.0320
CHP1,-0.03705901148191698,True,2,-0.0068;-0.0673
ANKLE1,-0.03705118276017255,False,2,0.1713;-0.2454
G3BP2,-0.037039742455313496,True,2,-0.0655;-0.0085
BTN3A3,-0.03701177585795268,True,2,-0.0678;-0.0062
PRDM16,-0.03699862985254043,False,2,-0.1691;0.0951
MYD88,-0.03696983321246572,False,2,-0.1221;0.0482
SWSAP1,-0.03692731989091963,False,2,0.0531;-0.1270
MIF,-0.036923331332988085,False,2,0.0991;-0.1730
JPT1,-0.03690619356545621,False,2,-0.0928;0.0190
MXI1,-0.03686849989028751,True,2,-0.0595;-0.0142
MRFAP1,-0.03678814015457221,False,2,-0.1558;0.0822
VIL1,-0.03676234517194832,False,2,-0.0985;0.0250
TOM1,-0.03676134196682623,True,2,-0.0023;-0.0712
TRAF1,-0.036736748221760984,True,2,-0.0447;-0.0288
SAMHD1,-0.03673658765269361,True,2,-0.0051;-0.0683
FCGRT,-0.03672542170571946,True,2,-0.0263;-0.0472
SPECC1L,-0.03672373078305419,True,2,-0.0392;-0.0343
C11orf49,-0.03671411154564397,False,2,0.0339;-0.1074
GPATCH2,-0.03667152844784172,False,2,-0.0775;0.0042
CBX2,-0.03666140319863226,True,2,-0.0439;-0.0294
MTF2,-0.036640920334939486,True,2,-0.0628;-0.0105
SNPH,-0.036628567411012836,False,2,0.0033;-0.0765
LASP1,-0.03662484967925894,False,2,0.0553;-0.1286
HIKESHI,-0.03656027534140843,True,2,-0.0458;-0.0274
SIGIRR,-0.036542289022397756,False,2,0.1289;-0.2020
LBR,-0.03649968587820662,False,2,-0.1113;0.0383
FCER2,-0.03649629089577666,True,2,-0.0682;-0.0048
DNM3,-0.03649301789751658,True,2,-0.0574;-0.0156
ABL1,-0.036484971304735714,True,2,-0.0517;-0.0213
TXNDC16,-0.03643217607383131,True,2,-0.0213;-0.0515
PC,-0.03639432452228225,False,2,0.0369;-0.1097
ZFP91,-0.036387266810455565,False,2,0.1025;-0.1752
CAPRIN1,-0.03637759354282233,False,2,-0.2662;0.1935
AFG3L2,-0.03632448187105569,False,2,0.0521;-0.1248
SGPP2,-0.03631251974620858,True,2,-0.0156;-0.0570
LANCL2,-0.036300030231743496,False,2,0.0626;-0.1352
UHRF1BP1,-0.03628003389820278,False,2,0.1584;-0.2309
TMCO4,-0.03627016498985325,False,2,-0.2028;0.1302
AR,-0.03625719556925677,True,2,-0.0093;-0.0632
XYLB,-0.03623674129347926,True,2,-0.0347;-0.0378
DHCR7,-0.03623084535461957,True,2,-0.0048;-0.0677
APLP1,-0.036223116181693826,False,2,-0.0968;0.0244
PBK,-0.03621995570613967,False,2,-0.0812;0.0087
GFER,-0.036179782451832454,False,2,0.0320;-0.1044
CD164,-0.03617249579806997,False,2,0.0099;-0.0823
PCNX4,-0.03615548758346521,False,2,0.0737;-0.1460
DNAJC3,-0.036146368321338995,True,2,-0.0455;-0.0268
XK,-0.03613227788465517,False,2,0.0096;-0.0819
C1QTNF3,-0.03612908338758636,False,2,0.0364;-0.1087
NXT2,-0.0361094180970607,False,2,-0.0723;0.0001
TMEM67,-0.03608850706862088,False,2,-0.1326;0.0604
ANKRD42,-0.036066137640893,False,2,0.0084;-0.0805
MAPKAPK2,-0.036055144053014576,True,2,-0.0512;-0.0209
CAMKK1,-0.03603652968578597,True,2,-0.0525;-0.0196
ZNF644,-0.03603218949925269,True,2,-0.0100;-0.0620
PSD,-0.0359081638707901,False,2,-0.0873;0.0155
CTDNEP1,-0.035901683616011926,True,2,-0.0395;-0.0323
SLC25A1,-0.03588084440802819,False,2,0.0548;-0.1265
CFAP126,-0.03581797399429587,True,2,-0.0470;-0.0246
ZNF490,-0.03577689352538738,False,2,-0.0845;0.0129
POU3F1,-0.035775566405525816,False,2,-0.0945;0.0230
PHETA1,-0.03574566724456496,False,2,-0.0984;0.0270
TRRAP,-0.03574478494047684,False,2,0.0923;-0.1638
GBA,-0.035714792012222774,False,2,0.1032;-0.1746
TRAF3IP2,-0.03571450682991617,False,2,-0.0956;0.0242
CXCL1,-0.03569978562766429,False,2,-0.0859;0.0145
PELI2,-0.03569352379054308,False,2,0.0348;-0.1062
CHD8,-0.03566922627154856,False,2,-0.1617;0.0904
AKT1,-0.035654159582085954,False,2,-0.1718;0.1005
ALG9,-0.035641413665287835,False,2,0.0727;-0.1440
NUGGC,-0.035636367128112856,True,2,-0.0246;-0.0467
TMBIM1,-0.03562909837154904,False,2,0.0082;-0.0794
SLC30A1,-0.035607991444917164,False,2,0.0667;-0.1379
ACP5,-0.035600732867358875,True,2,-0.0641;-0.0071
BCL9L,-0.035595211139959226,False,2,-0.0799;0.0087
EPSTI1,-0.03558642001698087,False,2,0.0056;-0.0768
MMAA,-0.03557923480285652,True,2,-0.0329;-0.0382
SBF1,-0.035578234207706116,True,2,-0.0501;-0.0211
IFIT1,-0.0355673045100765,True,2,-0.0537;-0.0174
NSMCE2,-0.03556279351564495,False,2,-0.2209;0.1498
IFT80,-0.03554968088339544,False,2,0.0329;-0.1040
TSC2,-0.03549648240302866,True,2,-0.0341;-0.0369
FGFR1OP,-0.035459737083947285,False,2,0.1221;-0.1930
HIC1,-0.03545608419140467,False,2,0.0344;-0.1053
ARMC2,-0.03540794674038261,False,2,-0.1146;0.0438
PHF7,-0.035395815840059686,False,2,-0.1167;0.0459
ADAR,-0.03537464909269772,False,2,-0.0858;0.0150
TCF12,-0.03536333347611942,False,2,-0.0709;0.0002
LONRF2,-0.03532949484003167,False,2,-0.1132;0.0425
STXBP4,-0.035307697429010854,False,2,-0.1444;0.0738
N6AMT1,-0.03530572059405468,False,2,-0.0729;0.0022
FAM193B,-0.03529064979542018,True,2,-0.0481;-0.0225
GTF3C5,-0.0352645450750359,False,2,0.0437;-0.1142
C6orf201,-0.03522429191242993,False,2,-0.1236;0.0531
WWOX,-0.03521021002965846,True,2,-0.0247;-0.0457
TMEM230,-0.03520843935251572,True,2,-0.0544;-0.0160
FGFR1,-0.035197783837830565,True,2,-0.0463;-0.0241
LY6E,-0.035139044339579484,False,2,-0.0789;0.0086
MAL,-0.03512725029460062,True,2,-0.0454;-0.0249
PPDPF,-0.03509049401887698,False,2,-0.0901;0.0199
DUSP4,-0.03507250186567845,False,2,0.0992;-0.1694
CD93,-0.035053111765721345,False,2,-0.0762;0.0061
ZNF607,-0.03505287262792878,False,2,-0.1220;0.0519
C11orf54,-0.035042546545343556,False,2,0.0271;-0.0972
VGLL4,-0.035038237188409316,True,2,-0.0263;-0.0438
RNASEL,-0.03503448599566722,False,2,0.0105;-0.0806
ARHGEF40,-0.03501664929628889,True,2,-0.0432;-0.0268
PIK3R6,-0.03501233093869516,False,2,0.0145;-0.0846
ZNF706,-0.03499872250226921,False,2,0.0206;-0.0906
MAP2K5,-0.034996391330741505,False,2,-0.1194;0.0494
SLC25A14,-0.03499027195411353,False,2,-0.1413;0.0713
SFMBT1,-0.03497057880385357,False,2,0.0757;-0.1456
ZC3H4,-0.034885924999819906,False,2,0.0310;-0.1007
ZDHHC17,-0.03487193898574159,False,2,0.0260;-0.0957
CASP10,-0.034821563144275314,False,2,-0.0781;0.0085
SLC39A7,-0.03481948764157122,False,2,0.0804;-0.1500
FOXP3,-0.034814996032291656,False,2,-0.1035;0.0339
FAM114A2,-0.03478811595093623,True,2,-0.0638;-0.0058
ADAM19,-0.03475852396545864,True,2,-0.0568;-0.0127
CDK2AP2,-0.034754656312659504,False,2,-0.1165;0.0470
MED15,-0.034736718714598325,True,2,-0.0197;-0.0497
KCNK12,-0.0347342357960837,True,2,-0.0537;-0.0158
NUDT19,-0.034672450698918666,True,2,-0.0560;-0.0133
TOMM7,-0.0346243515314012,False,2,0.0408;-0.1100
RGS5,-0.03457655977075669,False,2,-0.0692;0.0001
CBR1,-0.0345597496169856,False,2,0.0455;-0.1146
TSHZ1,-0.03453410942553392,False,2,0.0207;-0.0898
TMEM81,-0.03453097872040983,False,2,0.1727;-0.2418
TMEM165,-0.034517634107023576,True,2,-0.0266;-0.0424
ATP5MC3,-0.03450738094541378,False,2,0.0014;-0.0704
JPT2,-0.03448632389218653,False,2,-0.1507;0.0817
DPY19L4,-0.034461808852485065,True,2,-0.0515;-0.0174
SLC11A2,-0.03440005705700144,False,2,0.0405;-0.1093
KLHL25,-0.034370027947275894,True,2,-0.0026;-0.0661
SOGA3,-0.03436840775484701,True,2,-0.0171;-0.0516
SETD3,-0.034323309411370295,False,2,-0.1294;0.0608
PCGF5,-0.03430654751692819,True,2,-0.0517;-0.0169
EBF1,-0.0342847502559428,False,2,-0.0950;0.0264
PHB,-0.034274711630944976,False,2,-0.1127;0.0442
JOSD1,-0.03422818682098783,False,2,-0.1041;0.0357
VDR,-0.03420801305855381,False,2,0.0794;-0.1479
TBRG1,-0.034108182798245124,False,2,-0.1315;0.0633
TFE3,-0.034103097223245504,False,2,0.1495;-0.2177
BBS9,-0.03409260080289345,False,2,0.0231;-0.0913
EPS15,-0.034068657794288804,False,2,-0.1082;0.0401
SH3D19,-0.034051549447474794,False,2,0.0148;-0.0829
CAPN1,-0.034013474213380746,False,2,-0.0868;0.0188
RCAN1,-0.03400521052450667,False,2,0.0499;-0.1179
STK10,-0.033984467367536575,False,2,-0.0756;0.0076
FAM149B1,-0.033954272693903165,False,2,0.0327;-0.1007
ZNF595,-0.03389465376715606,False,2,0.0194;-0.0872
UCN,-0.03389273483991018,False,2,-0.0718;0.0040
IL1A,-0.033873069948361534,True,2,-0.0015;-0.0663
FERMT2,-0.03386262160157105,True,2,-0.0469;-0.0208
KLRC1,-0.03386003798870363,True,2,-0.0022;-0.0655
EFCAB13,-0.033855622392313434,False,2,-0.0683;0.0006
GABBR1,-0.03383429750035771,False,2,-0.0865;0.0188
KAT2A,-0.03380707501594571,False,2,0.0829;-0.1505
RPS6KB1,-0.03380639580853384,False,2,0.0757;-0.1434
LPIN2,-0.033802028770221926,True,2,-0.0066;-0.0610
STX16,-0.03378177224216089,True,2,-0.0057;-0.0618
RAD21,-0.033771141927535386,True,2,-0.0108;-0.0567
TMEM14A,-0.03372132912820974,True,2,-0.0205;-0.0470
LIN28A,-0.0337145408439431,True,2,-0.0078;-0.0596
PCF11,-0.03370648557175948,True,1,-0.0337
SELENOT,-0.033698574384488256,False,2,0.0642;-0.1316
CCDC57,-0.0336895279048578,False,2,-0.0904;0.0230
MRC2,-0.03365339485727131,True,2,-0.0264;-0.0409
UTY,-0.033643151969521834,False,2,-0.0735;0.0062
TUBD1,-0.033593372226956575,False,2,0.1146;-0.1817
CDC34,-0.033581548792616545,True,2,-0.0260;-0.0411
TMEM265,-0.03356718619075816,False,2,-0.0926;0.0255
SBF2,-0.03355086858563322,False,2,0.0424;-0.1095
PRDM1,-0.03354965495007722,False,2,0.0391;-0.1062
ZNF77,-0.033538423668398654,False,2,-0.1242;0.0571
ZNF829,-0.03353679854092828,False,2,-0.0784;0.0113
ZXDC,-0.03353673641973304,False,2,0.0468;-0.1138
CFP,-0.03348821602023794,False,2,0.0174;-0.0844
PDP1,-0.03345490881336399,False,2,0.0394;-0.1063
BBS2,-0.03342536237496241,False,2,-0.1460;0.0791
BANK1,-0.03341847037152457,True,2,-0.0072;-0.0596
CBR3,-0.03341697755505113,False,2,-0.0864;0.0196
OXR1,-0.03340377994087651,False,2,-0.0756;0.0088
NFATC2,-0.03339795906452925,False,2,-0.0985;0.0317
MAP4K1,-0.033363554261601924,False,2,0.2064;-0.2732
IRF2BPL,-0.03333146994528435,False,2,-0.0800;0.0133
USP12,-0.0333134889220027,False,2,-0.1446;0.0780
CCNB1IP1,-0.03330088132932485,False,2,-0.1885;0.1219
GAPVD1,-0.0332835542217787,True,2,-0.0207;-0.0458
ENDOG,-0.03327704756491523,False,2,-0.1489;0.0823
ECPAS,-0.033271368056834394,False,2,-0.0834;0.0168
ZNF625,-0.033267452486555604,False,2,-0.0954;0.0289
CNIH4,-0.033246598986052533,False,2,-0.1123;0.0458
DHRS13,-0.0332245581835417,False,2,0.0108;-0.0773
PGRMC2,-0.033222245601987055,False,2,0.0560;-0.1224
PHLDA3,-0.033214458740145,True,2,-0.0090;-0.0575
NTRK1,-0.033212811847371404,True,2,-0.0174;-0.0490
MTCH2,-0.033210903234424216,True,2,-0.0459;-0.0206
TTLL5,-0.0332092408558749,False,2,0.0263;-0.0928
ZBTB48,-0.033203040673706496,True,2,-0.0490;-0.0174
BACE1,-0.033163546472510796,False,2,0.0008;-0.0671
WDR46,-0.03315128000278211,True,1,-0.0332
ZNF623,-0.03313870386405948,True,2,-0.0405;-0.0258
CCND2,-0.0330907207092912,False,2,-0.1026;0.0364
WAC,-0.033090010515409496,False,2,0.0253;-0.0915
SRSF9,-0.03308332125249763,True,2,-0.0353;-0.0309
CR2,-0.03307267042680451,False,2,-0.1043;0.0381
FAM117A,-0.03305193925307792,False,2,-0.1260;0.0599
ZKSCAN7,-0.03302797153390313,True,2,-0.0521;-0.0140
NUMBL,-0.033021002189864146,True,2,-0.0627;-0.0033
DNAJC21,-0.03302026103550226,True,2,-0.0292;-0.0369
MOGS,-0.032977456357318635,False,2,-0.1026;0.0367
HIP1,-0.032950437607822236,False,2,-0.0898;0.0239
PFKL,-0.03293165512526375,False,2,0.0095;-0.0754
ATP9A,-0.03291882515142153,False,2,-0.0811;0.0153
DDR1,-0.03291378298117931,False,2,0.1414;-0.2073
CDCA7,-0.032861534389011515,True,2,-0.0336;-0.0321
SASS6,-0.03285128832926898,False,2,0.0258;-0.0915
PLEKHG3,-0.032833835679511425,False,2,0.0680;-0.1337
ZNF417,-0.032827439764870125,False,2,0.0516;-0.1173
PXYLP1,-0.03282455310848198,False,2,-0.1678;0.1022
CBX5,-0.032823021738012215,True,2,-0.0203;-0.0453
SLC9A1,-0.03280345159696574,False,2,-0.1275;0.0619
HDAC10,-0.03280230159561537,False,2,-0.1409;0.0753
ZBTB37,-0.0328002317844982,False,2,-0.0984;0.0328
LSM1,-0.03279402803754716,False,2,0.0138;-0.0794
ZNF691,-0.03277344186523473,False,2,0.0546;-0.1202
MAP3K12,-0.03269669506685169,False,2,0.0998;-0.1652
CD84,-0.032660981940230094,False,2,0.0049;-0.0703
NDUFC1,-0.03260067216216267,False,2,-0.1473;0.0821
NARF,-0.03256118985295753,False,2,0.0133;-0.0785
ZNF576,-0.032544809851675516,False,2,-0.1180;0.0529
PHF21A,-0.032535482201315635,False,2,-0.1495;0.0844
EGR4,-0.03251303945113532,True,2,-0.0143;-0.0508
BIVM-ERCC5,-0.03250741157839543,False,2,-0.1523;0.0872
GATA5,-0.03245802867827374,False,2,0.0123;-0.0772
BDH1,-0.0324376682932318,False,2,-0.1467;0.0819
HIST2H3A,-0.032378047244938646,True,2,-0.0072;-0.0576
ILVBL,-0.03236525508113597,False,2,0.1628;-0.2276
SRSF8,-0.03234384294224457,False,2,-0.0775;0.0128
EVA1B,-0.03233433865747598,True,2,-0.0323;-0.0324
DOP1B,-0.03223899833939009,False,2,0.1869;-0.2514
ELMOD3,-0.032162585450751235,False,2,-0.1870;0.1227
SYNM,-0.03214530014830019,True,2,-0.0313;-0.0330
BAG5,-0.0321095646066491,True,2,-0.0021;-0.0622
USP25,-0.03208086410844213,False,2,-0.2177;0.1535
CEBPE,-0.03208027617031767,True,2,-0.0359;-0.0282
SUOX,-0.03205191261149154,False,2,-0.0670;0.0029
ADAP1,-0.032002159432409916,False,2,0.0019;-0.0659
UPF3B,-0.03197514905753435,True,2,-0.0153;-0.0486
ZNHIT2,-0.03197133249230111,True,1,-0.0320
EPC1,-0.03195398333592259,True,2,-0.0469;-0.0171
CX3CR1,-0.031860127583935915,False,2,0.0077;-0.0714
DEPDC1B,-0.03183919072182739,False,2,0.0682;-0.1319
TMTC2,-0.031823795710585134,False,2,-0.1827;0.1190
ITPRIPL1,-0.03180152838079309,False,2,-0.1000;0.0364
SIK3,-0.03170330596679549,False,2,-0.2175;0.1541
PROCA1,-0.031698725859123256,False,2,-0.1361;0.0727
DIRC2,-0.031685086129679685,True,2,-0.0340;-0.0294
CPXCR1,-0.031648113847187354,False,2,-0.1431;0.0798
ZNF629,-0.0316073003592553,False,2,-0.1304;0.0672
BTF3L4,-0.03160050445382845,False,2,-0.1655;0.1023
EIF3F,-0.031591830005552435,False,2,-0.5362;0.4730
GMEB2,-0.031585124085819594,False,2,-0.1207;0.0575
MGST1,-0.031506408607989256,False,2,-0.1155;0.0525
MON2,-0.03146795717287321,False,2,-0.1172;0.0543
FAM219B,-0.031387678687942455,False,2,0.0612;-0.1240
CYP2U1,-0.03137111568268103,False,2,-0.0787;0.0160
TBC1D10B,-0.031364641785344705,False,2,-0.2170;0.1543
RAI2,-0.03133662070101939,False,2,-0.0627;0.0000
CYB561D1,-0.03131029761652249,False,2,-0.0789;0.0163
ZFP30,-0.03129905937423838,False,2,-0.1434;0.0808
SARNP,-0.031295953076172056,False,2,-0.1971;0.1345
KLF14,-0.03129493944890033,True,2,-0.0017;-0.0609
SAP30,-0.0312898166405422,False,2,-0.1049;0.0423
NAAA,-0.03127546885920918,True,2,-0.0435;-0.0191
RIMKLB,-0.031245903112357087,True,2,-0.0481;-0.0144
NAALAD2,-0.031238439729197598,False,2,0.0241;-0.0866
SOX10,-0.031225276209988828,False,2,-0.1294;0.0669
STX2,-0.031221473379714648,False,2,0.1222;-0.1847
TAF15,-0.031193586040713095,True,2,-0.0513;-0.0111
PCYT1A,-0.03117924972643038,False,2,0.0404;-0.1027
FAM222B,-0.03114878878604843,False,2,0.0328;-0.0951
VPS33B,-0.03114813547423867,True,2,-0.0505;-0.0118
COMT,-0.0311354213862145,False,2,-0.0728;0.0105
DNAH17,-0.031123574640383345,True,2,-0.0010;-0.0612
KBTBD11,-0.031107786214427224,True,2,-0.0157;-0.0466
DPP4,-0.03106995862383155,False,2,-0.0740;0.0119
NHLRC2,-0.031068075891874936,False,2,0.0384;-0.1005
DLGAP5,-0.031066144212322677,False,2,0.0419;-0.1040
LAMP3,-0.031037264507252416,False,2,-0.0739;0.0118
MIGA2,-0.031015545822730473,False,2,0.0083;-0.0704
ZFP62,-0.031009930817568754,False,2,0.0454;-0.1075
LGALS9,-0.031006208528392976,False,2,-0.0790;0.0169
ANKRD36,-0.03099618229431167,False,2,-0.1169;0.0549
MRPS9,-0.030995541660442272,False,2,-0.0657;0.0038
GPR107,-0.03098971013638363,False,2,0.1707;-0.2327
TIMM8A,-0.03094581305689298,True,2,-0.0315;-0.0304
AQP9,-0.03094229436595375,True,2,-0.0478;-0.0141
GNB5,-0.030940594428209844,True,2,-0.0415;-0.0204
NOL7,-0.030861329982217245,False,2,-0.2063;0.1446
APOOL,-0.030837458445451826,False,2,-0.1888;0.1271
PAWR,-0.030796892208961313,False,2,-0.0714;0.0098
C15orf39,-0.03079418436883119,True,2,-0.0377;-0.0239
CYSTM1,-0.03076219687898063,False,2,-0.0901;0.0285
ZNF124,-0.030747801722189827,False,2,-0.1254;0.0639
ITGAM,-0.030744867272100407,True,2,-0.0134;-0.0481
AAK1,-0.030684538813825157,False,2,-0.0629;0.0015
VPS4A,-0.030649067618444326,True,2,-0.0194;-0.0419
MYO15B,-0.030633432157836427,False,2,-0.1517;0.0904
ESD,-0.030612194720995578,False,2,0.0008;-0.0620
UNC50,-0.030592521142980722,False,2,-0.0990;0.0378
IQCG,-0.030559912010509338,True,2,-0.0020;-0.0591
CPNE3,-0.030548393992711365,False,2,-0.0871;0.0260
ALDH1A1,-0.03052306022758855,False,2,-0.1633;0.1023
ADH1B,-0.030520756352807155,True,2,-0.0468;-0.0143
ITGB5,-0.030516295032876006,False,2,0.0524;-0.1134
RIT1,-0.030498991400322972,False,2,0.0136;-0.0746
ANXA11,-0.030472191573686414,False,2,-0.0832;0.0223
TTN,-0.03046937565352026,True,2,-0.0432;-0.0177
CCNG1,-0.030405504882911993,True,2,-0.0069;-0.0540
MLN,-0.030378000901741364,False,2,-0.1448;0.0841
ADCK1,-0.030365588479516314,False,2,0.0218;-0.0825
NDUFB6,-0.0303499605602241,False,2,-0.0685;0.0078
INO80C,-0.030343700528975115,False,2,0.0558;-0.1165
HIST2H2AB,-0.030340186362087018,False,2,0.0391;-0.0998
TXLNG,-0.03033218923473091,True,2,-0.0488;-0.0119
ENC1,-0.030304649435174302,False,2,0.0166;-0.0772
POU6F1,-0.03028438542678069,False,2,0.0338;-0.0944
S100Z,-0.03026461684935844,False,2,-0.0678;0.0073
TRIM62,-0.03025535026902504,False,2,-0.0655;0.0050
HMX1,-0.030221218987100784,True,2,-0.0325;-0.0279
C2orf40,-0.03019442313368914,False,2,-0.0681;0.0077
SMIM14,-0.030176398734897525,False,2,-0.0634;0.0030
MTPN,-0.030148557761932593,False,2,-0.1434;0.0831
GTF2H4,-0.030144242180617176,True,1,-0.0301
HEYL,-0.030134679312308288,False,2,0.0488;-0.1090
PRRX1,-0.03012181602647912,False,2,-0.1185;0.0583
RCN2,-0.03011836544414659,False,2,-0.0938;0.0336
IGFBP3,-0.030114060424142775,False,2,-0.1688;0.1086
CYB561,-0.030104006510980053,True,2,-0.0077;-0.0526
TTC16,-0.030095600565703817,False,2,-0.1384;0.0782
CISD2,-0.030083916033840696,False,2,0.0147;-0.0749
PTPRCAP,-0.030075400447917955,False,2,0.0143;-0.0745
TAF9B,-0.030050702706262866,True,2,-0.0070;-0.0531
UBE2D4,-0.030034097225476064,False,2,0.0283;-0.0884
SORCS3,-0.03002806865664137,False,2,0.0335;-0.0935
MGLL,-0.029976645150295522,False,2,-0.0786;0.0187
KRT7,-0.029919006928974645,False,2,-0.1514;0.0915
ZNF578,-0.029915532833782787,False,2,-0.1318;0.0720
DCAF16,-0.029874962516574066,True,2,-0.0070;-0.0527
TTC30B,-0.029862093903434084,False,2,-0.2173;0.1576
JAGN1,-0.02983746835256529,False,2,0.1325;-0.1921
FCN1,-0.029835135603089646,False,2,0.1478;-0.2075
RIN1,-0.029828550064791515,True,2,-0.0173;-0.0423
ASIC3,-0.02981011978609327,False,2,-0.0602;0.0006
PRDM12,-0.02980149331327475,True,2,-0.0387;-0.0209
GAREM2,-0.029773185865225593,False,2,-0.1254;0.0659
LRRC32,-0.02975025938006781,False,2,-0.1767;0.1172
CUL4A,-0.02975014896397382,False,2,0.0888;-0.1483
ASMTL,-0.02970975650106844,False,2,0.0258;-0.0852
MOB3A,-0.029701642573414788,False,2,0.1264;-0.1858
RBL2,-0.029674702106737394,False,2,0.1052;-0.1646
TRAF7,-0.02966587405583959,False,2,0.0330;-0.0923
MACC1,-0.029660104621104022,True,2,-0.0242;-0.0351
IQCC,-0.029657684651743288,True,2,-0.0326;-0.0267
SLC40A1,-0.029650928089367423,False,2,0.0128;-0.0721
MICAL1,-0.02964475052358151,False,2,-0.0966;0.0373
MRPL40,-0.029616190367448725,True,2,-0.0316;-0.0276
MAMDC4,-0.029615823903975436,False,2,-0.1551;0.0959
MTIF2,-0.02957726099048341,False,2,0.0449;-0.1040
ZDHHC21,-0.029558112363566313,True,2,-0.0127;-0.0465
YPEL2,-0.029554214183377503,False,2,0.0238;-0.0829
WNT7A,-0.029529129863646753,False,2,-0.1121;0.0530
ATXN2,-0.029521297071615826,True,2,-0.0119;-0.0471
SYTL3,-0.02948887138986378,True,2,-0.0452;-0.0138
SLC22A18,-0.029475429276158482,False,2,0.0300;-0.0889
PARP12,-0.029475110527021897,True,2,-0.0398;-0.0191
GCA,-0.029464648865704712,True,2,-0.0253;-0.0336
ZMAT1,-0.029462663292041946,False,2,-0.1067;0.0478
HASPIN,-0.029385371446652875,False,2,0.0057;-0.0645
DLX5,-0.0293682256350144,True,2,-0.0350;-0.0237
NPIPB5,-0.029316608969832014,False,2,-0.1968;0.1381
CCNE2,-0.02929754123928996,True,2,-0.0466;-0.0120
TRPV2,-0.029291849638447165,False,2,0.0551;-0.1137
TMEM206,-0.029288479017381075,True,2,-0.0552;-0.0034
ZNF296,-0.029272178980183305,False,2,0.0125;-0.0710
PRXL2C,-0.029264279233472745,False,2,-0.0703;0.0118
RBM4B,-0.029241937106347593,False,2,-0.1725;0.1140
LEMD2,-0.029206837153791188,False,2,0.0881;-0.1465
SERPINF1,-0.029191380220956742,False,2,0.0290;-0.0874
RAB3GAP2,-0.029191339078258882,True,2,-0.0150;-0.0434
TSPAN31,-0.029189166014162216,False,2,0.0896;-0.1480
YWHAB,-0.02918834600980058,True,2,-0.0409;-0.0175
SDF4,-0.029174100718892815,True,2,-0.0453;-0.0130
SLC35E2B,-0.029170151358821894,False,2,0.0245;-0.0829
SLC25A6,-0.0291493385878151,False,2,-0.1139;0.0556
HLA-A,-0.029144812176772616,True,2,-0.0070;-0.0512
ACVR2B,-0.029129000534732552,False,2,-0.1376;0.0794
S1PR5,-0.029114334813844622,False,2,-0.0761;0.0178
FLOT1,-0.02903263054584726,True,2,-0.0330;-0.0250
ZRANB1,-0.029021397648380964,False,2,0.0364;-0.0944
MICA,-0.029017468654096934,False,2,-0.1525;0.0945
NINJ2,-0.02900157139347992,False,2,-0.1223;0.0643
SIX6,-0.028993989842035606,True,2,-0.0482;-0.0098
OCIAD2,-0.028992849100262008,False,2,-0.1753;0.1173
DST,-0.02898359390504024,True,2,-0.0531;-0.0049
KIR3DL2,-0.028981926342974418,True,2,-0.0051;-0.0529
SOS1,-0.02897138593497328,False,2,0.0223;-0.0802
FOXD1,-0.02896914323655142,False,2,-0.0659;0.0080
LST1,-0.028915751612754503,True,2,-0.0151;-0.0428
PLPP6,-0.028912281753491254,False,2,0.0755;-0.1333
RPL11,-0.028907555626006554,False,2,-0.1279;0.0701
CCT7,-0.028859160581709453,True,1,-0.0289
GPR18,-0.028841136317455662,False,2,-0.0686;0.0109
EEF1D,-0.028831972868716305,True,2,-0.0573;-0.0003
MIEF2,-0.02882834211124441,False,2,0.1240;-0.1816
APOBEC3H,-0.02882818314101354,True,2,-0.0204;-0.0373
ABT1,-0.028804692416508904,False,2,0.0790;-0.1366
PSMB8,-0.028764489197166787,False,2,0.1390;-0.1965
FAM111A,-0.028761766262347277,False,2,-0.0588;0.0012
RNF212,-0.02872417607889466,True,2,-0.0155;-0.0420
EMC1,-0.028717900013364828,False,2,-0.2780;0.2206
GADD45B,-0.028707308779742757,False,2,0.0269;-0.0843
ESAM,-0.028702377839775584,True,2,-0.0268;-0.0306
CEMIP,-0.028688900773885917,False,2,0.0234;-0.0808
DNAJA2,-0.02866998775345564,True,2,-0.0455;-0.0118
YKT6,-0.028654411462250784,True,1,-0.0287
LLPH,-0.028650526611714078,False,2,-0.0902;0.0329
RGS16,-0.0286414919983366,False,2,0.0227;-0.0799
CDC42BPG,-0.02862920159882454,False,2,-0.2202;0.1630
SLC35E2A,-0.0286077798340979,False,2,0.0295;-0.0867
DISC1,-0.028594577053918546,True,2,-0.0383;-0.0189
RHOC,-0.028584639725725336,False,2,-0.0695;0.0123
FAM124B,-0.028577987664764493,False,2,0.0461;-0.1032
MYB,-0.02854464887552921,False,2,-0.1511;0.0940
EEF1B2,-0.028544081959636092,False,2,-0.0814;0.0243
HP1BP3,-0.028531602747403184,False,2,0.0014;-0.0585
DNAJB9,-0.02851761208616993,False,2,0.0694;-0.1264
LEF1,-0.028485200265004007,False,2,0.0901;-0.1471
HADHB,-0.028480357776537235,False,2,-0.1993;0.1423
NPIPB4,-0.02847505815144813,False,2,-0.0917;0.0348
PRMT5,-0.028472722669611872,False,2,0.1919;-0.2489
SIDT2,-0.02846773560510707,True,2,-0.0521;-0.0048
C3AR1,-0.028466282333875603,True,2,-0.0352;-0.0217
DHX40,-0.02846329498227801,True,2,-0.0122;-0.0448
NLGN3,-0.02843074349182262,False,2,-0.1931;0.1363
MEF2C,-0.028426447961823254,False,2,-0.1266;0.0697
BIVM,-0.02841612838187385,True,2,-0.0286;-0.0282
TIMP3,-0.028412301823669495,True,2,-0.0295;-0.0273
ARHGAP25,-0.028365128437917997,True,2,-0.0182;-0.0386
SCML2,-0.0283398177332993,False,2,-0.2005;0.1438
ITGA1,-0.02829398222804025,False,2,-0.1282;0.0716
CCNY,-0.028277240684455307,False,2,0.0390;-0.0955
RIDA,-0.02827031375625827,False,2,0.1372;-0.1937
BRCC3,-0.028254333561291367,False,2,-0.0701;0.0136
MYO1C,-0.028246636113189227,True,2,-0.0155;-0.0410
DYNLL2,-0.02823286811900605,False,2,-0.2207;0.1642
SLC27A2,-0.028231662997990292,False,2,-0.1251;0.0687
UBQLN2,-0.028218719071068987,False,2,0.0003;-0.0568
CLIC3,-0.02819214258873559,False,2,0.0443;-0.1007
MIXL1,-0.028185143978046,False,2,0.0635;-0.1199
ZNF764,-0.028181738782027232,False,2,0.0262;-0.0825
PRKACB,-0.02814983072371402,True,2,-0.0191;-0.0372
CH25H,-0.028138950581203304,False,2,-0.1985;0.1422
AKAP17A,-0.028086171355029,False,2,-0.0789;0.0227
GPR34,-0.028037128728840344,False,2,-0.1701;0.1141
ABCA5,-0.028030245066165416,False,2,0.0521;-0.1081
UCP2,-0.028027222125296847,False,2,-0.0629;0.0068
SYNJ1,-0.028016190207087455,False,2,0.0473;-0.1034
TTLL4,-0.028015354357496525,False,2,0.0204;-0.0764
PPARA,-0.028015117441389403,False,2,-0.0603;0.0042
TNFRSF18,-0.028003568196720452,False,2,0.0197;-0.0757
HIC2,-0.027991755859229195,True,2,-0.0473;-0.0087
ZNF24,-0.027976437296221235,True,2,-0.0545;-0.0014
RAP1GAP2,-0.02796213706877254,False,2,0.0835;-0.1394
CA2,-0.027936946253434403,True,2,-0.0190;-0.0368
FAHD2B,-0.027883170376655775,False,2,-0.1229;0.0671
CARHSP1,-0.027867027461142113,False,2,-0.1149;0.0592
CASP7,-0.027860121897786527,True,2,-0.0362;-0.0196
EDAR,-0.027817800113069557,True,2,-0.0468;-0.0088
IL17RA,-0.02779408916270254,False,2,0.0320;-0.0876
TBC1D7,-0.027782813344298773,False,2,-0.1073;0.0518
SLC35E4,-0.027776424940138267,False,2,0.0079;-0.0635
BAD,-0.027769974789454088,False,2,0.0915;-0.1470
NUDT17,-0.02767582413926062,True,2,-0.0435;-0.0118
GAS8,-0.0276686210511779,True,2,-0.0251;-0.0302
ZNF398,-0.027652851463387806,False,2,-0.1740;0.1187
IRF1,-0.02763550602657805,False,2,-0.0691;0.0138
GRPEL2,-0.02762049998833427,False,2,-0.0851;0.0299
RFX5,-0.027603982644217706,False,2,-0.1195;0.0643
WDR89,-0.02759613898251978,False,2,0.0251;-0.0802
DNAAF5,-0.027575909626818218,True,2,-0.0034;-0.0518
CTNS,-0.027568543043518634,True,2,-0.0447;-0.0104
CAMK1,-0.02756630081669198,True,2,-0.0045;-0.0506
SLCO3A1,-0.027564413207244565,False,2,-0.1218;0.0667
UBAP2,-0.027486240058477995,True,2,-0.0079;-0.0471
SMPD4,-0.02747805483522714,False,2,0.0878;-0.1427
CCR7,-0.027459132103211936,False,2,-0.0894;0.0345
HOOK3,-0.027455033509008242,True,2,-0.0298;-0.0251
CTDSPL,-0.027420568566575487,True,2,-0.0338;-0.0210
PAIP2B,-0.02735361129464836,True,2,-0.0204;-0.0343
NACC2,-0.027335875933297227,False,2,-0.0627;0.0080
AIRE,-0.027320884735113737,False,2,-0.0993;0.0446
ZNF680,-0.027272188915760776,False,2,-0.1018;0.0473
SNX6,-0.027268059296510105,True,2,-0.0269;-0.0277
IL5,-0.02724509221815191,False,2,0.1474;-0.2019
NPIPA1,-0.027244757778492112,False,2,-0.1152;0.0607
CRLF3,-0.02723762860139467,False,2,-0.1081;0.0537
CSTA,-0.027224797907984266,False,2,-0.1547;0.1003
NOL8,-0.027218151500369436,False,2,0.0581;-0.1126
VIPR2,-0.027215674231203746,False,2,-0.0890;0.0346
ZNF787,-0.027196812813746307,False,2,-0.0624;0.0080
CACNA1D,-0.027173759108799267,False,2,-0.0551;0.0008
IFFO2,-0.027171063989335775,True,2,-0.0490;-0.0053
ZNF783,-0.027167784261257544,False,2,-0.1355;0.0812
ZC3H14,-0.02715807203574505,True,2,-0.0287;-0.0256
FBXO43,-0.027152674652121733,True,2,-0.0161;-0.0382
DCUN1D4,-0.027133969883268994,False,2,0.0093;-0.0636
MBD6,-0.02713232628553358,False,2,0.0673;-0.1216
PDZD8,-0.027113487442404716,False,2,-0.1859;0.1316
C11orf95,-0.02709144167929145,False,2,-0.0832;0.0290
PABPC1L,-0.0270852852390272,False,2,-0.0654;0.0112
ADAMTS1,-0.027079375494342695,False,2,-0.1798;0.1256
CENPX,-0.027066061704153266,False,2,-0.1598;0.1057
CCDC88C,-0.027045535712895696,False,2,-0.1078;0.0537
CTH,-0.027038269226430156,True,2,-0.0166;-0.0375
MTMR10,-0.027018908879345882,False,2,0.0017;-0.0558
NEO1,-0.027006237450664272,False,2,0.0877;-0.1417
FTO,-0.026983972779008214,True,2,-0.0526;-0.0013
GFOD2,-0.026972725297331857,False,2,-0.1223;0.0683
TMEM167B,-0.026948220956865443,False,2,-0.0567;0.0029
ATP8B2,-0.026915269173353407,True,2,-0.0170;-0.0368
DENND5A,-0.026858331754674225,False,2,-0.0687;0.0150
CXCL11,-0.026793520495336898,False,2,0.1572;-0.2107
RAPGEFL1,-0.026741887190994573,False,2,-0.0554;0.0019
ARIH2OS,-0.026727843170986088,False,2,0.0828;-0.1362
CBLN3,-0.026707099262364642,False,2,0.0325;-0.0859
CCDC77,-0.026706955641193242,True,2,-0.0012;-0.0522
ILDR2,-0.026705931061237254,False,2,0.0021;-0.0555
PHOX2A,-0.026678063418056897,True,2,-0.0524;-0.0010
PTER,-0.0266728388170816,False,2,0.0342;-0.0876
GOLGA2,-0.02666171901167419,False,2,0.0713;-0.1247
ANKRD54,-0.026641941576733497,False,2,-0.0629;0.0096
TRIM46,-0.026635030780565172,True,2,-0.0052;-0.0480
ALOX12,-0.026632186984589634,False,2,0.0023;-0.0555
NGRN,-0.026613028670597838,False,2,0.0624;-0.1157
GALC,-0.026593771403575717,False,2,0.0584;-0.1116
NAP1L3,-0.026590522859550103,True,2,-0.0529;-0.0003
PLP2,-0.02651172290204018,False,2,0.0312;-0.0842
NUDT7,-0.02650060995989273,False,2,0.0269;-0.0799
C9orf16,-0.02648265315030851,False,2,-0.0777;0.0248
ACADVL,-0.026480874509082764,False,2,0.0950;-0.1479
REEP6,-0.026458387834917996,False,2,0.0145;-0.0674
COX11,-0.02644986118730236,False,2,0.1638;-0.2167
SAMD9L,-0.02644174388097542,False,2,0.0847;-0.1376
SETD6,-0.026376386041106037,False,2,0.0345;-0.0872
TMEM50A,-0.026368633865327562,True,2,-0.0216;-0.0311
CLPP,-0.026354519939653154,False,2,0.0957;-0.1484
SPAG4,-0.02632521299035795,False,2,-0.1038;0.0511
MOCS2,-0.026269732100172694,True,2,-0.0327;-0.0199
CD300E,-0.02625690548215076,False,2,-0.0976;0.0451
MID2,-0.026255608370084227,False,2,-0.0946;0.0421
DPYSL4,-0.026254569166370367,True,2,-0.0510;-0.0015
SH3TC1,-0.026235372066055918,True,2,-0.0177;-0.0347
TNFAIP6,-0.0262106639766162,False,2,-0.0685;0.0161
AIF1,-0.026201943180286236,False,2,-0.1361;0.0837
TVP23A,-0.02619234557524308,False,2,-0.1669;0.1145
SMCO4,-0.026176826607290926,False,2,-0.1027;0.0503
ANKHD1-EIF4EBP3,-0.02616709968044839,False,2,0.0363;-0.0887
FNDC3B,-0.026115706768549962,False,2,0.1420;-0.1943
MYH9,-0.026071260827919218,True,2,-0.0499;-0.0022
USP9X,-0.02599699428522345,False,2,0.0275;-0.0795
RNF20,-0.025996025464035455,False,2,0.0056;-0.0576
CISD3,-0.02597576109327704,False,2,0.0202;-0.0722
HES6,-0.025965151780592166,False,2,0.1443;-0.1962
POU4F2,-0.025952372019085734,True,2,-0.0063;-0.0456
FASTKD2,-0.025883388689432518,False,2,-0.0764;0.0246
MRPL28,-0.02583951084499192,False,2,-0.0641;0.0124
SLC35C2,-0.02583593876001533,True,2,-0.0488;-0.0029
CLEC2D,-0.025829219007761917,False,2,-0.0882;0.0366
PPP6R2,-0.025811169227243025,False,2,0.0490;-0.1006
ZNF346,-0.02580003975324119,False,2,0.0639;-0.1155
CYB561D2,-0.025766268860919095,False,2,0.0053;-0.0568
HIPK3,-0.02575160110754726,False,2,-0.1527;0.1012
TXNDC17,-0.02574350615122961,False,2,0.0401;-0.0916
CDKL1,-0.025730055769721427,True,2,-0.0167;-0.0347
IER3,-0.025723700675364447,False,2,-0.0721;0.0207
VPS25,-0.02568806175942634,False,2,0.1265;-0.1779
TM7SF3,-0.025649379788314386,False,2,-0.0904;0.0391
VPS26C,-0.02562177439149349,False,2,-0.1152;0.0639
MACF1,-0.025618089089108564,False,2,0.0349;-0.0861
GRHL3,-0.025606341828119217,False,2,0.0873;-0.1385
PEG3,-0.025593137009596922,False,2,0.1420;-0.1932
AGTPBP1,-0.02558778733574807,False,2,-0.0629;0.0118
SLC23A1,-0.02555803698169168,False,2,-0.0656;0.0145
SSNA1,-0.02551307115555429,False,2,0.0962;-0.1473
TIMM10,-0.02550314376339602,False,2,-0.0672;0.0161
WDR36,-0.025488836817444627,True,1,-0.0255
KIAA1147,-0.02548883045459005,False,2,0.0340;-0.0850
CNOT11,-0.025473574877612704,False,2,0.0018;-0.0528
MYT1L,-0.025473300159716605,True,2,-0.0277;-0.0233
IRF9,-0.025472464128569627,False,2,-0.0714;0.0205
ZNF681,-0.02545800923528818,True,2,-0.0502;-0.0008
CYP27B1,-0.025428322535944736,False,2,-0.1058;0.0549
TFF3,-0.02542595987411378,False,2,-0.1193;0.0684
MTMR4,-0.025361773635835694,True,2,-0.0221;-0.0287
ZNF233,-0.02532818449966423,True,2,-0.0098;-0.0409
CCDC17,-0.02532637465476817,False,2,0.0780;-0.1287
ZNF492,-0.025318374479777805,True,2,-0.0221;-0.0286
MMP17,-0.025302741962633934,False,2,-0.0538;0.0032
SELENOS,-0.025256748423100217,False,2,-0.1099;0.0594
FKBP8,-0.025235957874914616,False,2,-0.0654;0.0150
CARD19,-0.025218160518278743,False,2,0.0245;-0.0749
NMRK1,-0.02520111222107968,False,2,-0.0642;0.0138
CACFD1,-0.025171026232371163,False,2,0.0199;-0.0703
ARHGAP26,-0.02516621184823198,False,2,-0.2092;0.1589
CLCC1,-0.02514581217566092,False,2,-0.0762;0.0259
AKAP12,-0.025133581124713977,False,2,-0.1377;0.0874
ZNF737,-0.025132880250667233,False,2,0.0441;-0.0944
CHST7,-0.025081791116836227,True,2,-0.0181;-0.0321
DSE,-0.025078106704569225,False,2,-0.0708;0.0206
TNFRSF11A,-0.02507520621411652,False,2,-0.0956;0.0455
TANC2,-0.025055540744964577,False,2,0.0054;-0.0555
KDELR2,-0.02505003348807977,False,2,0.1093;-0.1594
SLC25A53,-0.02503797599796065,True,2,-0.0258;-0.0242
THYN1,-0.02503648681296672,True,2,-0.0216;-0.0284
SGF29,-0.025023284843825988,False,2,0.0467;-0.0967
STX1A,-0.02496394268670099,False,2,-0.0890;0.0390
HOMEZ,-0.024938186376454896,False,2,0.0645;-0.1144
TTC5,-0.024871049155075986,True,2,-0.0402;-0.0096
CENPU,-0.02486609377184479,False,2,0.0047;-0.0545
AZGP1,-0.024860239567860154,False,2,0.0603;-0.1101
GOLT1B,-0.0248413603737051,False,2,0.0038;-0.0535
BNC1,-0.02483239926146852,False,2,-0.0509;0.0012
HMGXB4,-0.024812611447408317,False,2,-0.0574;0.0078
ATP5PD,-0.0247636821151751,False,2,-0.1488;0.0993
RELT,-0.02476147288768732,False,2,0.0354;-0.0849
VPS13A,-0.024760152472965757,False,2,0.0687;-0.1183
GOLGA7B,-0.02472455209621882,False,2,0.2135;-0.2629
SNTB2,-0.024721485738418147,False,2,0.1191;-0.1685
GFPT2,-0.024691598366345602,True,2,-0.0269;-0.0225
ZNF571,-0.024691361985647253,False,2,-0.0807;0.0313
SRSF6,-0.02467617096449115,True,2,-0.0408;-0.0086
NFIB,-0.02465107501706898,False,2,-0.1685;0.1192
PPARGC1B,-0.024616941990934893,False,2,0.1292;-0.1784
LYSMD2,-0.024600299752638444,False,2,0.0409;-0.0901
THAP6,-0.024593144510868914,False,2,0.1378;-0.1870
LGALS8,-0.024588594881661874,False,2,-0.0526;0.0034
PLEKHF1,-0.02457473691940948,True,2,-0.0243;-0.0249
MCTS1,-0.024565205884084118,False,2,0.1122;-0.1613
YIPF2,-0.02451316647386481,True,2,-0.0268;-0.0222
ZSCAN20,-0.024504568949443417,False,2,-0.0943;0.0453
MAP3K9,-0.02450371589243583,False,2,0.0935;-0.1425
CCDC28A,-0.024491603486185176,False,2,-0.0855;0.0366
ACADSB,-0.024457746849586293,False,2,0.0690;-0.1180
ELOVL4,-0.02445681690522583,True,2,-0.0412;-0.0077
LGALS12,-0.024436479513853637,True,2,-0.0058;-0.0431
SCRG1,-0.02442252513646681,False,2,-0.0859;0.0371
UBE2T,-0.024362658266635417,False,2,0.0152;-0.0639
ZNF385B,-0.024295476876207256,True,2,-0.0395;-0.0091
CD63,-0.02428596084555462,False,2,0.0443;-0.0929
HAUS2,-0.024268171727224785,False,2,0.4697;-0.5182
ARAP3,-0.024268133564968153,False,2,-0.0958;0.0472
ZNF415,-0.024263993816953766,False,2,-0.1077;0.0592
NCF4,-0.02420297003161581,True,2,-0.0056;-0.0428
PPP2R3C,-0.024187962777296734,True,2,-0.0228;-0.0255
PDZD4,-0.024184854631042807,False,2,-0.1416;0.0932
RTRAF,-0.02417895489833949,True,2,-0.0151;-0.0333
BCAP29,-0.02417651707382701,True,2,-0.0114;-0.0370
JADE2,-0.02416523819130656,False,2,-0.0680;0.0197
C3orf58,-0.024162721329216263,False,2,-0.0777;0.0294
SUB1,-0.024145700847206353,False,2,-0.0864;0.0381
MRPS28,-0.024129754991002117,True,2,-0.0235;-0.0247
CATSPERG,-0.024126674874985876,True,2,-0.0363;-0.0120
ASB2,-0.024040943274250548,True,2,-0.0110;-0.0371
ADSL,-0.024039048960873666,False,2,0.1776;-0.2257
VBP1,-0.024016208982914122,False,2,-0.0841;0.0361
FBXL16,-0.02401232080434773,False,2,0.0367;-0.0847
CCR4,-0.023984760807057526,False,2,0.0419;-0.0898
DSEL,-0.023976797660160587,False,2,-0.2261;0.1782
C2CD5,-0.023897694238725176,False,2,0.0336;-0.0814
HTN3,-0.023822606296863114,False,2,0.0042;-0.0518
SMIM8,-0.023806928805373273,False,2,-0.0829;0.0353
TRIM58,-0.02378383961917152,False,2,-0.0553;0.0077
AGBL5,-0.023775927962335575,False,2,0.1236;-0.1711
TMEM54,-0.023773051154394875,False,2,0.0787;-0.1263
FSD1L,-0.0237665653187511,False,2,-0.0487;0.0012
LIN7C,-0.023765224556482334,True,2,-0.0249;-0.0226
ERO1B,-0.023748534458727932,False,2,-0.1070;0.0595
PMS2,-0.023744117117043495,False,2,-0.1938;0.1463
FBN3,-0.023733388054226312,True,2,-0.0396;-0.0079
CYR61,-0.02364128090019113,False,2,0.0825;-0.1297
PSME2,-0.023632672722100068,False,2,0.0816;-0.1289
CHPT1,-0.023632205556481045,False,2,-0.0530;0.0058
SNRPA,-0.0236185850930698,False,2,-0.0872;0.0399
TK1,-0.023608963739630007,False,2,0.0867;-0.1339
KLHL26,-0.023582044010342362,False,2,0.0811;-0.1282
TMEM192,-0.023575050406928533,True,2,-0.0056;-0.0415
HCFC1R1,-0.023547068988595043,False,2,-0.0916;0.0445
FAM78B,-0.02353136419843249,False,2,-0.0604;0.0133
CRYBG3,-0.02348716491283126,True,2,-0.0070;-0.0399
CYSLTR1,-0.02345412501543298,False,2,-0.0990;0.0521
COLGALT1,-0.02341954877906033,False,2,0.0289;-0.0757
C2orf88,-0.02338361807114936,False,2,0.1052;-0.1519
WDR11,-0.02330492510061455,True,2,-0.0295;-0.0171
FARP1,-0.023276517130428664,False,2,-0.0500;0.0034
MUC3A,-0.02326848742614568,False,2,0.0065;-0.0531
SMARCA1,-0.023228574162457716,True,2,-0.0408;-0.0056
ARHGAP10,-0.023224329404995248,False,2,0.0399;-0.0863
LAMB1,-0.023215772735063367,False,2,0.0115;-0.0579
RGCC,-0.0232067037104029,False,2,-0.1828;0.1364
PANK3,-0.023180080346997145,False,2,-0.0525;0.0062
CUX2,-0.023149532908123605,False,2,-0.1008;0.0545
SLC25A10,-0.02314315646170062,False,2,-0.1708;0.1245
MVB12A,-0.023122569649865365,False,2,-0.0766;0.0304
COX7A2L,-0.02309328805381694,True,2,-0.0292;-0.0170
ALX3,-0.023082745881840117,False,2,0.0053;-0.0515
CDK7,-0.02307369511662316,False,2,-0.1041;0.0580
MCF2L,-0.02305915526886393,False,2,-0.1386;0.0925
GOLM1,-0.02303682289644704,False,2,-0.0840;0.0380
DGCR2,-0.023033656017606707,False,2,0.1659;-0.2120
GBP4,-0.023028741021298538,False,2,0.0524;-0.0984
WRAP53,-0.023000952144441367,True,2,-0.0152;-0.0308
TP53TG5,-0.022983859658811112,True,2,-0.0322;-0.0137
RASAL3,-0.02296655971796635,False,2,-0.1014;0.0554
PCNX2,-0.022962932749658327,False,2,-0.0626;0.0167
LBX1,-0.022945866744427612,True,2,-0.0061;-0.0398
BRD2,-0.022942748682036274,False,2,-0.0960;0.0502
RPL39L,-0.02293423899846303,False,2,-0.1477;0.1019
HTN1,-0.022931444081628394,False,2,-0.1154;0.0696
TTLL3,-0.02291391238147522,False,2,0.0790;-0.1248
CEP128,-0.022903153912731455,True,2,-0.0335;-0.0123
MNDA,-0.022896427708300193,True,2,-0.0189;-0.0269
CCNB2,-0.022834915908022002,False,2,0.0098;-0.0555
GRK3,-0.022830022793446703,False,2,-0.0624;0.0167
ERG,-0.022823165117206612,False,2,-0.0816;0.0360
PRPF3,-0.022810891998134464,True,1,-0.0228
JAML,-0.022785852363790937,False,2,-0.0515;0.0059
DCAF1,-0.022778235378257405,False,2,-0.1077;0.0621
NECTIN1,-0.02273394703151177,False,2,-0.0694;0.0239
FAM50B,-0.022728078684651043,False,2,0.0185;-0.0640
CSRNP3,-0.022714717486524427,False,2,0.0518;-0.0972
ZNF211,-0.022670981471034857,True,2,-0.0388;-0.0065
PRKD2,-0.022622048315533494,False,2,-0.1076;0.0623
ZNF44,-0.02260458895372275,False,2,-0.1327;0.0875
RELL1,-0.022552599389361883,True,2,-0.0180;-0.0271
RGPD2,-0.022550997835452447,False,2,-0.0555;0.0104
PRDM9,-0.02251726007616417,False,2,-0.1048;0.0598
MGP,-0.02248888672530769,True,2,-0.0283;-0.0167
DIP2C,-0.022457587338175378,False,2,-0.0507;0.0058
LXN,-0.02245575231874486,False,2,-0.0705;0.0256
TGFBR3,-0.022448533738382848,False,2,-0.0749;0.0300
CCDC117,-0.022435043158779255,True,2,-0.0147;-0.0301
EHMT1,-0.02242278177195911,False,2,-0.1186;0.0737
TIGIT,-0.022421386825181022,False,2,0.0702;-0.1151
NECTIN3,-0.022417863229575563,False,2,0.0218;-0.0666
ECI1,-0.022370889468779964,False,2,-0.0449;0.0001
SRPK2,-0.02235626240927091,True,2,-0.0153;-0.0294
U2AF1L4,-0.022355134672836452,False,2,-0.2468;0.2021
GANC,-0.02234022330271035,False,2,-0.1242;0.0795
ZNF675,-0.02230978070887457,False,2,0.0811;-0.1257
KIT,-0.022292631247303074,False,2,-0.0510;0.0064
ZNF132,-0.022253810059405743,False,2,-0.1147;0.0702
ZNF699,-0.022242630952460207,False,2,0.0818;-0.1263
RBM45,-0.02223084846673995,False,2,-0.0580;0.0135
KANK1,-0.02222387249350355,False,2,-0.0790;0.0346
BCLAF3,-0.02222336919981227,False,2,-0.0536;0.0091
KCNC4,-0.022215323957628763,False,2,0.0009;-0.0454
DDX59,-0.022215122104781104,False,2,0.1221;-0.1665
LYG1,-0.022181238366284717,False,2,-0.1029;0.0585
C1orf123,-0.02218011362140404,False,2,-0.1856;0.1412
TPRA1,-0.022143460682707894,False,2,0.0734;-0.1177
GNG2,-0.02213751881817272,False,2,-0.1037;0.0595
SFSWAP,-0.022127880682182965,True,2,-0.0418;-0.0025
CDO1,-0.022117011152384847,False,2,0.0154;-0.0596
WTAP,-0.022081556340117214,True,2,-0.0193;-0.0249
ISYNA1,-0.02203711086367033,False,2,-0.0900;0.0459
ACTB,-0.022029191209140597,False,2,0.0146;-0.0587
NDEL1,-0.02202522632361198,False,2,0.0539;-0.0979
CMPK2,-0.022008389295738173,False,2,0.0044;-0.0484
SRSF4,-0.02196342061972345,False,2,0.0196;-0.0635
UBP1,-0.0219431808178997,False,2,0.0882;-0.1321
THRA,-0.021938905801207498,False,2,0.0277;-0.0715
ZNF544,-0.021933800863081665,False,2,0.0067;-0.0505
HNRNPH3,-0.02192784846707002,False,2,0.0914;-0.1353
HSD17B7,-0.0219225821379343,False,2,0.0294;-0.0732
ZSWIM6,-0.02190575537473094,True,2,-0.0353;-0.0085
STK39,-0.021882930094312414,False,2,-0.2192;0.1754
ANGPTL6,-0.02184020625956018,False,2,-0.1180;0.0743
AUH,-0.02182443943456258,True,2,-0.0213;-0.0224
USF2,-0.02176083037157095,False,2,0.0375;-0.0810
NFS1,-0.02167744726532639,False,2,-0.1533;0.1100
RRAD,-0.021668244035329742,False,2,-0.1222;0.0788
SNX1,-0.021663551474051246,False,2,0.0353;-0.0786
ZNF208,-0.02165705600945622,True,2,-0.0247;-0.0186
ZNF79,-0.02163396330443368,False,2,-0.0918;0.0486
TTL,-0.02160905149493375,True,2,-0.0387;-0.0045
PTPN9,-0.021603290193758062,False,2,0.1272;-0.1704
TMEM123,-0.021572479257888966,False,2,0.0926;-0.1357
STX3,-0.021555976800963883,False,2,-0.2564;0.2133
SETD1A,-0.02155148712068561,False,2,0.1565;-0.1996
FOXD4L3,-0.021516331936250133,False,2,-0.0744;0.0314
FOXM1,-0.02151405847979937,False,2,-0.1356;0.0926
PDHX,-0.021496970661886716,False,2,-0.0491;0.0061
CMTM7,-0.02149618826172006,True,2,-0.0339;-0.0091
RTTN,-0.021460549799868223,False,2,-0.2789;0.2360
C17orf51,-0.02146004000945223,False,2,0.0299;-0.0728
ZCCHC7,-0.021449426902875823,True,2,-0.0010;-0.0419
AKR1E2,-0.02137959111047605,True,2,-0.0306;-0.0121
ARC,-0.021368493935279065,False,2,-0.1978;0.1551
CXCR5,-0.021351842853820857,False,2,0.0115;-0.0542
SENP7,-0.021346850434252662,False,2,0.0461;-0.0888
CYP20A1,-0.021302400000713484,False,2,-0.0657;0.0231
CLCN2,-0.021301017155231194,False,2,0.0491;-0.0917
NLK,-0.02129228794842347,False,2,0.1864;-0.2289
ZSCAN10,-0.021284752142953667,True,2,-0.0245;-0.0180
TAB3,-0.021271845194502093,False,2,-0.1196;0.0770
DNAJC10,-0.021250302021649903,False,2,-0.0799;0.0374
ANKRD13A,-0.02124805279104136,False,2,-0.1219;0.0794
PARS2,-0.02116113986117535,True,2,-0.0061;-0.0362
C16orf74,-0.02115149383121051,False,2,-0.1333;0.0910
HERC6,-0.021112391164741506,False,2,-0.1301;0.0878
THUMPD3,-0.02107881554569807,False,2,0.0349;-0.0770
CHI3L2,-0.021075021467161226,False,2,0.0884;-0.1305
BTBD7,-0.02107466598734775,False,2,-0.0437;0.0016
LETM2,-0.021053627926465812,False,2,-0.1168;0.0747
ABHD13,-0.021031424689139544,False,2,0.0040;-0.0461
P2RY10,-0.020981649512594402,True,2,-0.0260;-0.0159
PWWP2B,-0.020942904351208824,False,2,-0.0908;0.0489
PAQR3,-0.020941771660473008,False,2,0.0470;-0.0889
KLF6,-0.020926937393196066,False,2,-0.0497;0.0078
TMEM116,-0.020906362457406957,False,2,-0.1858;0.1440
STAM,-0.02090231595383296,False,2,-0.1125;0.0707
C1orf216,-0.02087721152392824,False,2,0.0311;-0.0728
TMEM176B,-0.02080375930441758,False,2,-0.1235;0.0819
PFKFB2,-0.020798368412218105,False,2,0.0794;-0.1210
RPS27L,-0.02077071840813638,False,2,0.0192;-0.0607
LYSMD1,-0.02077066411068912,True,2,-0.0081;-0.0334
IDI1,-0.020760521343696547,False,2,-0.2490;0.2075
ZSCAN1,-0.020744480118079722,False,2,-0.0809;0.0394
CLIC1,-0.020695905850859786,False,2,-0.1689;0.1275
IL13,-0.02067672897462558,False,2,0.0881;-0.1295
NAT9,-0.020659302648017186,True,2,-0.0136;-0.0277
ASL,-0.02065210834920761,True,2,-0.0375;-0.0038
IPO8,-0.020650329920573918,False,2,0.1296;-0.1709
ZNF781,-0.0206408506053134,True,2,-0.0307;-0.0106
ITGA2B,-0.020634736605094295,True,2,-0.0061;-0.0352
RASSF7,-0.02054514756073711,False,2,-0.1173;0.0762
SCMH1,-0.020544036382353026,False,2,0.0489;-0.0900
ABR,-0.020503850086134867,False,2,-0.0918;0.0508
LEAP2,-0.0204405494255947,False,2,-0.0540;0.0132
CCDC106,-0.02043255545080208,False,2,0.0524;-0.0932
LIX1L,-0.020420495003162675,True,2,-0.0306;-0.0102
BEX4,-0.020395708312043626,False,2,-0.1188;0.0780
SGO2,-0.02035424078773096,False,2,-0.0518;0.0111
SERTAD3,-0.020350072795795704,False,2,-0.0652;0.0245
PGM1,-0.020295590514139983,False,2,-0.2802;0.2396
PDX1,-0.020290799778681645,False,2,-0.1285;0.0879
THBS4,-0.02026095512314252,False,2,-0.0651;0.0246
COX10,-0.020249309458986953,False,2,-0.0894;0.0489
SLC2A14,-0.020174415118319466,False,2,0.0273;-0.0676
MCM3,-0.020171039169543326,True,1,-0.0202
MAIP1,-0.020155353868901105,True,2,-0.0099;-0.0304
BHLHE40,-0.02014561177370361,False,2,0.0036;-0.0439
C11orf98,-0.02012486376929634,False,2,-0.0726;0.0323
GYG1,-0.02011040683552545,False,2,-0.0595;0.0193
PRCC,-0.020106869346828093,False,2,0.0057;-0.0459
TGFBR2,-0.020104042577935355,False,2,0.0208;-0.0610
SLC25A25,-0.020103777308443982,False,2,0.0244;-0.0646
NKD2,-0.020068717709530226,False,2,-0.1023;0.0621
PPP1CA,-0.02006578161324074,False,2,0.0117;-0.0518
PRB4,-0.020046493648885888,False,2,-0.1144;0.0743
DUS3L,-0.020043368274594353,True,2,-0.0051;-0.0350
PPP2CB,-0.02003459453961276,False,2,0.0613;-0.1014
GCM2,-0.019981774681706366,False,2,-0.0726;0.0326
STX1B,-0.019966020334243773,False,2,-0.0651;0.0252
CETN2,-0.019960149971464558,False,2,-0.0640;0.0241
MRPL58,-0.01996000546397425,True,2,-0.0171;-0.0228
C12orf76,-0.019908535837419694,False,2,0.0866;-0.1264
ZDHHC16,-0.019907461432445483,False,2,0.0628;-0.1026
LHX4,-0.019893442787913385,False,2,0.0529;-0.0927
PATZ1,-0.019892919195235503,False,2,-0.1354;0.0956
SPAG5,-0.01987386512740963,False,2,0.0092;-0.0490
AMY2B,-0.01986861110416427,True,2,-0.0275;-0.0122
MON1A,-0.019836426026724197,True,2,-0.0240;-0.0157
CSNK1G1,-0.019821643519023824,False,2,-0.1109;0.0713
RUBCN,-0.019819319609500896,False,2,-0.0952;0.0556
FBXO48,-0.019813196937258803,False,2,0.0708;-0.1104
ZBED4,-0.01981047048007556,False,2,0.0095;-0.0491
CDH24,-0.01979895971900658,False,2,0.0266;-0.0662
CNNM3,-0.0197592285481909,False,2,-0.0499;0.0104
TMEM41B,-0.019753250852230175,False,2,0.1560;-0.1955
PRG4,-0.019709393150490584,False,2,0.0580;-0.0974
CA1,-0.01970704955716024,False,2,0.1573;-0.1967
HIST1H2AK,-0.01968316999161046,False,2,-0.0723;0.0330
NAXD,-0.019656819694967687,True,2,-0.0024;-0.0369
MIEN1,-0.01961289148461376,False,2,0.0402;-0.0794
ZNF519,-0.019597475447922674,True,2,-0.0267;-0.0125
DUSP23,-0.01959703096103793,True,2,-0.0225;-0.0167
EDEM3,-0.01957756143466627,True,2,-0.0355;-0.0037
ADM,-0.01957070127984839,True,2,-0.0299;-0.0093
RANBP6,-0.019546442813685505,False,2,0.0764;-0.1154
EIF4E3,-0.019537630903783576,False,2,0.1213;-0.1603
MBD3,-0.019537106708008567,False,2,0.1311;-0.1701
OFD1,-0.019511186172844974,False,2,-0.1758;0.1368
REEP3,-0.019493418875603852,False,2,-0.1205;0.0815
ELOVL1,-0.019479742260533173,False,2,0.0706;-0.1096
CYLD,-0.019475819477634326,False,2,-0.1209;0.0820
PCSK6,-0.019453275797967073,True,2,-0.0353;-0.0036
PLEKHB1,-0.019447770555126864,False,2,0.0081;-0.0470
ZEB1,-0.019442902574079934,False,2,0.0157;-0.0546
NIPAL2,-0.019436554646324822,False,2,0.0555;-0.0943
PUS7L,-0.01930919782153595,False,2,-0.1318;0.0931
TIGD6,-0.01924538929739439,False,2,0.1357;-0.1742
MATN2,-0.019220790433687907,False,2,0.0027;-0.0411
GLG1,-0.019211881735009984,True,2,-0.0329;-0.0055
CLTB,-0.019176203052393093,False,2,-0.1048;0.0664
APOC1,-0.019168762837387887,False,2,-0.0852;0.0469
INO80D,-0.019128012683432838,False,2,0.0215;-0.0598
CACYBP,-0.019108694952872263,True,2,-0.0365;-0.0017
TAPBPL,-0.019106209235252136,False,2,0.0943;-0.1325
ZNF630,-0.01910202240943376,True,2,-0.0008;-0.0374
PAQR4,-0.019072378765012554,False,2,-0.1949;0.1567
PPP2R5A,-0.019067156224766124,False,2,0.0548;-0.0929
ZNF70,-0.01905363817161332,True,2,-0.0169;-0.0212
GRB2,-0.019051834470578344,False,2,-0.0518;0.0137
HSD17B1,-0.019038008447458843,True,2,-0.0214;-0.0167
ZNF14,-0.019018471968334227,False,2,0.0588;-0.0968
ZSCAN25,-0.019002895280133103,False,2,-0.1019;0.0639
TTC26,-0.01896435164113769,False,2,0.0067;-0.0446
MTDH,-0.018964041540604604,False,2,-0.0412;0.0033
PIK3CB,-0.018928523387672536,False,2,0.0645;-0.1024
GBP7,-0.018924617614423545,False,2,0.0651;-0.1029
LRPPRC,-0.018912504623563753,False,2,0.0078;-0.0456
YTHDF2,-0.018905260857052464,False,2,0.0202;-0.0580
TRIR,-0.018889359120607074,False,2,0.0458;-0.0836
ZNF597,-0.018880364675928574,False,2,-0.0499;0.0122
SLC44A3,-0.018866009384491345,False,2,-0.1267;0.0890
KBTBD4,-0.018856198387638745,False,2,0.0629;-0.1006
USP46,-0.018845514265599328,False,2,0.0533;-0.0910
PTPRK,-0.018844148340784406,False,2,-0.1235;0.0859
CD36,-0.018843616807336483,False,2,-0.0489;0.0112
CCDC107,-0.018833059491778492,False,2,-0.0696;0.0319
BOK,-0.01879956056274945,False,2,-0.0413;0.0037
GSTA1,-0.018763025393354393,False,2,0.0329;-0.0705
PDXDC1,-0.018723232134558287,False,2,0.0080;-0.0454
STK40,-0.018712895226397186,False,2,-0.1290;0.0915
RBM38,-0.01870418991364231,False,2,-0.1670;0.1296
CHST14,-0.018675666793356416,False,2,-0.0542;0.0169
FAM160B1,-0.01864829757743458,False,2,-0.1441;0.1068
LMX1A,-0.01862960696510324,False,2,0.0370;-0.0742
MFSD2A,-0.01860548738443557,False,2,-0.0833;0.0461
PLCL1,-0.018563390983949213,True,2,-0.0120;-0.0251
LGALS2,-0.018558266404608337,True,2,-0.0170;-0.0201
PYM1,-0.018555681649819966,False,2,0.0732;-0.1103
PIGT,-0.018550710699154482,True,2,-0.0360;-0.0011
CD226,-0.01850609232280731,False,2,-0.1812;0.1442
SDHAF2,-0.018504735336396683,False,2,0.0289;-0.0660
ESR1,-0.018477124651334276,False,2,0.1384;-0.1754
SLC25A17,-0.01844151538161004,False,2,0.0121;-0.0489
SLC25A28,-0.01842753087529092,False,2,0.0973;-0.1341
STX7,-0.01841556440297909,False,2,-0.4067;0.3698
ZNF718,-0.018407564749968297,False,2,-0.0461;0.0093
ZFAT,-0.018378877269275562,False,2,-0.0596;0.0228
ZNF850,-0.018361082991001976,False,2,0.1360;-0.1727
HEG1,-0.01832763644295854,False,2,-0.0871;0.0504
CUTC,-0.018324782002225648,False,2,0.1231;-0.1598
AP3S2,-0.018263738652729344,True,2,-0.0166;-0.0199
MAP3K21,-0.01825381873692633,False,2,-0.0485;0.0120
FIZ1,-0.01820983215451677,False,2,-0.1681;0.1317
BEST4,-0.018190097636871905,False,2,0.0615;-0.0979
LRR1,-0.018188251288994928,False,2,0.2741;-0.3105
GAB3,-0.01818287748543207,False,2,0.0759;-0.1123
FAM126B,-0.01817737655717161,False,2,0.0764;-0.1128
BTAF1,-0.018151368758342556,False,2,-0.1063;0.0700
PIWIL4,-0.018144909485962035,False,2,-0.0563;0.0200
LUZP6,-0.01811829339581683,True,2,-0.0285;-0.0077
HSPD1,-0.0180988423834455,False,2,-0.1928;0.1566
RPP14,-0.01809428173814931,True,2,-0.0175;-0.0187
CLDN5,-0.018061193458174696,True,2,-0.0341;-0.0020
PLCB2,-0.018047064640630883,False,2,-0.1593;0.1232
RPRD1A,-0.01797081986699578,False,2,-0.1936;0.1577
CAPN12,-0.01796219238766239,False,2,-0.1352;0.0993
CBS,-0.01795231665441205,False,2,0.0063;-0.0422
APEX2,-0.017925818395342796,False,2,-0.0687;0.0328
TRIB3,-0.017870574197954403,False,2,0.0444;-0.0802
TBC1D10C,-0.01784195944933209,False,2,-0.0953;0.0596
SPNS1,-0.017837883312188496,True,2,-0.0050;-0.0307
ABCE1,-0.01780001636794243,False,2,0.1034;-0.1390
SARS2,-0.017799755026376374,False,2,0.0331;-0.0687
LRP12,-0.017793242555852906,False,2,-0.1679;0.1323
PBX1,-0.017790766786976442,False,2,0.0051;-0.0406
BCKDHB,-0.017778513225467862,False,2,-0.1475;0.1119
NKX2-4,-0.01777692736794545,False,2,-0.0932;0.0576
TATDN2,-0.017748670931081123,False,2,-0.0662;0.0307
TIGD3,-0.017733046448864198,False,2,-0.0960;0.0606
MCM9,-0.017714717626138965,True,2,-0.0291;-0.0063
CLPTM1,-0.017711414556482674,False,2,0.1018;-0.1372
IL9R,-0.017697950086048464,False,2,-0.0888;0.0534
SERPINE2,-0.017678679372351014,False,2,-0.1447;0.1094
COX19,-0.01767751075131374,False,2,-0.1167;0.0813
NISCH,-0.01757991485029109,False,2,-0.0422;0.0070
CXorf21,-0.0175697751185937,False,2,-0.1091;0.0739
BOLA3,-0.01756606666295435,False,2,-0.1013;0.0662
HMSD,-0.017550935523563238,True,2,-0.0208;-0.0143
HOXD9,-0.017523225137617282,False,2,-0.0423;0.0073
ZNF483,-0.017505028381992527,False,2,-0.0994;0.0644
DSC1,-0.017498085472694047,False,2,0.1665;-0.2015
EGLN3,-0.01745632074551362,False,2,0.0276;-0.0625
SSR1,-0.017440775186039925,False,2,-0.0821;0.0472
VAPA,-0.017414043090447806,False,2,-0.0940;0.0592
FGFR2,-0.017386480475778954,False,2,-0.1166;0.0818
RPS6KA1,-0.01737248575782324,False,2,0.0657;-0.1004
USP48,-0.017343412774294742,False,2,-0.0698;0.0351
MPV17L,-0.017342453196394825,False,2,-0.0796;0.0449
ZNF805,-0.017314439000522652,False,2,-0.0851;0.0505
SCRN2,-0.017313558495370918,True,2,-0.0018;-0.0329
NFKBID,-0.017306363455165674,False,2,-0.0791;0.0445
SIX3,-0.01730608333710193,False,2,-0.0638;0.0292
WNT16,-0.01727270804995601,False,2,0.0101;-0.0446
C19orf47,-0.01724938259866937,False,2,0.0156;-0.0501
NKIRAS1,-0.017248797885003997,True,1,-0.0172
MCRIP1,-0.01723629781229502,False,2,0.1034;-0.1379
MSRA,-0.017203146601064034,False,2,0.0203;-0.0547
ZNF219,-0.017135931140596417,False,2,-0.2659;0.2316
ZNF343,-0.017099235917336197,False,2,-0.0796;0.0454
OXLD1,-0.017025727714533034,True,2,-0.0237;-0.0104
TLN2,-0.01699686986038751,False,2,0.0367;-0.0707
ZNF444,-0.016951564358925753,False,2,-0.0433;0.0094
GPC1,-0.01693083623121916,True,2,-0.0183;-0.0155
MRPL52,-0.016904836515530652,False,2,-0.0991;0.0653
ENGASE,-0.01685319749038977,False,2,0.0009;-0.0346
KDM7A,-0.01682020972104248,True,2,-0.0024;-0.0313
ST8SIA4,-0.01681486091733475,False,2,-0.0807;0.0471
OSTC,-0.01680382234251443,False,2,-0.2347;0.2011
INSR,-0.016801539407326482,False,2,0.0145;-0.0481
C12orf45,-0.016795622385583908,False,2,0.0724;-0.1060
LIFR,-0.01679170502214461,True,2,-0.0060;-0.0276
AGTRAP,-0.016768889575156654,False,2,-0.2090;0.1755
ATF3,-0.016724695065081896,False,2,-0.1219;0.0885
ZNF501,-0.016722648020415898,False,2,0.0510;-0.0844
SLC27A4,-0.016687865139636493,False,2,0.0127;-0.0461
ANKRD23,-0.016668668639554962,False,2,-0.0769;0.0435
HSPA2,-0.016661929022617095,False,2,0.0155;-0.0488
SEC11C,-0.016644500637481185,False,2,0.0662;-0.0995
CALY,-0.016610074968907595,False,2,0.1209;-0.1541
ZFP36L2,-0.016548433899441384,False,2,-0.1236;0.0905
GGH,-0.016538418661753984,False,2,-0.0491;0.0160
FKBP7,-0.016535652014985802,False,2,0.0593;-0.0924
FBXO41,-0.01653135309404269,False,2,0.0418;-0.0749
EIF4A2,-0.016527200518722585,False,2,-0.0785;0.0454
CNN3,-0.016508230464153173,False,2,-0.0449;0.0118
ERCC6L,-0.01650787024571576,False,2,0.0306;-0.0636
STOX1,-0.016496884568488634,False,2,-0.0616;0.0287
PITPNC1,-0.01643832694579095,False,2,0.0126;-0.0455
ZNF697,-0.016422046609819885,False,2,0.0370;-0.0699
PPP1R8,-0.01641628671475437,True,2,-0.0198;-0.0130
CHRNA1,-0.01640728542545239,False,2,0.0301;-0.0629
NUP210,-0.016392098658431997,False,2,0.1250;-0.1578
ATAD5,-0.016383628513926607,False,2,-0.1011;0.0683
SLC35B3,-0.01635487520746076,False,2,0.1000;-0.1327
C1orf115,-0.016347937410647162,False,2,0.0405;-0.0732
GNG7,-0.01621584051956293,False,2,-0.0507;0.0183
ARHGAP35,-0.016215092677381526,True,2,-0.0065;-0.0259
SLC1A5,-0.01620487576206464,False,2,-0.0642;0.0318
MRPS10,-0.016133137272277887,False,2,0.1564;-0.1886
SEMA4A,-0.016121517995997592,False,2,0.0999;-0.1322
ZNF316,-0.016068811757975254,False,2,-0.1130;0.0808
PRPF6,-0.016068343032086596,False,2,0.1248;-0.1570
IL17D,-0.016060037822046236,False,2,-0.0328;0.0007
RAC1,-0.016053751254602955,False,2,0.0101;-0.0422
SOX14,-0.016041878862744108,False,2,-0.0426;0.0105
PDHB,-0.01602194745700236,False,2,-0.1137;0.0817
SMIM15,-0.016020817695955314,False,2,0.0593;-0.0913
IER2,-0.016018613907116896,False,2,-0.0468;0.0147
RASA3,-0.015986778695554316,False,2,0.0232;-0.0552
ROPN1L,-0.01596120135098056,False,2,0.0245;-0.0565
TBPL1,-0.01593986030561656,False,2,-0.1238;0.0920
CIPC,-0.015900003700163978,False,2,0.0206;-0.0524
KCNQ5,-0.015876715389653018,False,2,0.0217;-0.0534
RBM15,-0.01587274716114445,False,2,0.0634;-0.0952
ATOH7,-0.015834004845591276,False,2,-0.1027;0.0710
TM9SF2,-0.015833703737356264,False,2,-0.1728;0.1411
KIF21A,-0.01581683215995272,False,2,0.0777;-0.1093
AVPR2,-0.01579493922557612,False,2,0.0418;-0.0734
ENPP4,-0.015768573052530988,False,2,0.0076;-0.0391
XRCC2,-0.01574044013902426,False,2,0.1422;-0.1737
STX8,-0.01573020354318777,False,2,-0.0511;0.0197
FEV,-0.015726950951418628,False,2,-0.0894;0.0579
AXIN2,-0.015697697670385313,False,2,-0.0367;0.0053
IFITM2,-0.01560337072817014,False,2,0.0482;-0.0794
ANO6,-0.01560045127785159,False,2,-0.1303;0.0991
KRT20,-0.015596729494209094,False,2,-0.1987;0.1675
CMTM3,-0.015590678285715365,False,2,-0.2313;0.2001
KCTD10,-0.015578594595035744,False,2,-0.0509;0.0197
HIST1H4F,-0.015578161152090764,False,2,-0.1473;0.1161
ZNF320,-0.015575013231417745,False,2,-0.0514;0.0202
RETN,-0.015500277697171772,False,2,-0.1857;0.1547
CEP170B,-0.015489348411607151,False,2,0.0049;-0.0359
MANBA,-0.015463052547087797,False,2,-0.1210;0.0901
ARL13A,-0.015443378927962215,False,2,0.1525;-0.1834
ARPC5L,-0.0154315492101329,False,2,-0.1164;0.0856
DPH7,-0.015395951647284578,False,2,0.0141;-0.0449
MOB2,-0.015387166322201717,False,2,0.1282;-0.1589
FAM199X,-0.015387014246640796,False,2,-0.0963;0.0655
ZNF785,-0.01537580680774464,False,2,0.0376;-0.0683
C7,-0.015352345754422347,True,2,-0.0147;-0.0160
SLC44A5,-0.015351096995878999,False,2,0.0127;-0.0434
MAK,-0.015334736814617445,False,2,0.0894;-0.1201
DHX57,-0.015326283673038621,False,2,0.0266;-0.0573
CLDN3,-0.015318443254180969,False,2,0.0238;-0.0544
CDKN1C,-0.015313277628209498,False,2,0.1529;-0.1835
SEC23A,-0.015286445402175497,False,2,-0.0385;0.0079
ODR4,-0.015277599190980262,False,2,0.0489;-0.0795
APOE,-0.015274021744899113,False,2,-0.1467;0.1161
ACER3,-0.015267286612111408,True,2,-0.0243;-0.0062
SLMAP,-0.01526292816260888,False,2,0.0607;-0.0912
SCML1,-0.015242853463932338,False,2,0.0335;-0.0640
ZNF286A,-0.015198259971595962,False,2,-0.0358;0.0054
DPYD,-0.015196634621152005,False,2,0.0308;-0.0612
DLX3,-0.015190281624477164,False,2,0.0879;-0.1183
MLH3,-0.0151616209315521,False,2,0.0377;-0.0681
DCST2,-0.015152589987972531,False,2,0.0654;-0.0957
KLF5,-0.015115876025768471,False,2,-0.0875;0.0573
CPEB4,-0.01501158089874044,False,2,-0.0956;0.0656
CDX1,-0.015009891097217287,False,2,-0.0524;0.0223
IRAK2,-0.01500943457830134,True,2,-0.0018;-0.0282
ATE1,-0.014990036111138028,False,2,-0.0968;0.0669
CCDC65,-0.014926699188387405,True,2,-0.0240;-0.0058
NAB2,-0.014909256716265418,True,2,-0.0276;-0.0022
HES3,-0.014864736806044998,False,2,0.1151;-0.1448
ACVR1B,-0.014864368244571158,True,2,-0.0193;-0.0104
NEK3,-0.014834705244095248,False,2,-0.0771;0.0474
ZMAT5,-0.014801235362393528,False,2,0.0713;-0.1009
TBR1,-0.014796230877383354,False,2,-0.1408;0.1112
VASH1,-0.014789657373880383,True,2,-0.0283;-0.0013
IRX3,-0.014768302085701568,False,2,0.0546;-0.0841
TRAF3,-0.014749792306164689,False,2,-0.1047;0.0752
SMS,-0.014742299545053683,False,2,0.0133;-0.0428
ABCB8,-0.014724101186420646,False,2,-0.0386;0.0092
MZT2B,-0.014703025497463718,False,2,-0.2624;0.2330
TICAM1,-0.01468205028759706,False,2,-0.0946;0.0652
MKLN1,-0.014681634339560157,False,2,-0.0522;0.0228
ZNF148,-0.014656815437412707,False,2,0.0019;-0.0312
CARMIL1,-0.014656782389989909,False,2,0.0669;-0.0963
SNX16,-0.01465162911564255,False,2,0.0377;-0.0670
DNAH2,-0.014642119841141665,False,2,0.0812;-0.1105
ZNF224,-0.01460592266855898,False,2,-0.1410;0.1118
ADD1,-0.014597308150980814,True,2,-0.0128;-0.0164
GTF2E2,-0.014593438683673576,False,2,-0.2365;0.2073
CKAP2,-0.01458835784000867,False,2,-0.1029;0.0737
C1orf189,-0.014518802244110507,False,2,-0.0924;0.0633
GDF9,-0.014504463627202036,False,2,-0.0808;0.0518
KRT8,-0.014496597945541034,False,2,-0.0568;0.0278
LRRC2,-0.014455366333477104,False,2,-0.0765;0.0476
PRPF40B,-0.014454834753041546,False,2,-0.0977;0.0687
MYNN,-0.014446339931043495,False,2,0.0936;-0.1225
TMEM168,-0.014442727872564176,False,2,-0.0447;0.0159
TMEM237,-0.014435634909309658,False,2,-0.0366;0.0078
HSPA12A,-0.014433756212047677,False,2,-0.1549;0.1260
HSD17B14,-0.014420134694016762,False,2,0.1164;-0.1452
CRYGS,-0.014417129399793116,False,2,-0.0857;0.0568
CASC4,-0.014374938122311276,False,2,-0.0964;0.0677
DMRTA1,-0.01437086927201947,True,2,-0.0062;-0.0225
PLA2G4C,-0.014369708949006021,False,2,0.0299;-0.0587
ZNF624,-0.014360615146769229,False,2,-0.1173;0.0886
OCEL1,-0.014351764040354542,False,2,-0.2785;0.2498
BCL7A,-0.014339341142069084,False,2,0.0317;-0.0604
RBM12,-0.014297247995435969,False,2,-0.0590;0.0304
MBIP,-0.01428865712411076,False,2,0.0899;-0.1185
LANCL1,-0.014271670887490928,False,2,-0.1023;0.0737
FAM107B,-0.01426899440770868,False,2,-0.1952;0.1666
BTK,-0.014238192336641975,True,2,-0.0015;-0.0270
RHOB,-0.014197218723239313,False,2,-0.1550;0.1266
GSTM1,-0.014195647548376433,False,2,0.0450;-0.0734
ALKAL2,-0.014190721371129866,False,2,0.0260;-0.0544
SLC18A2,-0.014153364392173962,False,2,-0.1157;0.0874
N4BP2,-0.014138975798061004,False,2,-0.0986;0.0703
PHOSPHO1,-0.014136660996720063,False,2,-0.0721;0.0438
SZRD1,-0.014057392182227957,False,2,0.0920;-0.1201
TRIM69,-0.014035519561466148,False,2,0.0561;-0.0842
ELF3,-0.014024050012958478,True,2,-0.0267;-0.0013
C19orf25,-0.01400931374748593,False,2,0.0200;-0.0480
VPS37B,-0.013989097726710753,False,2,-0.0420;0.0140
VSX1,-0.013983870712538593,False,2,-0.2150;0.1871
NCKAP1,-0.01397123823684987,False,2,-0.0341;0.0062
DBX1,-0.013955013451562914,False,2,-0.0505;0.0226
MAPKAPK5,-0.013932512647250817,False,2,0.0089;-0.0367
FAM83D,-0.013909847404006248,False,2,-0.0583;0.0305
NIPA1,-0.01390489796618083,False,2,0.1278;-0.1556
TMEM216,-0.013900470654336083,False,2,0.0349;-0.0627
TFAP2D,-0.013867932722968157,False,2,-0.0901;0.0623
TMEM42,-0.013813632567753753,False,2,0.0600;-0.0876
TSNAX,-0.013770825483143956,False,2,0.0527;-0.0802
ZBTB40,-0.013752761153371873,True,2,-0.0088;-0.0187
ATXN2L,-0.013744114795205431,False,2,-0.1342;0.1067
MYEF2,-0.01369985141945057,False,2,0.0601;-0.0875
CRX,-0.013613427159228753,False,2,-0.0850;0.0578
COQ4,-0.013557801895667132,False,2,-0.0466;0.0195
NAB1,-0.013536726634993834,False,2,0.0428;-0.0698
UBE3C,-0.01347434867686692,False,2,-0.1663;0.1394
FGFBP2,-0.013471262575296739,False,2,0.0672;-0.0941
GSC,-0.013462614261423533,False,2,0.1424;-0.1693
CLN5,-0.013372578877942853,False,2,-0.0428;0.0160
RHNO1,-0.01334804327164324,False,2,0.0306;-0.0573
VCPIP1,-0.01332030834378839,False,2,-0.0890;0.0623
CSF1,-0.013319103877394989,False,2,-0.0378;0.0112
PHF19,-0.013304742814682191,True,1,-0.0133
FAM234A,-0.013299804487795275,False,2,0.0132;-0.0398
FHIT,-0.013290649111585673,False,2,0.1010;-0.1276
YARS,-0.013268373804249223,False,2,0.1096;-0.1361
KPNB1,-0.013240248328166837,True,1,-0.0132
SYNGR2,-0.013192244099132333,False,2,-0.1161;0.0897
THOP1,-0.013192177152651197,True,2,-0.0117;-0.0147
PLEKHA5,-0.013187950860983289,False,2,0.1394;-0.1657
FOXJ2,-0.013175841817127387,False,2,-0.0450;0.0186
CDC42SE2,-0.013172739368443653,False,2,0.1763;-0.2026
HHLA3,-0.01312484259451041,False,2,0.1208;-0.1470
RABL2A,-0.013105481962072008,False,2,0.0198;-0.0460
NAGLU,-0.013101976720857111,False,2,-0.0440;0.0178
RAB3IP,-0.013089448234050893,True,2,-0.0259;-0.0003
HECW1,-0.013078047445541086,True,2,-0.0142;-0.0119
PABPC1,-0.013077828322769602,False,2,0.1126;-0.1387
BNIPL,-0.013027971373664626,True,2,-0.0256;-0.0005
GMFB,-0.013007087804949302,False,2,-0.0282;0.0022
SP140L,-0.012997933092526004,False,2,0.1316;-0.1576
MRPL42,-0.012991824985941425,True,2,-0.0055;-0.0205
NDUFAF3,-0.01297476606925696,True,2,-0.0040;-0.0220
NDC1,-0.01295562581407872,False,2,-0.0715;0.0456
DSP,-0.01294692267201325,False,2,-0.0293;0.0034
ALKBH6,-0.01293318453083947,False,2,0.0503;-0.0762
MSI2,-0.012916282675934587,True,2,-0.0176;-0.0083
PRDM13,-0.012889876081342788,False,2,0.0885;-0.1142
C10orf95,-0.012866394265744874,False,2,0.0710;-0.0968
SNX10,-0.012848544782535831,False,2,-0.1961;0.1704
TMED7,-0.012801337885017916,False,2,-0.0968;0.0712
HIST2H3D,-0.012793641159828173,False,2,-0.0479;0.0223
KDELC1,-0.012770459612944762,False,2,-0.0312;0.0057
NEFL,-0.012769834442406314,False,2,-0.1042;0.0787
H2AFZ,-0.012762294754728454,False,2,-0.2268;0.2013
USP1,-0.01270637764090976,False,2,0.0056;-0.0310
B3GAT3,-0.01268143501684793,True,2,-0.0003;-0.0251
MAN2C1,-0.01265731333771769,False,2,-0.2974;0.2721
KEAP1,-0.012591093804684927,False,2,-0.3038;0.2786
IER5L,-0.012578249967353572,False,2,0.0505;-0.0756
STT3B,-0.01254411447499132,False,2,0.0832;-0.1083
RNF208,-0.012527729616312766,False,2,0.0155;-0.0405
ABCF2,-0.012518001046549987,False,2,-0.0734;0.0483
CSPP1,-0.012445670724815061,True,2,-0.0205;-0.0044
HLA-DRA,-0.012445210393869366,False,2,0.0022;-0.0270
RAB10,-0.012444927629674418,False,2,-0.0912;0.0663
PEX16,-0.012440110565900275,False,2,0.0133;-0.0382
SH3BP2,-0.01240085248320072,False,2,0.0028;-0.0276
TMEM25,-0.0123995602817501,False,2,0.0702;-0.0950
RNF121,-0.012364337831774042,False,2,-0.0794;0.0547
CENPBD1,-0.012357826801039584,True,2,-0.0085;-0.0162
NFE2L3,-0.012336374230139335,False,2,-0.0709;0.0462
PARG,-0.01233278758068912,False,2,-0.1667;0.1420
LRRC61,-0.012299862376164872,True,2,-0.0064;-0.0182
NR2E1,-0.012176111487219421,False,2,-0.0560;0.0317
PHACTR1,-0.01216794770195817,False,2,0.0127;-0.0371
ADAM9,-0.012150907142036371,True,2,-0.0136;-0.0107
ATP8A2,-0.012080509534598938,False,2,-0.1526;0.1284
HOXB5,-0.01207071073588567,False,2,0.0183;-0.0425
NUP37,-0.012050056492332484,False,2,-0.1847;0.1606
APMAP,-0.012004310093205461,False,2,-0.1720;0.1480
ZMPSTE24,-0.01199193488491912,True,2,-0.0130;-0.0110
ENPP3,-0.01197373153411374,False,2,-0.1446;0.1206
SMN2,-0.011938098724848079,True,1,-0.0119
SIX1,-0.011892131114750848,True,2,-0.0180;-0.0057
RNF123,-0.011825838271883216,False,2,-0.0441;0.0204
HELLS,-0.011813497700734144,False,2,-0.1150;0.0914
BEX5,-0.011805875314010117,False,2,-0.0667;0.0431
DEDD,-0.011805761155009586,False,2,0.0031;-0.0267
BORCS8,-0.011765016605895018,True,2,-0.0122;-0.0113
KCTD18,-0.011761965181938727,False,2,-0.1126;0.0891
DUSP11,-0.011749132040653643,False,2,-0.0371;0.0136
FAM209A,-0.011724122665475512,False,2,-0.0621;0.0387
MICU1,-0.011713851896651861,False,2,0.0320;-0.0554
NKX2-1,-0.011686341993010274,False,2,0.0083;-0.0316
PSMB9,-0.011684196557507631,False,2,-0.0360;0.0127
TERF2IP,-0.011620110768049918,False,2,-0.1062;0.0830
PRRT2,-0.011598411596862701,False,2,-0.0312;0.0080
ZNF250,-0.011590801489689828,False,2,-0.0865;0.0633
PAX3,-0.011543541287334147,False,2,-0.1146;0.0915
RAB11FIP3,-0.011538191845017143,False,2,-0.0550;0.0319
CCDC15,-0.01149621946016044,False,2,0.0024;-0.0254
AUNIP,-0.011467193740458237,False,2,-0.1166;0.0936
LRRC75A,-0.011449488899726745,False,2,-0.0892;0.0663
TSEN2,-0.011448813061546381,False,2,0.0533;-0.0762
NBPF1,-0.011428389522706084,False,2,-0.0348;0.0120
TREML1,-0.011419633354189496,False,2,-0.0693;0.0465
RALGAPB,-0.011413891392671627,False,2,0.0283;-0.0512
ZCWPW2,-0.011409115795383062,False,2,0.1410;-0.1639
TMED5,-0.011381520571554726,False,2,-0.0458;0.0230
OAS2,-0.011357812226614583,False,2,-0.1564;0.1337
TGIF2LX,-0.011355108501341526,False,2,0.1077;-0.1304
FAM53B,-0.01135391074753922,True,2,-0.0157;-0.0070
ATP6AP2,-0.01133041700779236,True,1,-0.0113
TNRC6B,-0.0113175864005024,True,2,-0.0193;-0.0033
CAPNS1,-0.011301487485939454,False,2,0.1745;-0.1971
PRR34,-0.011295504525297817,False,2,-0.1450;0.1224
SPEN,-0.011273188817240709,False,2,-0.1194;0.0969
CFAP97,-0.011266679129863011,False,2,-0.1202;0.0977
KCNQ1,-0.01125541455836676,False,2,0.0385;-0.0610
SLC20A1,-0.011223707852296316,False,2,-0.0691;0.0466
SEC24C,-0.011184166676021345,False,2,0.1116;-0.1340
MAP7D1,-0.011135351468128607,False,2,0.1335;-0.1558
NARS,-0.011099431274692817,False,2,-0.0642;0.0420
RARS,-0.011012156947075136,True,1,-0.0110
CEP57L1,-0.010996384792396396,False,2,-0.2000;0.1780
CRY1,-0.010925153443800517,False,2,-0.1518;0.1299
ZC3H6,-0.010909216760334295,False,2,-0.1353;0.1135
SAMD8,-0.01088822826684821,False,2,-0.1885;0.1668
TMEM128,-0.010845874754885854,False,2,0.0370;-0.0587
MYBL1,-0.010840456936655918,False,2,-0.0554;0.0337
NHLH2,-0.01081417536801238,False,2,0.1601;-0.1817
UHMK1,-0.010797222565116282,False,2,-0.0375;0.0159
ITGA2,-0.0107104762488206,False,2,-0.0896;0.0682
HOOK2,-0.010709546320956775,False,2,0.1396;-0.1610
TSPAN6,-0.010704158395183239,False,2,-0.0710;0.0496
IRX5,-0.010701330300957212,False,2,-0.1811;0.1597
INTS7,-0.010624406104864592,False,2,0.0009;-0.0221
TIMM9,-0.010603179896557458,False,2,-0.1392;0.1180
OAT,-0.010581756719369007,False,2,0.0136;-0.0348
TMEM126A,-0.010577894281879163,False,2,-0.0503;0.0292
PTGS1,-0.010516927792055597,False,2,-0.0513;0.0303
MSANTD3,-0.010502610883342145,False,2,0.1211;-0.1422
SLC27A3,-0.010491229710692718,False,2,0.1545;-0.1755
H2AFY,-0.010483142581021454,False,2,-0.1091;0.0881
CCDC88A,-0.010467811944342653,False,2,-0.0971;0.0761
OVGP1,-0.01045450341354437,True,2,-0.0061;-0.0148
ALCAM,-0.01044355464005664,False,2,-0.0665;0.0456
TLE1,-0.010431480678019966,False,2,0.0850;-0.1059
KIF15,-0.01041925700313584,False,2,-0.1977;0.1769
IL1B,-0.01040260589617803,True,2,-0.0198;-0.0010
FOXO3,-0.010361859372327031,False,2,0.0767;-0.0975
TMEM106B,-0.010360288527299089,False,2,-0.0629;0.0422
SLC35D1,-0.010336409256438805,False,2,0.0231;-0.0437
STIM1,-0.010332889592043759,False,2,0.0137;-0.0344
ZNF765,-0.010327154422859364,False,2,-0.1514;0.1308
TDRD7,-0.010307415391512698,False,2,-0.0514;0.0308
PTPN23,-0.010300809060445393,False,2,-0.0626;0.0420
ZIK1,-0.010206481772659592,False,2,0.0312;-0.0516
RGS9,-0.010201651326004368,False,2,-0.0237;0.0033
ADCY7,-0.010200821982596198,False,2,0.0132;-0.0336
TMEM245,-0.010176706776602429,False,2,0.1279;-0.1483
CTSK,-0.010145470944577406,False,2,-0.0230;0.0027
ARL9,-0.010135309496342892,False,2,0.0830;-0.1033
LMAN1,-0.010118797621287201,False,2,0.0952;-0.1154
SUPT3H,-0.010115076763002495,False,2,-0.0497;0.0294
GRAMD2B,-0.010112274898954499,False,2,-0.0485;0.0282
IRF5,-0.010100836486854448,False,2,0.0137;-0.0339
ACSM3,-0.010082111221359935,False,2,-0.0681;0.0479
RAB37,-0.009990352384676549,False,2,0.0312;-0.0512
TLX1,-0.009969349413293305,False,2,0.1160;-0.1360
FUCA1,-0.009934544568383608,False,2,0.0569;-0.0768
ELL2,-0.00993096163205065,False,2,-0.1274;0.1076
ITGB1,-0.009917250396357047,False,2,-0.1348;0.1150
ZBTB43,-0.009909209892019377,False,2,-0.1743;0.1545
RUNX2,-0.00988895933046302,False,2,0.0317;-0.0515
C11orf21,-0.009814442683803049,False,2,-0.0570;0.0373
MFSD8,-0.009797213829955076,False,2,0.0294;-0.0490
FBLN5,-0.009774691890686416,False,2,0.0706;-0.0902
FAM117B,-0.00976213258369174,False,2,0.0594;-0.0790
EHD3,-0.009756204944669333,True,2,-0.0106;-0.0089
SLC16A6,-0.009749333362359947,False,2,-0.0978;0.0783
CNOT10,-0.009721486047633454,False,2,-0.1048;0.0854
ADAT3,-0.009714735599194946,False,2,0.0100;-0.0294
MGA,-0.009707691714313071,False,2,0.0020;-0.0214
KLHDC1,-0.009706618038254677,False,2,-0.1139;0.0945
ZMAT3,-0.009696061387224786,False,2,-0.0335;0.0142
CLUH,-0.009666664315448492,False,2,0.0549;-0.0743
ENY2,-0.009650403008812147,False,2,0.2921;-0.3114
KLC4,-0.009643442301189409,False,2,-0.0888;0.0695
FOXS1,-0.009634244635793321,False,2,0.0849;-0.1042
ATRN,-0.009632613182933958,True,2,-0.0034;-0.0159
PDE4B,-0.009618191934149534,False,2,0.0162;-0.0355
USP40,-0.009572878303361176,False,2,-0.0475;0.0284
SAFB2,-0.009550646319213818,False,2,0.0359;-0.0550
VTI1B,-0.009541704864503786,False,2,-0.0355;0.0164
PPP1R37,-0.009497060827504678,False,2,-0.0684;0.0494
LAPTM4A,-0.009496826656592794,False,2,-0.0960;0.0770
DGKH,-0.009495497609735892,False,2,-0.1230;0.1040
TNNC2,-0.009489536476442184,False,2,0.0073;-0.0263
CTSD,-0.009487262747789216,False,2,-0.0425;0.0236
KLHL3,-0.009472611761672856,False,2,0.0108;-0.0297
TMEM243,-0.009462925409196354,True,2,-0.0155;-0.0035
HBA2,-0.00944316507796783,False,2,-0.1091;0.0902
STK26,-0.009423629494013985,False,2,-0.0273;0.0084
NPDC1,-0.009418614973674466,True,2,-0.0007;-0.0182
ZBTB7C,-0.00940567084419075,True,2,-0.0155;-0.0034
LNX1,-0.009393093591036628,False,2,0.1046;-0.1234
GYS1,-0.00939241383989009,False,2,-0.0273;0.0085
LOXL2,-0.009383194778650461,False,2,-0.0348;0.0160
AOC3,-0.009356392528454993,False,2,0.0924;-0.1111
CORO2A,-0.009308737365584074,False,2,0.0935;-0.1121
SLC25A11,-0.009252091822930075,False,2,-0.0626;0.0441
ZBTB25,-0.009248298384173237,False,2,0.0494;-0.0679
EPHX1,-0.0092478056144914,False,2,0.0512;-0.0697
ETV3,-0.00921996746365894,False,2,-0.1155;0.0970
FSTL1,-0.009186509716887226,False,2,0.0959;-0.1143
PDK3,-0.009177073216635911,False,2,0.0134;-0.0318
ZNF518A,-0.009172770446500444,False,2,-0.0531;0.0348
ALPL,-0.009170750723159315,False,2,-0.1251;0.1067
PTMA,-0.009115501983419705,False,2,0.0376;-0.0558
PTPN14,-0.009084138471059378,True,2,-0.0130;-0.0052
SGSH,-0.009075033076142103,False,2,-0.1214;0.1032
CCL4L2,-0.00905070607733549,False,2,-0.0397;0.0216
S100A8,-0.009010946169686396,False,2,0.0736;-0.0916
DEFB131B,-0.008978533708186465,False,2,0.0584;-0.0764
OLIG1,-0.008937567632277044,False,2,-0.0724;0.0545
LMO2,-0.008913928393444182,False,2,-0.1089;0.0911
SLC2A1,-0.008909507576166154,False,2,-0.1955;0.1777
POU4F3,-0.008887349586699789,False,2,-0.0321;0.0143
LPXN,-0.008854384927860115,False,2,0.0091;-0.0268
KLRB1,-0.008851854411139393,False,2,0.1053;-0.1230
RMI1,-0.008848413854048387,False,2,0.1142;-0.1319
ZC3H7B,-0.00881170932468811,False,2,0.0496;-0.0672
MGAT4A,-0.008766838646473651,False,2,-0.0979;0.0804
CCDC9,-0.008754383112767217,False,2,-0.2175;0.2000
GATAD2B,-0.00868627979492731,False,2,-0.0202;0.0028
KLHL22,-0.008623835030586613,False,2,0.0031;-0.0203
MT1X,-0.008610842876445646,False,2,-0.0498;0.0325
SHPK,-0.008609243621591822,False,2,0.0597;-0.0769
CYC1,-0.00857849619293155,False,2,0.0644;-0.0816
LUZP1,-0.008563018393303423,False,2,-0.0401;0.0230
IL11RA,-0.008533719338136625,False,2,-0.0246;0.0076
MIPEP,-0.00852459884396961,False,2,0.0309;-0.0480
XKR8,-0.008513029186724808,False,2,-0.0399;0.0228
GFI1,-0.008502647035011135,True,2,-0.0051;-0.0119
FNDC9,-0.008497208099333853,False,2,-0.1526;0.1356
G6PC3,-0.008475342384417717,False,2,-0.0625;0.0455
MAPK8IP3,-0.00841811123865388,False,2,0.0115;-0.0284
ERGIC2,-0.008400416250661569,False,2,0.0831;-0.0999
SSR4,-0.008388647991746656,False,2,-0.0361;0.0193
XPA,-0.008364748139655931,False,2,-0.1663;0.1496
BRD9,-0.008364698052168773,False,2,-0.0370;0.0203
NCK2,-0.0083508668459914,False,2,-0.0488;0.0321
L3MBTL2,-0.008338180461907485,False,2,-0.1575;0.1408
PTBP1,-0.008323867662120898,False,2,0.0158;-0.0324
RNF32,-0.008303219278879781,False,2,-0.0296;0.0130
TOPORS,-0.008300647762210789,False,2,0.0384;-0.0550
ZDHHC5,-0.008295964259724953,False,2,0.0529;-0.0695
ETFRF1,-0.008234645538632512,False,2,-0.0808;0.0644
IGF1R,-0.008186678871758835,False,2,-0.0207;0.0043
HRH4,-0.008127832234512578,False,2,0.0190;-0.0352
SLC39A4,-0.008102857687799836,True,2,-0.0050;-0.0112
KRBOX4,-0.008087362755476946,False,2,-0.1040;0.0878
EIF2D,-0.008080458230183774,False,2,-0.1052;0.0891
TNFSF4,-0.008079732944956675,False,2,-0.0924;0.0763
KRTCAP2,-0.008067832553906862,False,2,0.0692;-0.0853
PPP2R5C,-0.008041061336834243,False,2,-0.0416;0.0255
GDPD3,-0.008039234339202894,False,2,0.1548;-0.1709
MRPS25,-0.00802968158297157,False,2,-0.0266;0.0105
GAA,-0.008004843920027094,False,2,-0.0808;0.0648
METTL13,-0.007985582697455196,False,2,-0.0405;0.0245
FCRL1,-0.007973696045518341,False,2,-0.0269;0.0109
ZBTB26,-0.00797244541416764,False,2,-0.0591;0.0431
ZNF469,-0.00795613875762713,False,2,0.0048;-0.0207
ING5,-0.007909125662775629,False,2,0.0157;-0.0316
CHAMP1,-0.00789423517699056,False,2,0.1318;-0.1476
CD96,-0.007879942005159957,False,2,0.0588;-0.0745
ATPAF1,-0.007864671898192677,False,2,0.0839;-0.0996
ZNF558,-0.007846448296620845,False,2,0.0094;-0.0250
ZNF418,-0.00777805373380791,False,2,0.1208;-0.1364
OSTF1,-0.007769704940163269,True,2,-0.0033;-0.0122
ZNF12,-0.007714580098884705,False,2,0.1605;-0.1760
PCBD2,-0.007668123178743658,False,2,-0.0556;0.0403
PNMT,-0.007640824002376201,True,2,-0.0093;-0.0060
CEP95,-0.007632657352775629,False,2,-0.1272;0.1119
SLC25A16,-0.007622905546553871,False,2,0.0056;-0.0209
CATSPER2,-0.007604218562786702,False,2,0.0046;-0.0198
IGIP,-0.007589261034758876,False,2,0.1014;-0.1165
LIG1,-0.007581908436296414,False,2,0.0159;-0.0310
NUS1,-0.007557639204841093,False,2,0.1441;-0.1592
ENOPH1,-0.007550103147048237,False,2,0.0535;-0.0686
SIMC1,-0.0075248911182651534,False,2,-0.0860;0.0710
SYAP1,-0.007519637957588143,False,2,-0.0651;0.0500
HSH2D,-0.007495467914788612,False,2,-0.0943;0.0793
ABCC3,-0.007493202910793251,False,2,0.0244;-0.0394
ZNF676,-0.007451136378973877,False,2,-0.0627;0.0478
TUB,-0.00730692458707749,False,2,-0.0503;0.0356
TMC6,-0.007260119541651511,False,2,0.0045;-0.0190
LIN52,-0.007214943695254217,True,1,-0.0072
VANGL1,-0.0071554107432012515,False,2,-0.1175;0.1032
GPR108,-0.0070189201627760545,False,2,-0.0328;0.0188
CCDC97,-0.007009834532891335,False,2,0.1282;-0.1422
RAD1,-0.0070065307677474875,False,2,-0.1781;0.1641
RSF1,-0.006976603747185672,False,2,-0.1108;0.0969
SYNGR1,-0.006963334373505381,False,2,-0.0715;0.0576
CLC,-0.006935904151546879,True,2,-0.0007;-0.0132
RAD23B,-0.006931419959076146,False,2,0.0399;-0.0537
ADPRH,-0.006921160363437595,False,2,0.0963;-0.1101
INSIG1,-0.006910601045146181,False,2,-0.0537;0.0398
SLC9B1,-0.006891683491970446,False,2,0.1691;-0.1829
SNF8,-0.006804280287594833,False,2,0.0153;-0.0289
ZNF613,-0.006802895167957623,False,2,-0.0518;0.0382
TRAFD1,-0.006781578278360567,False,2,-0.0411;0.0275
B4GALNT4,-0.0067682896765796086,False,2,0.0287;-0.0423
COL6A2,-0.006742297678566933,False,2,-0.0282;0.0147
NRCAM,-0.006718591577747124,False,2,-0.0394;0.0260
CELSR3,-0.0066943090437077135,False,2,0.0436;-0.0570
XYLT2,-0.006690320787877679,False,2,-0.0244;0.0110
TOR1A,-0.00668626951453688,False,2,-0.0322;0.0188
SAMD4B,-0.006649928234719493,False,2,0.0918;-0.1051
PCOLCE,-0.006622707864607058,True,2,-0.0124;-0.0009
CD177,-0.006622703931077001,False,2,-0.1142;0.1009
SREK1IP1,-0.006618565736373039,False,2,0.1203;-0.1335
HAS3,-0.006615859511693634,False,2,-0.0667;0.0534
FBXL14,-0.006596924960824202,False,2,-0.0665;0.0533
BTBD11,-0.006586512791906363,False,2,-0.0286;0.0154
SLC4A2,-0.006566811453812826,False,2,0.0394;-0.0525
POP4,-0.006495733446301499,False,2,0.1151;-0.1280
TMEM110-MUSTN1,-0.0064933835696573405,False,2,0.0388;-0.0517
FCHO1,-0.006450692708409533,False,2,0.1576;-0.1705
JUP,-0.006448954189563372,False,2,-0.0245;0.0116
NCKIPSD,-0.006443432657750381,False,2,-0.0881;0.0752
RPLP2,-0.00642989718597925,False,2,0.1255;-0.1384
FICD,-0.006412664222286701,True,2,-0.0073;-0.0055
CSRNP1,-0.006411843720630805,False,2,0.1013;-0.1141
DLK2,-0.00640943928653992,False,2,-0.0509;0.0381
PRRC1,-0.006394015418968391,False,2,0.0714;-0.0842
METTL23,-0.0063931814386485875,False,2,0.0598;-0.0726
IARS,-0.006377833621977025,False,2,0.0537;-0.0664
KDELR3,-0.006364995345299107,False,2,0.0619;-0.0746
NME6,-0.006362901685280364,False,2,0.0341;-0.0468
ZNF383,-0.006343607448347277,False,2,0.1264;-0.1391
C1orf162,-0.00630461064832788,False,2,-0.0657;0.0531
MBOAT7,-0.00629258804123678,False,2,-0.1214;0.1088
SLC2A8,-0.006253403729835738,False,2,-0.0418;0.0293
NUDCD1,-0.006220931626442883,False,2,-0.0655;0.0531
TP53INP1,-0.006212762893588131,False,2,0.0164;-0.0288
DENND6B,-0.006208006444748726,False,2,0.1485;-0.1609
LGMN,-0.0062042921183042,False,2,-0.0908;0.0784
HIST1H1E,-0.006187496572744533,False,2,-0.0310;0.0187
MT1F,-0.006175137621451665,False,2,0.0271;-0.0395
IFT140,-0.006122150087443989,False,2,-0.0905;0.0783
RAMP3,-0.0061204562327885625,False,2,0.0296;-0.0418
ZNF678,-0.006096331885657613,False,2,-0.1742;0.1620
SLC9A5,-0.006074128614996233,False,2,0.0903;-0.1025
ZNF610,-0.006061611259176203,False,2,0.0671;-0.0792
CDKN1A,-0.005949913086368497,False,2,0.0975;-0.1094
VENTX,-0.005943118639877676,False,2,0.0297;-0.0415
UGDH,-0.0059295032247875246,False,2,0.0278;-0.0396
VMP1,-0.005924627675575167,False,2,0.0912;-0.1030
HNRNPF,-0.005865077341474789,False,2,-0.0552;0.0434
CHIT1,-0.005864982311639122,False,2,0.0374;-0.0491
NR1H4,-0.005819671180355035,False,2,0.0556;-0.0673
FER,-0.005781800111276492,False,2,-0.0823;0.0707
TBC1D20,-0.005758787981556657,False,2,0.0164;-0.0280
RAB5C,-0.005703915487407785,False,2,0.1152;-0.1266
PHTF2,-0.005690054805305156,True,2,-0.0110;-0.0004
FOXO1,-0.005671696466601039,False,2,-0.0983;0.0870
POU5F1B,-0.005669895071747921,False,2,0.0315;-0.0428
SERINC1,-0.00565313758711139,False,2,-0.0866;0.0753
ST7L,-0.005653069852229742,False,2,0.0262;-0.0375
PLD6,-0.005652815443271342,False,2,0.0552;-0.0665
TCF15,-0.005617473813639529,False,2,-0.0385;0.0273
IMPA1,-0.005594737370701486,False,2,0.0892;-0.1003
PLS1,-0.005543044376031703,False,2,-0.1378;0.1267
TRMT61B,-0.005541156051800389,False,2,-0.2056;0.1946
BRSK1,-0.005538790690754691,False,2,-0.0978;0.0868
FXYD3,-0.0055227021271365695,False,2,0.0249;-0.0360
NAT1,-0.0055162863136711815,False,2,0.0319;-0.0429
TM7SF2,-0.005446841929087176,False,2,0.0097;-0.0206
ZNF202,-0.005443870280188667,False,2,-0.0508;0.0399
PKIG,-0.005350999651073218,False,2,-0.0641;0.0534
LMAN2,-0.005345788786818351,False,2,-0.1140;0.1034
ISOC1,-0.005340064775984921,False,2,-0.1487;0.1380
SLC5A5,-0.005331273395907887,True,2,-0.0010;-0.0097
CDC7,-0.005313719804512784,True,1,-0.0053
SPEG,-0.005298400447336871,False,2,-0.1035;0.0929
GFM2,-0.005296093770056687,False,2,-0.1102;0.0996
ADCY9,-0.005283511144807518,False,2,0.1986;-0.2091
ALDH5A1,-0.0052673262140847665,False,2,-0.0258;0.0152
ZNF462,-0.005263171278607204,False,2,0.0952;-0.1057
FOSL2,-0.005213172265338573,False,2,0.0075;-0.0179
SEPT11,-0.0052126451559080245,False,2,0.1256;-0.1361
NUPL2,-0.005191867318376175,False,2,0.0460;-0.0564
RAB27B,-0.0051660986516745,False,2,-0.1204;0.1101
HIST1H3G,-0.0051172614920805826,False,2,0.1086;-0.1188
TMEM160,-0.005105505931011334,False,2,-0.1096;0.0994
PIGH,-0.005074811455516193,False,2,0.1470;-0.1572
DMRT2,-0.005036968787812679,False,2,-0.0501;0.0401
ZNF782,-0.0050307503168826595,False,2,0.1276;-0.1376
GOT1,-0.004972756515603138,False,2,-0.0425;0.0326
PARP4,-0.004954658813071056,False,2,0.0349;-0.0448
ATAD2B,-0.004914560547704561,False,2,-0.0258;0.0159
HIST2H2BF,-0.004906072035544329,False,2,0.0991;-0.1089
PGR,-0.004900738973541041,False,2,0.0213;-0.0311
SESTD1,-0.004894567735230448,False,2,-0.0335;0.0237
ARHGAP17,-0.00488801012438278,False,2,-0.0164;0.0067
PPT1,-0.004886288400293204,False,2,0.0632;-0.0730
UROS,-0.004831468087313606,False,2,-0.0289;0.0193
HTT,-0.004830729450236104,False,2,-0.0938;0.0841
DAB2,-0.004827794606152458,False,2,0.0041;-0.0137
BID,-0.004797879038229258,True,2,-0.0086;-0.0010
TMUB1,-0.004797497673586615,False,2,-0.0583;0.0487
CAMK1D,-0.004790952803760351,False,2,0.0264;-0.0360
DCBLD1,-0.004788145810500077,False,2,0.0254;-0.0349
FRMD4B,-0.004786441536646535,False,2,-0.0612;0.0516
NAT14,-0.004785112689948412,False,2,0.0530;-0.0625
EVI2A,-0.004782212810141018,False,2,-0.1292;0.1196
HEY2,-0.004775173327931204,False,2,-0.0363;0.0268
ANXA9,-0.004747996422264089,False,2,-0.0738;0.0643
FAM153A,-0.004665069216924722,False,2,0.0384;-0.0477
RPL5,-0.0046462251090569895,False,2,-0.0528;0.0435
CPD,-0.004620113823657124,True,2,-0.0078;-0.0014
PYGL,-0.004515095265339997,False,2,-0.0255;0.0164
RGL1,-0.00451309632888508,False,2,-0.0348;0.0257
OTUD7B,-0.0045126566165449855,False,2,0.0465;-0.0555
SLC4A8,-0.004500132615412711,False,2,-0.0264;0.0174
WRNIP1,-0.004478168230578117,False,2,0.0234;-0.0323
PHYH,-0.0044760913979542405,False,2,-0.0103;0.0013
EDN1,-0.004441067766001394,False,2,-0.0737;0.0649
SCGB1A1,-0.0044259016878899216,True,2,-0.0071;-0.0017
PITX1,-0.0044112730532062105,True,2,-0.0058;-0.0031
GNG4,-0.004389186772231324,False,2,0.0120;-0.0208
GCC1,-0.004380497710482989,False,2,0.1739;-0.1827
ZNF582,-0.004368914410332381,False,2,0.0131;-0.0218
APOD,-0.004348004277367146,False,2,-0.0294;0.0207
ZBED2,-0.00432312256340861,False,2,-0.0325;0.0238
SEPT5,-0.0043195916347935626,True,2,-0.0069;-0.0017
DIDO1,-0.004297297377143405,False,2,0.0273;-0.0358
ARMT1,-0.0042542131519810455,False,2,-0.0694;0.0609
DNMBP,-0.004251947967458647,False,2,0.0186;-0.0271
TOR1AIP2,-0.00419355380917763,False,2,-0.0837;0.0753
CDK19,-0.0041468044199143295,False,2,-0.0552;0.0469
KDM4C,-0.004095218949889512,False,2,0.0297;-0.0379
NT5C,-0.004072229975305541,False,2,-0.0558;0.0477
LGALS4,-0.004070501282407157,False,2,-0.1379;0.1297
CENPE,-0.004065481720051389,False,2,-0.1236;0.1155
SPTSSA,-0.004053706011085234,False,2,-0.2049;0.1968
FLVCR1,-0.00398263651692965,False,2,-0.0280;0.0200
DGKQ,-0.00390220082184467,False,2,-0.0151;0.0073
HOXA13,-0.003871939712358663,False,2,0.1045;-0.1123
PLPBP,-0.0038286303818955147,False,2,0.0625;-0.0701
RHBDD1,-0.003782594808534767,False,2,0.0196;-0.0272
VLDLR,-0.003782030042050355,False,2,-0.0619;0.0543
PCIF1,-0.0037757177659990537,False,2,0.0165;-0.0240
CMC2,-0.0037550989139908952,False,2,0.1242;-0.1317
TRIP10,-0.0037283678342242,False,2,0.0648;-0.0723
EMC8,-0.003725931346802547,False,2,0.0080;-0.0155
FUOM,-0.0037229567344032044,False,2,0.0748;-0.0823
TMEM161A,-0.0036786288813581702,False,2,-0.0850;0.0776
ACVR2A,-0.0036421337788630215,False,2,-0.0193;0.0120
MYSM1,-0.003635745553496328,False,2,-0.0372;0.0299
AP1G2,-0.003631305859162659,False,2,0.0824;-0.0896
ZNF30,-0.0036011841490184437,False,2,-0.0108;0.0036
RAP1B,-0.0035992288129721994,False,2,0.0628;-0.0700
XRN2,-0.0035774756480529968,False,2,-0.4386;0.4315
NANOGNB,-0.0035512644844059027,False,2,0.0957;-0.1028
IRF2BP2,-0.0035358610050039707,False,2,0.0375;-0.0445
TTC39B,-0.0034991585031989847,False,2,0.0557;-0.0627
CALM1,-0.003494989483326605,False,2,0.0917;-0.0987
SPATA7,-0.003488405145843143,False,2,-0.0382;0.0312
MUC20,-0.0034615779379717493,False,2,0.0862;-0.0931
TXNDC9,-0.0034525927447838223,False,2,-0.0528;0.0459
PURG,-0.0034299138062343637,False,2,-0.1168;0.1099
ITGA10,-0.003424742039053741,False,2,-0.0071;0.0003
CSNK1D,-0.0034112794373943878,False,2,-0.1349;0.1281
SLC2A4RG,-0.003401445670293768,False,2,-0.0070;0.0002
AVIL,-0.003393924362618539,False,2,-0.0310;0.0242
UGCG,-0.00339300610987614,False,2,-0.1319;0.1251
KIAA1671,-0.00338765091425669,False,2,0.0712;-0.0780
MT1H,-0.003384649043137178,True,2,-0.0024;-0.0044
CCDC88B,-0.0033665243619405705,False,2,0.2136;-0.2203
HOXA1,-0.003343658145158912,False,2,-0.0511;0.0445
ORAI3,-0.003333451454402281,False,2,0.0240;-0.0306
SMARCAL1,-0.003298370466202738,False,2,-0.0518;0.0452
ATG4C,-0.0032909699800618974,False,2,0.1455;-0.1521
PRR11,-0.0032714254247346863,False,2,-0.0135;0.0069
STAM2,-0.0032598283532685457,False,2,-0.1174;0.1109
TVP23B,-0.0032288881919633194,False,2,0.0191;-0.0255
SLC25A46,-0.0032192823038367235,False,2,-0.0458;0.0394
CASS4,-0.003209475300795739,False,2,0.1483;-0.1547
AMDHD2,-0.0032093611957199064,False,2,-0.1062;0.0997
CREB1,-0.003181064524819144,False,2,-0.1715;0.1651
TCIRG1,-0.0031710904575666943,False,2,-0.1038;0.0975
SLC4A5,-0.003141488133930004,False,2,0.0732;-0.0795
AP4B1,-0.0031410405875049174,False,2,0.0265;-0.0327
EAF2,-0.003098854099485626,False,2,-0.1696;0.1634
EIF4G3,-0.003049611803869312,False,2,-0.0929;0.0867
IL3RA,-0.0030386495591663287,False,2,0.1352;-0.1413
CASD1,-0.0030341685670862706,False,2,-0.1284;0.1223
CCDC134,-0.003007763626160953,False,2,0.1592;-0.1652
ZNF212,-0.002990453570813345,False,2,0.0302;-0.0362
SMIM11B,-0.002982800920669715,False,2,-0.0934;0.0875
OVOL3,-0.0029642358340687402,False,2,0.1359;-0.1419
TIAF1,-0.002962240852032172,False,2,0.0756;-0.0815
TENT5A,-0.0029032897782266254,False,2,-0.1296;0.1238
PTGER4,-0.0028930397471259583,True,2,-0.0025;-0.0033
SLAIN2,-0.0028545486573219314,False,2,-0.1296;0.1239
CCND1,-0.0028396388261485717,False,2,-0.0536;0.0479
SBNO2,-0.002817058144782947,False,2,-0.1144;0.1088
HOXA7,-0.002814742895573541,False,2,0.0520;-0.0577
CCR9,-0.002807599729992727,False,2,0.0569;-0.0626
BTN2A1,-0.002802720975085937,False,2,-0.0719;0.0663
HADH,-0.0027244291976645796,False,2,0.0947;-0.1002
ZNF534,-0.0026984078817233748,False,2,0.0557;-0.0611
PARP3,-0.0026749253657194494,False,2,-0.0324;0.0270
LRP10,-0.002667762678701613,False,2,0.0055;-0.0108
FOXD4L6,-0.0026246147549793264,False,2,0.1428;-0.1481
BCL2L11,-0.002621236366064039,False,2,0.0271;-0.0323
KIAA1191,-0.0026021358136671946,False,2,0.0157;-0.0209
SCARB1,-0.0025832578370585946,False,2,0.0101;-0.0153
RSRP1,-0.0025695202374741988,False,2,0.0420;-0.0471
ST3GAL1,-0.0025492440469988553,False,2,0.0147;-0.0198
TSN,-0.0025177852901812625,False,2,0.0295;-0.0346
CDS1,-0.0024877487896765027,False,2,-0.0514;0.0464
ZBTB16,-0.002479684957026329,False,2,-0.0301;0.0252
PGM2,-0.0024601870664376913,False,2,-0.2144;0.2094
ZBTB45,-0.0023567508807074145,False,2,-0.0451;0.0403
EPAS1,-0.0023458947803864927,False,2,-0.0321;0.0274
TXNRD3,-0.0023232448967669406,False,2,0.0296;-0.0342
ZBTB18,-0.002304998117017787,False,2,-0.0121;0.0075
RBM15B,-0.0022932009456129165,False,2,-0.1392;0.1346
SLC31A2,-0.0022740545373953758,False,2,-0.1190;0.1144
DEPDC7,-0.0022489568744032407,False,2,0.0548;-0.0593
SLFN11,-0.0022150706813128807,False,2,-0.0482;0.0438
RAN,-0.002196498286688442,True,1,-0.0022
ZNF550,-0.00218280262415399,False,2,0.0273;-0.0316
KPNA3,-0.0021337523115367296,False,2,0.0224;-0.0267
KIF4A,-0.0021324845423896788,False,2,-0.0704;0.0662
CCNQ,-0.0021125009524554095,False,2,-0.1038;0.0996
ZNF679,-0.002095677987894895,False,2,0.0082;-0.0124
SCAMP3,-0.0020868000548895926,False,2,-0.0749;0.0707
KCTD13,-0.0020776997610850723,False,2,0.0040;-0.0081
ARNTL,-0.0020379376847335373,False,2,0.0747;-0.0788
DISP1,-0.0019248471550386004,False,2,-0.1145;0.1107
GTF2H5,-0.0018998957058925514,False,2,-0.0377;0.0339
CASP2,-0.0018854528368147383,False,2,0.0243;-0.0281
DPY19L1,-0.0018692765970977354,False,2,0.0950;-0.0987
WNT1,-0.0018054504416696315,False,2,0.0705;-0.0741
ZNF626,-0.0018008331921457454,False,2,0.0184;-0.0220
NUSAP1,-0.0018001484187040728,False,2,0.0443;-0.0479
ZNF322,-0.0017793776246071147,False,2,-0.0772;0.0737
PPP1R14C,-0.0017537847954502417,False,2,0.1443;-0.1478
GPR174,-0.001716529251767518,False,2,0.1915;-0.1949
NPTX1,-0.0016638590089472771,False,2,-0.0398;0.0365
TEPSIN,-0.0016463020727766065,False,2,0.0701;-0.0734
TNFRSF21,-0.0016431413137227846,False,2,0.0730;-0.0763
RUNX1,-0.0016353954351069344,False,2,0.0096;-0.0129
LTK,-0.0015769323230958587,False,2,0.0443;-0.0475
DMTF1,-0.001554614252389952,False,2,0.0352;-0.0383
FAM111B,-0.0015460138072844742,False,2,-0.1157;0.1126
SLC38A2,-0.0015192529852261494,False,2,-0.1292;0.1262
C5orf58,-0.001489779444461159,False,2,0.0168;-0.0198
MAPKBP1,-0.0014661342589046278,False,2,0.0050;-0.0080
CLCN3,-0.001425967665296013,False,2,0.0767;-0.0795
TBXAS1,-0.0014083344095054962,False,2,-0.0893;0.0865
DEGS2,-0.0013815321161454452,False,2,0.0509;-0.0537
POLE3,-0.0013747031944321142,False,2,0.1933;-0.1961
PARP8,-0.0013665063718073522,False,2,-0.0672;0.0644
ADIPOR1,-0.001354179909968778,False,2,-0.1294;0.1267
PRDM11,-0.0013500238009468424,False,2,-0.0244;0.0217
ROCK1,-0.001328529981330484,False,2,0.0783;-0.0810
ZDHHC20,-0.0013252677560858794,False,2,0.0785;-0.0811
FLYWCH2,-0.0012536719033784949,False,2,0.0416;-0.0441
OTX2,-0.0012218232983283728,False,2,0.0929;-0.0953
AP1AR,-0.0012217551152360895,False,2,0.1297;-0.1321
LMBR1,-0.0012138452959884471,False,2,-0.0516;0.0491
ISG20,-0.0012083665725242665,False,2,0.0413;-0.0437
ERICH1,-0.0011906104115654847,False,2,0.0910;-0.0934
ZFY,-0.001148941094184397,False,2,-0.0684;0.0661
NTN4,-0.0011398555819601697,False,2,-0.0621;0.0598
CYGB,-0.001138204373979379,False,2,-0.0508;0.0485
LOXL4,-0.0011036608064379227,False,2,0.0646;-0.0668
RNF114,-0.0010971200687586724,False,2,0.0551;-0.0573
TNNT3,-0.0010634326205627986,False,2,0.0911;-0.0933
ABRAXAS1,-0.0010590043318290387,False,2,-0.0189;0.0168
GTF2F2,-0.0010086420198531787,True,1,-0.0010
BRMS1,-0.0009892922780507796,False,2,-0.0603;0.0583
CD2AP,-0.0009853605225760287,False,2,0.1155;-0.1174
GPR82,-0.0009691176271721114,False,2,-0.0837;0.0817
PLXNA3,-0.0008711071145445226,False,2,-0.0178;0.0160
SGSM1,-0.0008703633122142396,False,2,-0.0603;0.0585
PISD,-0.0008246607492368163,False,2,-0.1497;0.1480
MPIG6B,-0.0007873219297862555,False,2,-0.0212;0.0197
SAR1B,-0.0007797310739793284,False,2,0.0012;-0.0028
NUDCD2,-0.0007621833047783966,False,2,-0.0087;0.0072
RBM18,-0.0007394082836913451,False,2,-0.0701;0.0687
SMIM12,-0.000735364159353602,False,2,0.1020;-0.1035
CRYL1,-0.0007318578648073393,False,2,0.0705;-0.0720
GBP5,-0.0007214324543438622,False,2,-0.0890;0.0875
DDHD1,-0.0007044511539170961,False,2,0.0643;-0.0657
MAP4,-0.0006880402545304531,False,2,0.0435;-0.0449
FMC1,-0.0006427506230745061,False,2,0.0012;-0.0025
HTATSF1,-0.000614610413527672,False,2,0.0331;-0.0343
RSAD2,-0.000601748692304449,False,2,-0.0464;0.0452
KLHDC2,-0.0005740761148270712,False,2,0.0611;-0.0623
GADD45G,-0.0005612625081202194,False,2,0.0872;-0.0883
COTL1,-0.0005000852808756395,False,2,-0.1402;0.1392
FOXQ1,-0.0004571275768007199,False,2,-0.0801;0.0792
PLCD4,-0.0004497414027574975,False,2,0.0526;-0.0535
MED16,-0.00043881025227549,False,2,0.0479;-0.0488
EIF4EBP2,-0.00043530894863030856,False,2,-0.1658;0.1650
SLC25A23,-0.00040589395702173015,False,2,-0.1339;0.1331
TXNDC11,-0.0004039532298244497,False,2,0.0388;-0.0396
UBE3B,-0.00030231748758186017,False,2,0.1131;-0.1137
UBQLN1,-0.00027872905607384535,False,2,-0.0583;0.0578
AMN1,-0.0002741890299675087,False,2,0.1676;-0.1682
DNAJB4,-0.0002571434705047615,False,2,-0.0392;0.0387
DEPTOR,-0.0002503816654357838,False,2,0.0459;-0.0464
HLA-DMA,-0.00021517998655995463,False,2,0.0718;-0.0722
COX18,-0.0001995889198955214,False,2,0.1014;-0.1018
C20orf202,-0.00015365129790378962,False,2,-0.0149;0.0146
KIRREL2,-0.00012801453589295075,False,2,-0.0348;0.0346
RNF103,-0.00010870470024776369,False,2,0.0652;-0.0654
CES4A,-3.586819602063862e-05,False,2,0.0634;-0.0635
CNTRL,-1.3589431899108106e-05,False,2,-0.0063;0.0063
B3GAT2,4.7376660126996484e-05,False,2,-0.1048;0.1048
NKX1-1,9.936608319482954e-05,False,2,-0.0624;0.0626
CLDND2,0.00010694217219764379,False,2,-0.0581;0.0584
ZFR,0.00013055270848438827,False,2,0.1499;-0.1497
ITGA5,0.00015284149840721906,False,2,-0.1892;0.1895
CCDC51,0.0001657677812983982,False,2,-0.0549;0.0552
NCKAP5L,0.00020127926561852583,False,2,-0.0429;0.0433
PNPLA8,0.00020961777438266438,False,2,0.1364;-0.1359
EVA1C,0.00021044730318864335,False,2,-0.0660;0.0664
ZNF200,0.00021856913265633215,False,2,0.0850;-0.0846
COL11A2,0.000220111825821101,False,2,0.0758;-0.0753
DPH6,0.00022227245402128837,False,2,-0.0346;0.0350
PHTF1,0.00023071651436401552,False,2,-0.1255;0.1260
AKT1S1,0.00023364658246466385,False,2,0.0857;-0.0852
CD160,0.00023718753861612374,False,2,-0.0356;0.0360
ZNF334,0.00024393122088073316,False,2,-0.0458;0.0463
MPHOSPH8,0.0002671502926763214,False,2,0.0253;-0.0248
GSKIP,0.0002918170325272862,False,2,0.0673;-0.0667
ZNF791,0.0002961079067997918,False,2,-0.1685;0.1691
ELK3,0.00033391712386354744,False,2,0.0688;-0.0681
MAP1LC3B2,0.00039135096705544825,False,2,-0.0511;0.0519
RIC8A,0.0004114210841346666,False,2,0.0298;-0.0290
SERPINI1,0.000415757346654555,False,2,-0.0993;0.1001
CCDC137,0.00042375475784384165,False,2,0.0149;-0.0141
KIAA0040,0.0004266915910279834,False,2,0.1332;-0.1323
C11orf65,0.0004330672253677892,False,2,0.0511;-0.0502
CDKL5,0.0004440674528499722,False,2,-0.1430;0.1439
MBD4,0.0004568186541892283,False,2,-0.0958;0.0968
RAB1B,0.0005084246429994943,False,2,0.0763;-0.0752
KCNH2,0.0005235244376507464,False,2,0.0976;-0.0965
SBK1,0.0005347969063066449,False,2,0.0244;-0.0233
GNPTAB,0.000544101423707033,False,2,0.1002;-0.0991
ATP1A3,0.0005574465219102542,False,2,-0.2426;0.2437
KPNA2,0.0005638862389888422,False,2,-0.1603;0.1614
UBXN6,0.0005687372492297338,False,2,0.1009;-0.0997
ANAPC15,0.0005694067926349522,False,2,0.1337;-0.1326
HIST1H3C,0.000631481025506031,False,2,-0.0415;0.0427
RAB3D,0.0007462464803809077,False,2,0.1013;-0.0998
KLC2,0.0007585866645217765,False,2,-0.0871;0.0886
NUDT12,0.000798991285882733,False,2,0.0395;-0.0379
ALDH9A1,0.0008056456281193003,False,2,0.0491;-0.0475
CEP131,0.0008084130254413235,False,2,0.0217;-0.0201
XAF1,0.000810715463029521,False,2,0.0603;-0.0587
ZNF596,0.0008359725365814086,False,2,-0.0505;0.0522
XIRP1,0.0008528281312886188,False,2,-0.1850;0.1867
TMPRSS3,0.0008632535231575256,False,2,-0.1050;0.1067
PLA2G2A,0.0008732391805446049,False,2,0.1002;-0.0985
SLC35G1,0.0008845509506257843,False,2,-0.0678;0.0696
MOB1B,0.0008865988451808304,False,2,0.0275;-0.0257
GCNT7,0.0009160305921324108,False,2,0.0265;-0.0246
TMEM62,0.0009234323373847886,False,2,-0.0737;0.0755
DRC3,0.0009308340371814161,False,2,-0.0235;0.0254
PPP1R13L,0.0009385416869821528,False,2,-0.0162;0.0181
C16orf87,0.0009539083958560735,False,2,-0.1364;0.1383
VPREB3,0.0009637023951775125,False,2,-0.1758;0.1778
RPL22,0.0009724145658245309,False,2,-0.0101;0.0121
CFD,0.001037182975965556,False,2,0.0025;-0.0004
IMPA2,0.0010557298156903538,False,2,-0.1307;0.1328
LARP4,0.0010690166735602968,False,2,-0.0977;0.0999
TPPP,0.0011064548070089941,False,2,0.1129;-0.1107
MEX3D,0.0011518332291359235,False,2,0.0056;-0.0033
PAN2,0.0011615508827543808,False,2,0.0432;-0.0409
CDK2,0.0011682229199533323,False,2,-0.0531;0.0554
TEX45,0.0012107050499978733,False,2,0.0641;-0.0617
NEK2,0.0012201777312867979,False,2,-0.1162;0.1186
SLC23A3,0.0012268638896701378,False,2,0.1011;-0.0987
PDE7A,0.001261229248581186,False,2,0.0164;-0.0139
SLC35E1,0.0012743931510379447,True,2,0.0004;0.0021
SLAMF8,0.0012965544130230655,False,2,0.0294;-0.0268
TXNIP,0.0013007722479008166,False,2,-0.0821;0.0847
PIR,0.0013260125838812087,False,2,0.0374;-0.0347
C8orf58,0.0013466052886307311,False,2,-0.0547;0.0574
PHB2,0.001469251894535617,False,2,0.0828;-0.0798
TIGD7,0.0014731635255756936,False,2,0.0361;-0.0331
BHLHA15,0.0015096293402031558,False,2,0.0678;-0.0647
TARSL2,0.001541316908747703,True,2,0.0024;0.0007
NDUFA8,0.0015622626693998498,False,2,0.0925;-0.0894
VPS13D,0.0016015434352918412,True,1,0.0016
OBSCN,0.001609456069784354,False,2,-0.1363;0.1395
HMGCL,0.0016544549191377378,True,1,0.0017
HERPUD1,0.0016840002018714273,False,2,-0.1639;0.1673
VPS41,0.0017431394958660196,False,2,0.0312;-0.0277
TRIM44,0.0017673617438690448,False,2,0.0348;-0.0313
FBXO10,0.0017720150751721064,False,2,0.1001;-0.0966
MOB1A,0.0018073486472119371,False,2,0.0539;-0.0503
PHF23,0.0018397015420390517,False,2,-0.0174;0.0211
IP6K2,0.0018706476781807924,False,2,-0.3503;0.3540
MEPCE,0.0018951597765247685,False,2,-0.0578;0.0616
UIMC1,0.0019054672699924113,False,2,-0.0254;0.0292
GTF3C4,0.0019121587652574101,False,2,-0.0849;0.0887
HOXA6,0.0019246867981235205,False,2,-0.0439;0.0478
MXD1,0.0019376850847752092,False,2,0.0326;-0.0287
ASPHD2,0.002015048206445602,False,2,-0.0363;0.0404
MTHFD2L,0.002061114540031439,False,2,-0.0732;0.0773
MANSC1,0.0020638288710010944,False,2,-0.2644;0.2686
PPP6R1,0.0020797466124208297,False,2,-0.0481;0.0523
PHF20L1,0.002109871837329913,False,2,-0.0853;0.0896
AGR3,0.0021411753850633097,False,2,-0.0683;0.0726
TRAPPC1,0.002154434969789676,False,2,0.0863;-0.0820
ZNF853,0.002168504077321054,False,2,-0.0650;0.0693
LRRC57,0.002180382105299139,False,2,-0.0734;0.0778
VEGFA,0.00224243631119847,False,2,0.0084;-0.0039
SMYD2,0.002263004537905622,False,2,-0.0123;0.0168
MYLPF,0.002279156658534842,False,2,0.0684;-0.0639
SSB,0.002291181749845217,False,2,0.0341;-0.0295
BTBD9,0.0023089942215390735,False,2,0.0113;-0.0067
ZSWIM8,0.002312884594232456,False,2,0.1385;-0.1339
PTMS,0.0023156577928764577,False,2,0.0049;-0.0002
INCA1,0.0023887856426479948,False,2,-0.1044;0.1092
BAZ1B,0.002418739367370859,False,2,0.0736;-0.0688
ATP5F1D,0.0024258953359646562,False,2,0.0836;-0.0787
ZNF846,0.0024268076802645977,False,2,0.0617;-0.0569
RLIM,0.0024418814946981504,False,2,0.0383;-0.0334
CTDSP1,0.0024847426812644735,False,2,0.0331;-0.0281
RBM27,0.0024996787628076556,False,2,-0.0088;0.0138
FAM129A,0.002514199742914336,False,2,-0.0948;0.0998
PHYHD1,0.0025199435498074463,False,2,0.0061;-0.0010
BCR,0.0025744660047319345,False,2,0.0605;-0.0553
CELA1,0.0026386322599513123,False,2,-0.0720;0.0772
SKA2,0.00265148537765475,False,2,0.0493;-0.0440
FAM120AOS,0.002652425272202219,False,2,-0.0619;0.0672
CLNK,0.0027645808638188107,False,2,-0.0560;0.0615
COQ7,0.0028011807566152847,False,2,-0.0231;0.0287
ECHDC1,0.0028179195385719114,False,2,-0.0409;0.0465
LRRC42,0.0028336090748201093,False,2,-0.1350;0.1407
EN2,0.002835832528052862,False,2,0.0441;-0.0384
HPDL,0.0028511360179506173,False,2,0.0542;-0.0485
ZDHHC9,0.0028811877729779667,False,2,-0.0163;0.0221
ALOX5,0.002896188730810323,False,2,-0.0753;0.0811
NFATC1,0.002901403064180741,False,2,-0.0143;0.0201
MSX1,0.0029438724877393074,False,2,0.0881;-0.0822
CCDC112,0.0029440808884486636,False,2,0.0174;-0.0115
TMEM80,0.002981322839999967,False,2,0.0540;-0.0481
FAHD2A,0.0029922067249761874,False,2,0.0986;-0.0927
PLD2,0.0030013065195750865,False,2,0.0199;-0.0139
S100A5,0.0030398434934744145,False,2,0.0192;-0.0131
GLMN,0.003041262864295513,False,2,0.0134;-0.0073
EYA3,0.0030581298123198986,False,2,0.0903;-0.0842
MSRB2,0.0030771598958573287,False,2,0.0228;-0.0166
TTLL2,0.0030779055071860073,False,2,-0.0205;0.0266
YWHAG,0.003085136026563684,False,2,0.1077;-0.1015
CBX3,0.003098424962795443,False,2,-0.0457;0.0519
PRXL2B,0.003101432324302489,False,2,-0.0085;0.0147
FBXO21,0.0031166015463480745,False,2,-0.0551;0.0614
PIK3CA,0.0031236388608357757,False,2,0.0891;-0.0829
PRDM4,0.0031251932722549114,False,2,0.0212;-0.0150
SLC51A,0.0031302152254995552,False,2,0.1164;-0.1102
GUCY1B1,0.0031447666610892044,False,2,-0.0946;0.1009
BATF2,0.0032050247185370084,False,2,0.0735;-0.0671
NTNG2,0.003238288142473622,False,2,0.1058;-0.0994
CPSF7,0.0032529628903087415,False,2,-0.0245;0.0310
TMSB10,0.0032697998826836105,False,2,-0.0709;0.0774
URB1,0.003298503925867391,False,2,-0.0421;0.0487
MYL6B,0.003303264824212726,False,2,-0.0457;0.0523
C20orf194,0.0034112043014643545,True,2,0.0019;0.0049
GNPTG,0.00341261660569403,False,2,-0.0084;0.0152
SH3PXD2A,0.0034142316883571944,False,2,-0.0243;0.0311
ALOX5AP,0.0034178826849379784,False,2,0.0517;-0.0449
CHPF2,0.003431592522750271,False,2,-0.0579;0.0648
FAM3D,0.0034402863298272357,False,2,0.1490;-0.1422
HAND2,0.0034523829932077144,False,2,0.0123;-0.0054
DYNLT1,0.0034628923888434526,False,2,0.1465;-0.1395
PLAGL2,0.003466087698572151,True,1,0.0035
ING2,0.0034669264762453578,False,2,-0.2067;0.2136
ROGDI,0.0035032306554979575,False,2,-0.0998;0.1068
CDYL,0.003508588165648696,False,2,-0.1475;0.1545
STOML1,0.003524917476003364,False,2,-0.1076;0.1147
FKBP3,0.003604797352160294,False,2,0.0772;-0.0700
BIRC3,0.003621524731568626,False,2,-0.0642;0.0715
H2AFV,0.00363479352661078,False,2,-0.0247;0.0319
BCLAF1,0.003639408576788572,False,2,-0.0116;0.0189
NKRF,0.0036954145921405113,False,2,0.0824;-0.0750
FCGR2B,0.003705574034091219,False,2,-0.0081;0.0155
MYL6,0.003710550060282758,False,2,-0.0535;0.0609
PUM2,0.003733987025927865,False,2,0.1023;-0.0948
LMNB1,0.0037380122738148724,False,2,0.0117;-0.0043
MRPL38,0.003746259504685434,False,2,-0.0621;0.0696
ARID4A,0.0037651139149178503,False,2,0.0357;-0.0282
MIIP,0.0037882601654645187,False,2,0.0850;-0.0775
PLCE1,0.0038160010279080225,False,2,-0.1967;0.2043
DNAJB13,0.003828624369012712,False,2,0.2325;-0.2248
GSTCD,0.003837234754696439,False,2,0.0203;-0.0126
CDK10,0.0038630264803670156,False,2,0.0879;-0.0802
CASP6,0.003873735362948383,False,2,0.0693;-0.0616
POFUT2,0.0038776465709434715,False,2,0.0242;-0.0164
IGF2BP3,0.003908311831582967,False,2,0.0905;-0.0827
GCNT1,0.003936848783686164,False,2,-0.0445;0.0524
TEC,0.003958590453975452,False,2,0.1017;-0.0938
SNAPC3,0.003963216460403873,False,2,-0.1071;0.1150
ZNF496,0.0040090139454060925,False,2,-0.0103;0.0183
NFE4,0.004021387541273569,False,2,-0.1331;0.1411
PSMB5,0.00404091861860667,False,2,-0.0848;0.0929
PLXNC1,0.004042324962169552,False,2,0.2109;-0.2028
HLA-DQA2,0.004053359474455398,False,2,-0.0386;0.0467
HMGN5,0.0040730211674808725,False,2,0.1249;-0.1168
CTDSP2,0.004093501611703465,False,2,0.1044;-0.0962
MORN3,0.004102836962008083,False,2,-0.0984;0.1066
AGFG2,0.004106562895419774,False,2,0.0287;-0.0205
SAMD9,0.004117906608793964,False,2,-0.0452;0.0535
TRIM4,0.004126830629474609,False,2,-0.0544;0.0626
ANGPT2,0.004148907100888999,False,2,0.0975;-0.0892
CHST10,0.004155299639697463,False,2,0.0609;-0.0526
GPR155,0.004160528636434124,False,2,0.0627;-0.0544
TMEM256,0.0041721450566798435,False,2,0.0098;-0.0014
F13A1,0.004176521252143128,False,2,0.0674;-0.0591
HELB,0.0041834086389568315,False,2,-0.0235;0.0319
GLI2,0.004183777046445236,False,2,-0.0704;0.0788
DIAPH2,0.004186247540429289,False,2,0.0141;-0.0057
NRBF2,0.004190296708251662,False,2,0.0202;-0.0118
ZNF615,0.004212815134752357,False,2,0.0342;-0.0257
CPLANE1,0.004217846917520696,False,2,-0.1486;0.1570
TEP1,0.00423029157059529,False,2,0.0220;-0.0136
ECH1,0.0042417635680202515,False,2,0.0546;-0.0461
APOBEC3F,0.004245308666710357,False,2,-0.0959;0.1044
POLM,0.004246475987906451,False,2,0.1875;-0.1790
LTBP3,0.0042831344929732396,False,2,-0.1526;0.1612
AP5S1,0.004286305867353013,False,2,-0.0927;0.1013
HPS6,0.004295018599347389,False,2,0.0585;-0.0499
EID1,0.0043133601452301495,False,2,0.0760;-0.0674
ACTA2,0.004328698902614336,False,2,-0.1146;0.1233
PGRMC1,0.004336834753631669,False,2,0.0369;-0.0282
HMG20B,0.004364895038651506,False,2,0.0891;-0.0803
HEXIM2,0.004365486731528034,False,2,-0.0254;0.0341
SLC41A1,0.004406727676936839,False,2,-0.0713;0.0801
ZNF711,0.004444790310959124,True,2,0.0073;0.0016
SLC35A4,0.004458359384313271,False,2,-0.0565;0.0654
CHST2,0.0044671354075617176,False,2,-0.0816;0.0905
MARCH3,0.004483557093036272,False,2,0.0442;-0.0352
TRDMT1,0.004494368825217587,True,2,0.0034;0.0055
LGALS3,0.0045097174459387546,False,2,-0.0691;0.0781
MAPK13,0.0045216543821429145,False,2,0.0334;-0.0244
RNF214,0.004522712436602294,False,2,-0.1338;0.1429
SRRD,0.004536111636364304,False,2,0.1002;-0.0911
CACNA1E,0.0045817513253541,False,2,-0.1254;0.1345
GRB10,0.004582800514828178,False,2,0.0917;-0.0826
ASPM,0.004600566689260677,False,2,0.0169;-0.0077
MTCH1,0.0046086847778569195,False,2,0.0337;-0.0245
ZFP1,0.004624417663075975,False,2,0.0618;-0.0526
TAS2R20,0.004640117739070804,False,2,0.0414;-0.0321
CRTAP,0.004649111440933162,False,2,-0.1247;0.1340
RFX8,0.004659197391780001,False,2,0.1564;-0.1471
ZNF100,0.004672515401850097,False,2,-0.0199;0.0292
SURF2,0.004687922848436443,False,2,-0.0727;0.0821
UQCC3,0.004688393235422694,False,2,-0.0013;0.0107
ARHGEF10,0.004692509138576273,False,2,0.1567;-0.1473
UTP14A,0.004706899835637879,False,2,-0.0897;0.0991
RBM43,0.004713145629658078,False,2,-0.0763;0.0857
EFNA1,0.004716797652248306,False,2,0.0215;-0.0121
SOD2,0.004737941142907209,False,2,0.1181;-0.1086
S100A16,0.0047461127928257185,False,2,0.0924;-0.0829
HADHA,0.004755737206966371,False,2,0.0970;-0.0875
COX5A,0.004824254322657984,False,2,0.0361;-0.0265
SHC1,0.004852584700462015,False,2,-0.0316;0.0413
DLGAP4,0.0048865731126870315,False,2,0.0354;-0.0257
ZNF646,0.00490237525889986,False,2,0.0950;-0.0852
FASLG,0.004922747119864845,False,2,-0.0857;0.0955
NDUFAF6,0.004941383613825456,False,2,-0.0548;0.0647
SLCO4C1,0.004943746731725374,False,2,0.0729;-0.0630
SPHK2,0.0049509639087373936,False,2,0.0227;-0.0128
MPHOSPH6,0.004975958621210752,False,2,0.1052;-0.0952
GNAQ,0.004979660344250125,False,2,-0.1053;0.1152
MDC1,0.004980886989383926,False,2,0.0555;-0.0455
ST3GAL2,0.005013116770486659,False,2,-0.0510;0.0610
MCOLN2,0.005019428046142305,False,2,-0.0351;0.0451
TLCD1,0.0050207343467090215,False,2,0.1290;-0.1190
MAPK11,0.005028308551759175,False,2,-0.1855;0.1955
NPAS3,0.005086631879555048,False,2,-0.0065;0.0167
IRAK3,0.005125208322332209,False,2,0.0226;-0.0124
ZDHHC24,0.005133714802198597,False,2,0.0232;-0.0130
DCAF11,0.005164862886611221,False,2,0.0495;-0.0392
FCGR2A,0.005168495083020863,False,2,-0.0424;0.0527
FUK,0.0051722445345382395,False,2,-0.0058;0.0161
ID3,0.005193888483074338,False,2,0.0427;-0.0323
BIN2,0.005239839424332482,False,2,0.0156;-0.0051
ZFYVE16,0.005276275358123916,False,2,0.1303;-0.1197
EIF3K,0.0052972603474570334,False,2,-0.0572;0.0678
GLIPR2,0.0053241203847876895,False,2,-0.0441;0.0547
PVRIG,0.005340792793286031,False,2,-0.0138;0.0244
ARHGAP45,0.005394470028139087,False,2,-0.0147;0.0255
KIF1B,0.005452383227880331,False,2,0.0364;-0.0254
SPARCL1,0.005459918808954578,False,2,0.0313;-0.0204
UVRAG,0.005474843563892051,False,2,0.0172;-0.0063
RDH5,0.00549412555173634,False,2,0.0473;-0.0363
PERP,0.005529540917155962,False,2,-0.0533;0.0644
HIST1H2BE,0.005589988310820582,False,2,0.0920;-0.0808
ZIC5,0.005602546185388524,False,2,0.1413;-0.1301
SH3RF3,0.005733888004814114,False,2,-0.0420;0.0535
ARNT2,0.005760429555508373,True,2,0.0112;0.0003
MIS12,0.005803099737673123,False,2,0.3188;-0.3072
SP6,0.005825255409871,False,2,0.0800;-0.0684
VPS16,0.005838051142205258,False,2,0.2375;-0.2258
RAD50,0.005841450474746601,False,2,-0.2248;0.2365
PAFAH2,0.0059130652998135025,False,2,-0.1844;0.1962
DIAPH1,0.005918513716172691,False,2,-0.0595;0.0713
P2RX5,0.006007806086940626,False,2,0.1243;-0.1123
CCR5,0.006011435503517404,False,2,0.0426;-0.0306
LRRC25,0.006053064236986483,False,2,-0.0812;0.0933
MINOS1,0.006089149021187734,False,2,0.0144;-0.0022
TECR,0.006106311388031749,False,2,-0.0123;0.0245
NCDN,0.006122028683814396,False,2,0.0710;-0.0588
PSPC1,0.006130427494015489,True,2,0.0091;0.0032
ZRSR2,0.0061378065425160555,False,2,-0.0408;0.0531
HAGHL,0.006164634911778488,False,2,0.0998;-0.0875
FMO4,0.00616912896643379,False,2,0.1081;-0.0958
VRK3,0.006188395817943226,False,2,0.1541;-0.1417
PIK3AP1,0.006216135053868976,False,2,-0.1278;0.1403
LAX1,0.0062187089380263405,False,2,-0.0198;0.0323
ZSWIM1,0.00623811837137378,False,2,-0.0019;0.0144
RAX,0.00625551425238946,False,2,0.0289;-0.0164
ABCB6,0.006258696185183321,False,2,0.0556;-0.0431
UBE2Z,0.006299217452577832,False,2,0.0478;-0.0352
KLHDC3,0.00631038172852566,False,2,0.0983;-0.0857
ZNF217,0.006317483912666733,False,2,-0.3158;0.3284
PLD4,0.006337308356722748,False,2,-0.0342;0.0469
DRG2,0.006356510997129194,False,2,0.0199;-0.0072
PACS1,0.006363016272334154,False,2,0.0269;-0.0142
CNOT7,0.006377475362276841,False,2,-0.1258;0.1385
PF4V1,0.006398317258289543,False,2,0.1850;-0.1722
PAX1,0.006405555436474142,False,2,-0.0372;0.0500
APOL2,0.006429289763399515,False,2,0.0818;-0.0690
PARPBP,0.006474852392734598,False,2,-0.0451;0.0581
SLC25A40,0.006478145058076756,False,2,0.0478;-0.0349
ZNF10,0.006496821441644818,False,2,0.0444;-0.0314
GPR89B,0.006560914861921785,False,2,0.0377;-0.0246
SIDT1,0.006577581504913166,False,2,-0.0777;0.0908
REEP4,0.006589734156333016,False,2,-0.0151;0.0282
MMACHC,0.006590139058926581,False,2,-0.0103;0.0235
TMEM263,0.006593085620757,False,2,-0.2068;0.2200
BLK,0.00659404655389717,False,2,-0.0959;0.1091
TEF,0.006621544592171735,False,2,0.1148;-0.1015
CA14,0.00662170206483137,True,2,0.0102;0.0030
TGFBI,0.006653482734660376,False,2,0.0605;-0.0472
NAP1L5,0.006659053946885818,False,2,-0.0292;0.0425
HIVEP1,0.006686613547840281,False,2,-0.0764;0.0898
GNPAT,0.006692122601914097,False,2,0.0229;-0.0095
CALM3,0.006714800140072974,False,2,0.0683;-0.0549
ERCC6L2,0.006718678284022173,False,2,-0.2893;0.3027
SNURF,0.006761794610250171,False,2,0.1109;-0.0974
GZF1,0.006837917138738381,False,2,0.0396;-0.0259
THBS1,0.006867331168937563,False,2,-0.1095;0.1232
RASAL1,0.006906827127689974,False,2,-0.0575;0.0713
FAM110C,0.0069520319848283,False,2,-0.0917;0.1056
TRPS1,0.006970723727658057,False,2,-0.0383;0.0522
ZNF16,0.0069748678092744765,False,2,-0.0290;0.0430
PRR5L,0.007050738218679742,False,2,-0.1033;0.1174
BCL2L14,0.007055289433201772,False,2,-0.1226;0.1367
DNMT3B,0.007079233841024435,False,2,0.0593;-0.0452
GPAA1,0.007082682576615595,False,2,0.1117;-0.0976
ATP8B4,0.007093819050881911,False,2,0.0998;-0.0856
FOXN2,0.007105006948953163,False,2,0.1555;-0.1412
TCTEX1D4,0.007183569830897296,False,2,0.0269;-0.0125
MCHR1,0.007216026780283269,False,2,0.1128;-0.0983
CTLA4,0.00723108357531177,False,2,0.0155;-0.0010
BDH2,0.007238452923612804,False,2,-0.0314;0.0459
ZBTB21,0.007272239876918274,False,2,-0.0704;0.0850
CERKL,0.007332755456766149,True,2,0.0046;0.0101
LARGE2,0.007343492771676119,False,2,0.0352;-0.0206
TCTN3,0.007351433903870719,False,2,-0.0077;0.0224
ATP7A,0.00736354064633582,False,2,-0.0809;0.0956
MCAT,0.007400986872835635,False,2,0.1144;-0.0996
CAMK4,0.007412716582636425,False,2,-0.0640;0.0788
TMEM131,0.007421022874025018,False,2,0.0797;-0.0649
RNF4,0.007429062762296379,True,1,0.0074
IDS,0.007474033663696589,False,2,-0.0471;0.0621
ZNF319,0.007486381469953063,False,2,0.0215;-0.0065
PSMB4,0.007549398305443322,False,2,0.0834;-0.0683
KIAA1586,0.0075609086337316,False,2,-0.0177;0.0328
SLC30A4,0.007570662414705942,False,2,-0.0548;0.0699
ZNF618,0.0075920800585833614,False,2,0.0339;-0.0187
SCAF1,0.007611162573115227,False,2,-0.0271;0.0423
TRIM3,0.0076417624374944815,False,2,0.0893;-0.0740
SLC25A13,0.007643969290288988,False,2,-0.0247;0.0400
RYK,0.007652330449371747,False,2,-0.0714;0.0867
TRADD,0.007655675672912476,False,2,-0.0501;0.0654
ZDHHC11,0.0076685788532345756,False,2,-0.0617;0.0770
FOXL2,0.00770681074810331,False,2,0.0354;-0.0200
PARP16,0.007709633947961314,False,2,-0.1102;0.1256
GLUD1,0.007729610719182989,False,2,-0.0209;0.0364
HSD11B2,0.0077522452086693505,False,2,0.0206;-0.0051
ZBTB41,0.007783028778501788,False,2,-0.0290;0.0445
TSPAN32,0.007789043809252938,True,2,0.0071;0.0085
PAPSS2,0.007824089142269175,True,2,0.0103;0.0054
PKD2,0.007836206816879687,False,2,-0.0035;0.0192
PHKB,0.007839888431423803,False,2,0.1177;-0.1020
NCR3,0.007922601439122934,False,2,-0.1842;0.2001
OCLM,0.007926760459520454,False,2,0.1392;-0.1234
PSAP,0.007930220689233325,True,2,0.0012;0.0147
EIF4H,0.007942181920941649,False,2,0.0532;-0.0373
MAP3K6,0.007949766474284803,False,2,-0.0824;0.0983
SP3,0.007984332182646714,False,2,-0.1041;0.1201
MICB,0.007986034608330805,False,2,0.0389;-0.0230
SPRN,0.00800857576133207,False,2,-0.0873;0.1034
C14orf28,0.008010683871666924,False,2,0.0989;-0.0828
ATF6,0.008025250469384959,False,2,0.1330;-0.1170
MPO,0.008029039955830486,False,2,-0.0334;0.0495
DGCR6L,0.008046143905374559,False,2,0.1305;-0.1144
CXXC5,0.008057925556558931,False,2,0.0384;-0.0222
FPR1,0.008111387901015288,False,2,0.0307;-0.0145
TEX30,0.008113559617151989,False,2,0.0448;-0.0286
SLC25A12,0.008144190932727668,False,2,-0.0003;0.0166
CLEC12A,0.008162610293334205,False,2,-0.0439;0.0602
ENKUR,0.008272473871718922,False,2,-0.1049;0.1214
GTPBP6,0.008315884484711766,False,2,0.0344;-0.0178
BIRC5,0.008339638511090541,True,1,0.0083
ATG9B,0.008367237373183012,False,2,-0.0236;0.0403
ZFAND2A,0.00839280891256089,False,2,0.1379;-0.1211
ZKSCAN8,0.008408614088167288,False,2,-0.0675;0.0844
NME3,0.008423009405103155,False,2,0.0662;-0.0493
ALDH3A2,0.008434437886571722,False,2,-0.1206;0.1374
SKOR2,0.008483320656238691,True,2,0.0030;0.0140
TAF4B,0.008556068036318476,False,2,0.1310;-0.1138
CAMK2N1,0.008556666909641408,False,2,-0.0548;0.0719
MMRN1,0.00856449502508394,True,2,0.0121;0.0050
PHACTR4,0.00858088673262103,False,2,0.1398;-0.1226
NIPSNAP3A,0.008587759918835203,False,2,0.1371;-0.1199
FAM184B,0.008588954873947063,False,2,0.0577;-0.0405
ACTR3C,0.008623277273175023,False,2,-0.0323;0.0495
CCNJ,0.0086713612676248,False,2,-0.0932;0.1105
METTL14,0.008704639432745742,False,2,0.0512;-0.0337
PDS5A,0.008705809955903976,False,2,0.0383;-0.0209
HSF2,0.008727995672237254,False,2,0.0431;-0.0257
TFEC,0.008744091307399726,False,2,-0.0470;0.0645
GNRH2,0.008797583256020869,False,2,0.1039;-0.0863
RARRES2,0.008832014212632244,False,2,0.0912;-0.0736
LPP,0.008840286899437722,False,2,-0.0626;0.0803
RPS26,0.008867021201994563,True,1,0.0089
NPIPB15,0.008887860132055336,False,2,0.1166;-0.0988
COX8A,0.008894011101047039,True,2,0.0162;0.0016
DUSP16,0.008898718475158107,False,2,-0.0397;0.0575
UBE2M,0.008929232305375678,True,2,0.0047;0.0131
TAPT1,0.00894146802267115,False,2,-0.1420;0.1599
ZNF735,0.00894338132005379,False,2,0.0694;-0.0515
TRAP1,0.008962105889981198,False,2,0.0992;-0.0813
TBC1D3B,0.008993375855504082,False,2,0.0419;-0.0240
B4GALT7,0.009002684542771089,False,2,0.0320;-0.0140
C1RL,0.009042830662975287,False,2,0.0720;-0.0539
PPP1R7,0.00908083987099323,False,2,0.1066;-0.0884
IL12RB1,0.009121089202860977,False,2,0.1134;-0.0951
MICAL3,0.009132425177634906,False,2,0.0222;-0.0040
CST3,0.009145050445697356,False,2,-0.0866;0.1049
RIOX1,0.009157467018774956,False,2,0.0388;-0.0205
EIF2B5,0.009187756465361852,False,2,0.0268;-0.0084
EXD2,0.009196257308736744,True,2,0.0128;0.0056
THEM4,0.009196970765713797,False,2,0.0281;-0.0097
BMP1,0.00926971297615875,False,2,0.0261;-0.0076
AKAP1,0.009270967305330613,False,2,0.1143;-0.0957
MFSD11,0.009271803878099671,False,2,0.1032;-0.0847
AES,0.009280521625781413,False,2,-0.1491;0.1677
PPP1R11,0.009280586628190424,False,2,0.2381;-0.2195
BIN1,0.009293147682646219,False,2,0.0524;-0.0338
BAX,0.00930165867679189,False,2,-0.1785;0.1971
FBXO22,0.009305003821849844,False,2,0.0547;-0.0360
SCRT2,0.00932857804491427,False,2,-0.0928;0.1114
MTBP,0.009344785612841078,False,2,0.0810;-0.0623
SPINK1,0.009369351690718175,False,2,-0.0645;0.0832
TMEM14C,0.009399347801979263,False,2,0.0779;-0.0591
ZNF440,0.009415250005876452,False,2,0.1179;-0.0991
MTX3,0.009489121836124492,False,2,-0.0238;0.0428
GNG10,0.009516978896920159,False,2,-0.0501;0.0691
CCDC43,0.009522391056521973,False,2,0.0438;-0.0248
SMC5,0.009540609896125818,False,2,-0.2241;0.2432
RSPRY1,0.009569937208143697,False,2,0.0388;-0.0197
SLC6A1,0.009570906073312346,False,2,0.0512;-0.0320
NRBP1,0.009651973876235509,False,2,-0.0047;0.0240
EGF,0.009706517398876124,False,2,0.1217;-0.1023
CORO6,0.009746668883519827,False,2,0.0558;-0.0363
FOCAD,0.009749854578979589,False,2,0.0373;-0.0178
HDAC4,0.009759944189234648,False,2,-0.0679;0.0874
UBE4A,0.009768831406206935,False,2,0.1538;-0.1343
EEFSEC,0.00985782796799839,False,2,0.0656;-0.0459
CXCL16,0.00985923502372732,False,2,-0.0498;0.0695
RBM5,0.009863239257482559,False,2,-0.0748;0.0945
THEM5,0.009870671576242218,False,2,-0.0505;0.0703
QTRT2,0.009886187088109621,True,2,0.0002;0.0195
ZMYM5,0.009887468566088464,False,2,-0.0501;0.0699
PROSER3,0.009901511457483803,False,2,0.0568;-0.0369
DPRX,0.009931795916763853,True,2,0.0140;0.0059
RAB4A,0.009938877195193374,False,2,-0.0195;0.0394
AMH,0.009997383551469952,False,2,-0.0603;0.0803
ZNF2,0.010007588027306613,False,2,-0.0521;0.0721
LRRC69,0.010010824276025065,True,2,0.0125;0.0075
R3HDM4,0.010054148848570144,False,2,-0.1275;0.1476
EBF2,0.010061885545020965,False,2,-0.0628;0.0830
OSER1,0.010080307360531116,False,2,0.1871;-0.1669
SMNDC1,0.010111123087101048,False,2,-0.1280;0.1482
NCOR2,0.010117584538684166,False,2,0.0346;-0.0143
ADAT2,0.0101205148195741,False,2,0.0397;-0.0194
TFDP2,0.01012972137136392,False,2,0.0547;-0.0344
PRKCI,0.01014211562168671,False,2,0.0528;-0.0325
ZBTB7B,0.010175879039605484,False,2,-0.0635;0.0839
ZXDA,0.010197602447788445,False,2,-0.1975;0.2179
ZNF232,0.010240621020345175,False,2,-0.0607;0.0812
CA10,0.01024179267125691,False,2,-0.1273;0.1478
SDR42E1,0.010247434526086119,False,2,-0.0292;0.0497
C11orf58,0.010269535813556607,False,2,-0.0657;0.0863
MAGI1,0.010282608947253136,False,2,0.0469;-0.0263
RLN2,0.010293499067928091,False,2,-0.0773;0.0979
ANKLE2,0.010294215182535038,False,2,-0.1680;0.1886
MSANTD2,0.010297954626729444,False,2,0.0367;-0.0161
YTHDC2,0.010370323969372097,False,2,-0.0596;0.0803
ZNF404,0.010378332010634761,False,2,-0.2161;0.2369
CLIP3,0.010392546259186064,False,2,-0.0638;0.0846
CDC42SE1,0.01040934127187787,False,2,0.0350;-0.0142
ALPK1,0.010419585242990248,False,2,-0.0576;0.0784
TANGO6,0.010454307434851984,False,2,0.2217;-0.2008
URGCP,0.010465738372610889,False,2,0.0263;-0.0054
PANK1,0.010511339793616348,False,2,0.1533;-0.1323
ZNF546,0.010520324813187987,False,2,-0.1656;0.1866
DNAJC18,0.010531311257996223,False,2,-0.0926;0.1137
USP45,0.01056740224878533,False,2,0.1083;-0.0872
HAUS1,0.01062114088876176,False,2,0.2374;-0.2162
POP7,0.010709198710148082,False,2,-0.1140;0.1354
MAP3K8,0.010718085897295948,False,2,-0.0667;0.0881
PFKP,0.010737829308608116,False,2,0.0461;-0.0246
GUCY1A1,0.010752142483470062,False,2,0.0825;-0.0610
PSENEN,0.010754495344820647,False,2,0.0299;-0.0084
UBR7,0.0107620165455104,False,2,0.0796;-0.0581
RNF122,0.010783691035610166,False,2,-0.1359;0.1575
SPPL2A,0.010794865289317612,False,2,-0.1836;0.2052
PHC3,0.01079884689137589,False,2,-0.1842;0.2058
ZDHHC14,0.010811110220444897,False,2,-0.1191;0.1407
GP1BA,0.010817648639164235,True,2,0.0028;0.0188
ACTR5,0.010853010433306054,False,2,0.0779;-0.0562
FEM1C,0.010892667625249652,False,2,0.0849;-0.0632
NGDN,0.010920369794787499,True,1,0.0109
NDUFB4,0.010935462118860373,False,2,0.0822;-0.0604
L3MBTL1,0.010945397955269054,False,2,0.1241;-0.1022
NEUROD6,0.01097012411595133,False,2,-0.0318;0.0537
NEIL3,0.01097736934968424,False,2,0.0495;-0.0275
RBMS3,0.010991726276508018,True,2,0.0050;0.0170
HSPA1L,0.011012173200094733,True,2,0.0034;0.0186
JAZF1,0.01106170881410029,False,2,-0.2697;0.2918
ZFYVE21,0.011088441294185292,False,2,0.0931;-0.0709
GGA1,0.01109359132006521,False,2,0.1156;-0.0934
TRAPPC2,0.011158531574312347,False,2,-0.0692;0.0916
NCOA7,0.011174730882370087,False,2,-0.1127;0.1351
RALGAPA2,0.011178126795983512,False,2,-0.0242;0.0466
DKK3,0.011195645874891358,False,2,0.0624;-0.0400
MMP9,0.011246965436141787,False,2,-0.0915;0.1140
BNC2,0.011266552157555565,False,2,-0.0209;0.0435
IVNS1ABP,0.011268300113156604,False,2,-0.0086;0.0311
SMAD9,0.011273624304525054,False,2,-0.0300;0.0525
NBPF11,0.011278944412197012,False,2,-0.1121;0.1346
TTLL12,0.011360166935035554,False,2,0.1153;-0.0926
SEBOX,0.011399531001260677,True,2,0.0217;0.0011
DGKI,0.011450977050428413,False,2,0.0301;-0.0072
SLC25A19,0.011456737196551381,False,2,-0.0581;0.0810
ME1,0.011458364002729815,False,2,-0.0181;0.0410
TTC33,0.011458977584973717,True,2,0.0190;0.0039
MOSPD3,0.011462962473943739,False,2,0.0431;-0.0202
UQCC2,0.011497075029679671,False,2,-0.0507;0.0737
NFE2,0.01149954796553132,False,2,-0.0977;0.1207
SRGAP3,0.011532505923473768,False,2,0.1324;-0.1093
BNIP3,0.011533539684955796,False,2,0.1226;-0.0995
IDH2,0.011536438087334067,False,2,0.1407;-0.1176
COA4,0.011557285530851724,False,2,0.0685;-0.0454
PLEKHM3,0.011564159007157238,False,2,-0.0152;0.0384
ADRB2,0.011608330752157836,False,2,-0.1647;0.1879
PRKAG2,0.011639770106397829,False,2,0.0449;-0.0217
CREB3L2,0.011644842862091942,False,2,0.2175;-0.1942
OXNAD1,0.011660770306037682,False,2,0.0644;-0.0411
YEATS4,0.011674300685694083,True,1,0.0117
CDKN3,0.011686548453451961,False,2,0.0659;-0.0425
LMBRD1,0.011723813584940013,False,2,-0.0303;0.0538
SETMAR,0.011742887602501917,False,2,0.0641;-0.0407
SLC5A2,0.01177646192070636,False,2,0.0552;-0.0317
PEAK1,0.011864478953977686,False,2,0.0795;-0.0558
ATF7,0.01188142547845028,False,2,0.0356;-0.0119
CLN3,0.011884250943789199,False,2,-0.0203;0.0441
EEF2K,0.011899476381336815,False,2,-0.0052;0.0290
EDEM1,0.011909143524670207,False,2,-0.1221;0.1459
TRIM38,0.011924250442008955,False,2,-0.0952;0.1191
HOMER2,0.01193024498850176,False,2,0.1627;-0.1388
PEX26,0.011947824222092951,False,2,0.1072;-0.0833
MYO16,0.011962087861049797,False,2,-0.0447;0.0686
RUSC1,0.011969907137300173,False,2,-0.1814;0.2053
USP21,0.012003439736456678,False,2,-0.0204;0.0444
YTHDC1,0.01202841625624762,True,2,0.0046;0.0194
PDE4A,0.01204658171868045,False,2,-0.1188;0.1429
SMYD5,0.012048149268674202,False,2,0.0597;-0.0356
ARHGEF5,0.012050893564481524,False,2,-0.0989;0.1230
C2orf74,0.012078180226147928,True,2,0.0100;0.0141
TMEM177,0.012101680654618696,False,2,0.0339;-0.0097
STAC3,0.01212257840954023,True,2,0.0115;0.0128
B2M,0.012152330421854152,False,2,0.0871;-0.0627
GIPR,0.012153215597909273,False,2,-0.0341;0.0584
SHOX2,0.012172806014768223,False,2,0.0349;-0.0105
CEP57,0.012175943398532396,False,2,0.1272;-0.1029
MTA1,0.01218155404256116,False,2,-0.1446;0.1690
RP2,0.012257187172970752,False,2,-0.0635;0.0880
NOC3L,0.012273094050157862,True,1,0.0123
SIK2,0.012280701734328159,False,2,-0.0711;0.0957
LY9,0.012290030067127644,False,2,0.1382;-0.1136
DNAJC14,0.012335316752196401,False,2,0.0670;-0.0424
HDAC11,0.0123408691140251,False,2,-0.0729;0.0976
BATF3,0.012344015466145275,False,2,-0.0705;0.0952
LMAN2L,0.01237789152429114,False,2,-0.0603;0.0851
C2orf50,0.012378798972382143,False,2,-0.0931;0.1178
RALGPS2,0.012380833239040934,False,2,0.0781;-0.0534
UBB,0.012385348981160726,True,2,0.0211;0.0037
ZNF778,0.012452109495215136,False,2,-0.0240;0.0489
ASPSCR1,0.012472122142772601,False,2,-0.0265;0.0515
BCL2,0.012473052854489186,False,2,0.1033;-0.0784
TFPI,0.012495082243074718,False,2,-0.0592;0.0842
ZSCAN5B,0.012528381322978066,False,2,-0.0588;0.0838
DDX3X,0.01253763615068737,False,2,-0.0340;0.0591
RAB8B,0.012548255283757581,False,2,-0.1315;0.1566
HES7,0.012553992323708796,False,2,-0.0572;0.0823
CCSER2,0.01256734879499688,False,2,-0.0005;0.0257
CDC6,0.012571336823562707,True,1,0.0126
SPATC1L,0.01257359984660189,True,2,0.0196;0.0055
ELMO1,0.012578889795670067,False,2,0.1550;-0.1299
TSPAN14,0.01258340415400444,False,2,0.0781;-0.0529
SIRT2,0.01258784918301925,False,2,0.1128;-0.0876
HNF1A,0.012589719424039969,False,2,-0.0435;0.0687
OSGEPL1,0.012602089511572157,False,2,-0.0134;0.0386
CNNM2,0.012639761050848408,False,2,-0.0076;0.0329
PTGES2,0.012655595127965436,False,2,0.0574;-0.0321
JOSD2,0.012656024432278423,False,2,0.0333;-0.0080
CTCFL,0.012675571267414365,False,2,-0.0022;0.0276
ARL5A,0.012697167420810673,False,2,0.0832;-0.0579
SERPINB6,0.012706116875537798,False,2,0.0341;-0.0086
OPA1,0.012752808912054325,False,2,-0.0599;0.0854
ABCF3,0.012786813676497644,False,2,0.0558;-0.0303
SAPCD1,0.012809875837167195,True,2,0.0110;0.0147
FOXK2,0.012819570905426736,False,2,-0.0592;0.0849
PIM2,0.01282250333740731,False,2,0.1012;-0.0756
DECR2,0.012855862591699352,False,2,-0.1097;0.1354
INO80E,0.012856322073397375,True,2,0.0119;0.0138
CAPRIN2,0.012924355844962099,False,2,0.1073;-0.0814
SDHAF3,0.012935179689721577,False,2,0.1189;-0.0930
CD68,0.012971764972958932,False,2,0.0517;-0.0257
CDON,0.012973299143289152,False,2,0.0625;-0.0365
CCNI,0.012973841511555562,False,2,-0.4080;0.4340
MRPS18A,0.013004032333129523,False,2,0.0428;-0.0168
ASTL,0.013010598817890462,False,2,-0.0116;0.0377
ITSN2,0.013054549952943473,False,2,0.0847;-0.0586
GNB2,0.013068946230753054,False,2,-0.0855;0.1117
EI24,0.013080181896863774,False,2,-0.1418;0.1680
APBA3,0.013081271569616915,False,2,-0.0342;0.0604
ZNF823,0.013081400491369854,True,2,0.0115;0.0147
SIK1,0.013128087639477481,False,2,0.0386;-0.0123
BTNL9,0.013142142160952053,False,2,0.0994;-0.0731
SLC26A1,0.013161507767426528,False,2,-0.0016;0.0279
YWHAZ,0.013189243685064855,False,2,0.0550;-0.0286
ABCD2,0.013198304547250461,False,2,-0.1441;0.1705
POLR2B,0.013238400766004244,False,2,-0.0629;0.0894
COX4I1,0.013238721947707477,False,2,0.0391;-0.0126
RAB28,0.013243236306654027,False,2,-0.0305;0.0569
RP9,0.013297786536758616,False,2,-0.0531;0.0796
GABPB1,0.013307658250742205,False,2,-0.0773;0.1039
IGF2,0.01332031114200527,False,2,-0.1374;0.1640
ZNF804A,0.013357149408493585,False,2,0.1005;-0.0738
TCF4,0.013364960855916319,True,2,0.0038;0.0230
HMGB1,0.013391155051844628,False,2,-0.0337;0.0605
EDC4,0.013391560440648376,False,2,0.0360;-0.0092
GRHL1,0.01341398225958046,True,1,0.0134
SIT1,0.01343012430910484,False,2,0.0744;-0.0475
MPLKIP,0.013461949264517714,False,2,-0.0031;0.0300
NCAPD3,0.01346287659086326,False,2,0.2026;-0.1756
IFI27,0.013474680191969013,False,2,0.1723;-0.1454
IRS2,0.013500541145275435,False,2,0.0288;-0.0018
ASCL3,0.013501296992516232,False,2,0.1140;-0.0870
PAIP2,0.013513596270243955,False,2,-0.0538;0.0808
ARX,0.013518216645912795,False,2,-0.0504;0.0774
COX15,0.013537644534408089,False,2,-0.0511;0.0782
TSPYL5,0.0135479219421335,False,2,-0.0354;0.0625
EPM2A,0.01355049925270091,False,2,0.0470;-0.0199
YPEL4,0.01356560637465487,False,2,0.0526;-0.0254
ALDH16A1,0.0135828683936704,False,2,0.0797;-0.0526
PPIL4,0.013624472695735024,False,2,0.3480;-0.3207
EXPH5,0.013677480902129113,False,2,0.1279;-0.1005
FAM20C,0.013732024182830371,False,2,-0.0316;0.0591
ALAD,0.013744338427689962,False,2,0.1926;-0.1651
CAST,0.013759223470218962,False,2,0.0570;-0.0295
DDX11,0.01380354859282995,False,2,-0.0630;0.0906
LIMD1,0.0138241118619018,False,2,-0.0197;0.0474
NBPF9,0.013837453011399825,False,2,-0.0215;0.0492
SCO2,0.013870837442486295,False,2,0.0645;-0.0367
CYFIP1,0.01387222612448702,False,2,-0.0189;0.0467
AMD1,0.013872739643911558,True,2,0.0239;0.0038
MSH5,0.013882541895295752,False,2,0.1132;-0.0854
ZGRF1,0.013915490376479434,False,2,-0.0010;0.0289
HSP90AA1,0.013945801830478055,False,2,0.1085;-0.0806
PJA2,0.013954960812773365,False,2,0.0404;-0.0125
MARCKSL1,0.013989477746632062,False,2,-0.0460;0.0740
HLF,0.013997500910542304,False,2,-0.1167;0.1447
NUDT1,0.014008420601580585,False,2,-0.0169;0.0449
USP10,0.014067597551672195,False,2,-0.0290;0.0571
CRIM1,0.014091993484761756,True,2,0.0124;0.0158
TRIP13,0.01411191952650781,False,2,0.0522;-0.0240
FABP6,0.014139525917429618,False,2,0.0351;-0.0069
NUMA1,0.014155025827204515,False,2,-0.0356;0.0639
PRKCH,0.01415570613656314,False,2,-0.0056;0.0339
CLK4,0.014168170863472218,True,2,0.0268;0.0015
LHX2,0.014205636097463059,False,2,0.0484;-0.0200
HMGN1,0.014231271176430194,True,2,0.0022;0.0262
GLS,0.014235523299739983,False,2,-0.0182;0.0467
NCS1,0.014254456356994294,False,2,0.0478;-0.0193
ZNF516,0.014267078112913945,False,2,-0.0377;0.0663
VAX2,0.014279687357191317,False,2,0.1523;-0.1237
UST,0.014300235274937179,False,2,-0.0311;0.0597
WEE1,0.014301888389543438,False,2,0.1175;-0.0889
TMEM189,0.014349871231568612,False,2,-0.1277;0.1564
MRRF,0.014361318603174245,False,2,-0.0750;0.1037
EARS2,0.014364602109076197,True,2,0.0141;0.0146
ZNF619,0.014377709790497462,False,2,-0.0013;0.0301
DCUN1D2,0.014388519149347134,False,2,-0.1933;0.2221
MLH1,0.014395392333987567,False,2,-0.0928;0.1216
CCDC142,0.014408973436970451,False,2,-0.0285;0.0574
PDIK1L,0.014423847773757492,False,2,-0.0739;0.1027
C6orf226,0.014491996334876633,False,2,0.0411;-0.0121
ZMAT4,0.014497912689524606,True,2,0.0110;0.0180
AQP3,0.014523353153627072,False,2,0.0488;-0.0197
CHST12,0.01453487792132735,True,2,0.0254;0.0037
MSH2,0.01453807919093808,False,2,0.0683;-0.0393
IL26,0.014541852662458887,True,2,0.0089;0.0202
TMEM199,0.014602693540126777,False,2,-0.0619;0.0911
UNC13A,0.014622831751968546,False,2,0.0390;-0.0098
PER1,0.014636796707606259,False,2,0.0717;-0.0424
PA2G4,0.01463743344495294,False,2,0.0366;-0.0074
MAGED1,0.014660495592690226,False,2,-0.0289;0.0582
THOC2,0.014669854698311724,True,1,0.0147
C19orf38,0.014676406584161639,False,2,0.0680;-0.0386
ZNF667,0.014746797888294583,False,2,-0.0112;0.0407
TSTA3,0.014766470791747532,False,2,-0.0755;0.1051
CYP2R1,0.01476852863723932,False,2,-0.0463;0.0758
NNAT,0.014780433807231153,True,2,0.0238;0.0058
NAPB,0.014798308409281424,False,2,0.0747;-0.0451
GSTM3,0.014820465812653727,False,2,-0.0360;0.0657
MIB1,0.014838094232897003,False,2,0.0594;-0.0297
ZNF548,0.01485578256418052,False,2,-0.0921;0.1218
ZNHIT3,0.014873360522240753,False,2,0.1205;-0.0907
MARK3,0.01488406275833265,False,2,-0.0317;0.0615
FGD1,0.014955476809298873,False,2,-0.0570;0.0869
TXNL1,0.01500355639129447,False,2,-0.0111;0.0411
RAI14,0.01506446782093418,False,2,-0.0193;0.0494
PLCH2,0.015070361793754539,False,2,-0.0496;0.0798
ST6GALNAC1,0.015148254115313842,False,2,-0.0505;0.0808
BSX,0.015175093911351023,False,2,0.1874;-0.1571
LTN1,0.015212591622714766,False,2,0.0955;-0.0651
FBXO38,0.0152248350320624,True,2,0.0213;0.0092
PQLC2,0.015227611833995014,False,2,-0.0256;0.0561
FOXJ3,0.015258382215390054,False,2,0.1490;-0.1184
LGALS1,0.01527910993520537,False,2,0.0677;-0.0371
RHBDF2,0.01531273801593469,False,2,0.0363;-0.0057
SSH2,0.015328672083206873,False,2,0.1019;-0.0713
WWC2,0.015359543109770502,False,2,-0.0426;0.0734
DBT,0.015362620788746728,False,2,0.0351;-0.0043
GALM,0.015373999976165287,True,2,0.0052;0.0255
SIAE,0.0153974268039907,False,2,0.0319;-0.0011
FBXL5,0.015402317550329558,False,2,0.0724;-0.0416
UBE3D,0.015439123959348544,False,2,-0.0043;0.0351
FASTK,0.015447697153820494,False,2,0.0779;-0.0470
ELMO2,0.015538812102880217,False,2,0.1434;-0.1123
VSTM2L,0.015568214220569643,False,2,-0.1120;0.1432
CIAO2A,0.015591318184339564,False,2,-0.0475;0.0787
TMEM182,0.015609999182166656,True,2,0.0089;0.0223
FAM19A2,0.015614289268541803,False,2,0.0543;-0.0231
LDB1,0.015637517762306596,False,2,0.0373;-0.0061
CACUL1,0.015663819702553483,False,2,-0.0180;0.0493
CAMK2G,0.015677842662294994,False,2,0.0398;-0.0085
ATXN1,0.01570497639803592,False,2,-0.0564;0.0878
FAM78A,0.01573023229311521,False,2,-0.0461;0.0775
SEC23IP,0.015754191795416095,False,2,0.1163;-0.0848
SLC25A15,0.015780843187284344,True,2,0.0085;0.0230
RECK,0.015811864591059432,False,2,0.0961;-0.0644
PURA,0.01584113486504246,False,2,-0.0741;0.1058
BEND4,0.015879773525097063,False,2,0.1132;-0.0815
GTPBP1,0.015885522969248278,False,2,-0.0664;0.0982
HCAR1,0.015890026329156537,False,2,0.1344;-0.1026
GPR180,0.01590309662522149,True,2,0.0028;0.0290
PTRHD1,0.015909265698538455,False,2,-0.1138;0.1457
RECQL,0.015911845007587022,True,2,0.0104;0.0214
RHOBTB1,0.015915375772435625,True,2,0.0203;0.0115
SFN,0.015919541061418352,False,2,-0.0084;0.0403
HSPA8,0.01592052535338606,True,2,0.0273;0.0046
TCL1A,0.016002285727402477,False,2,0.0635;-0.0315
CLDN1,0.016051775526696788,False,2,0.0476;-0.0155
NANOS1,0.01606043831223436,False,2,-0.0273;0.0595
IFI44L,0.016067317435899175,True,2,0.0083;0.0238
OSBP,0.01607898937983432,False,2,0.2513;-0.2191
ZNF425,0.016083469503129666,False,2,-0.1247;0.1569
ZNF506,0.016110906655206092,False,2,-0.0238;0.0560
ATG2A,0.0161533601875663,True,2,0.0261;0.0062
PIGK,0.016157074671304006,False,2,-0.1314;0.1637
OPRL1,0.01616455881215284,False,2,-0.0774;0.1098
CSNK2A1,0.01618816267937684,False,2,-0.1706;0.2030
PTPDC1,0.016213796719951434,False,2,0.0848;-0.0524
SYCE2,0.01625325747543427,False,2,-0.0475;0.0800
GRHL2,0.01634448521764098,True,2,0.0068;0.0259
LCOR,0.016345154736110534,False,2,0.0482;-0.0155
LARP1,0.01636184502105953,False,2,-0.1322;0.1650
FOXA3,0.01640310513870269,False,2,0.1436;-0.1108
RAB1A,0.016406987771077408,False,2,-0.0633;0.0961
BCL2L1,0.016463388533108025,False,2,-0.1059;0.1388
PDIA6,0.016467898255317692,True,2,0.0244;0.0085
DMPK,0.016501309659592123,False,2,0.1490;-0.1160
WBP11,0.016510257027481157,False,2,0.1381;-0.1051
ASAP2,0.016532813291044057,False,2,-0.0404;0.0735
ZNF143,0.016556007363927483,False,2,-0.1220;0.1551
ZFHX4,0.01656556539302595,False,2,0.0891;-0.0560
SNX5,0.016581881063114423,False,2,-0.0609;0.0941
NSMF,0.016593953909090686,False,2,-0.0091;0.0423
RTN3,0.01662135656720276,False,2,-0.0212;0.0544
KCND1,0.016630168654472366,False,2,0.1011;-0.0679
LDOC1,0.016685780364715797,False,2,-0.0761;0.1095
KLHL9,0.01669058463596884,False,2,-0.0243;0.0577
ZNF705E,0.016714404982575815,False,2,0.0684;-0.0349
ADPGK,0.016767136683843886,False,2,-0.0378;0.0714
ADNP2,0.016806573306549222,True,2,0.0269;0.0067
FOS,0.016818925362543424,False,2,0.0864;-0.0528
RCOR3,0.01690583076768304,False,2,0.1334;-0.0996
LRRC7,0.016923879852547175,False,2,-0.0853;0.1192
CARM1,0.016939721885687042,False,2,-0.0941;0.1280
PTPN1,0.016940738704611658,True,1,0.0169
NTMT1,0.01698073178262771,False,2,-0.0209;0.0548
SAP30L,0.017063643615338964,False,2,0.0692;-0.0351
DNAH10,0.017067110033622712,False,2,0.1888;-0.1546
ZNF729,0.017129208087470094,True,2,0.0177;0.0165
MED30,0.017179639903611044,False,2,-0.1342;0.1686
ACOT8,0.0171847055838642,True,2,0.0240;0.0104
TMEM88,0.017274297902375835,False,2,0.1388;-0.1042
UBN1,0.017314477305330866,False,2,-0.0910;0.1257
RSBN1L,0.017320402956655934,False,2,-0.0016;0.0363
XCL1,0.01734027927308024,True,2,0.0105;0.0242
HCST,0.017355107920463186,False,2,0.1260;-0.0912
RFXANK,0.01736389236824709,False,2,-0.0051;0.0399
LYN,0.017369477494964758,False,2,-0.0631;0.0978
TNS1,0.01738783160719276,False,2,0.1753;-0.1405
PCYOX1,0.017429083729001038,False,2,0.0769;-0.0420
MYL9,0.017494074013147065,False,2,-0.1193;0.1543
HVCN1,0.01753017849124261,False,2,0.0397;-0.0046
TMEM273,0.017543425891287656,False,2,-0.0562;0.0912
CXADR,0.017563069585396107,False,2,0.0378;-0.0027
BLVRA,0.017672497024642797,False,2,-0.0301;0.0654
RBPJL,0.017720520912600346,True,2,0.0289;0.0065
MSRB1,0.0177272860322375,False,2,0.0652;-0.0297
TNFAIP8L2,0.01772748297068072,False,2,-0.0052;0.0407
DLAT,0.0177534231467108,False,2,-0.0546;0.0901
PROCR,0.01776416531460079,False,2,-0.0045;0.0400
POMC,0.017798804470789187,True,2,0.0226;0.0130
RITA1,0.017802549977384563,False,2,0.1940;-0.1584
MAN2B2,0.01781018590040573,False,2,0.0743;-0.0387
TNFSF14,0.017848534104995428,True,2,0.0038;0.0319
C7orf61,0.01785393628475429,False,2,-0.0011;0.0368
TOGARAM1,0.017856169124889687,False,2,0.1252;-0.0895
SPOCK2,0.01790285181775081,False,2,0.1423;-0.1065
TNFRSF10A,0.01791533131847456,False,2,0.0584;-0.0226
CCDC154,0.017936167956897342,False,2,0.0385;-0.0026
RASGRP1,0.017944794664977337,False,2,-0.0160;0.0519
PAXX,0.01796427696718239,False,2,-0.0499;0.0858
TSHR,0.01796722716835797,False,2,-0.0502;0.0861
JUN,0.017972786407440045,True,2,0.0243;0.0116
ZNF726,0.01798332401601488,False,2,-0.0212;0.0572
PPIB,0.0180096127159326,False,2,0.0807;-0.0447
HACD2,0.01800990508397915,False,2,-0.0842;0.1202
SYNE2,0.01802068194738915,False,2,-0.1096;0.1457
ZZEF1,0.018055226126765467,False,2,0.0950;-0.0588
DUSP22,0.01806282951481869,False,2,0.1137;-0.0775
HCCS,0.018075548393114982,False,2,-0.1568;0.1929
TMCO6,0.018078654651249804,False,2,-0.1125;0.1487
PDE7B,0.01815950205840111,False,2,0.0909;-0.0546
HERC5,0.018188701276309893,False,2,-0.0061;0.0425
RNF139,0.01826561164171503,False,2,-0.1500;0.1865
RMC1,0.018348793129753016,False,2,-0.1233;0.1600
B4GAT1,0.01834920852445454,False,2,0.1182;-0.0815
ZC3H12A,0.018351776923339225,False,2,0.1326;-0.0959
UQCC1,0.018413062124349677,False,2,-0.0361;0.0729
TTC13,0.018428750758235357,True,2,0.0270;0.0099
MRPS36,0.018466261069099876,True,2,0.0298;0.0071
SERBP1,0.01847095868926041,False,2,-0.0953;0.1322
RRP1B,0.01847166965274183,False,2,-0.0936;0.1305
CD38,0.018479867385660542,True,2,0.0101;0.0269
TSPAN5,0.018502110971064023,True,2,0.0263;0.0107
CD59,0.018504834260831382,True,2,0.0266;0.0104
PTPN4,0.01851916964112932,True,2,0.0021;0.0349
VPS13C,0.01852940257402874,False,2,0.0981;-0.0610
CLK3,0.018534767344933978,False,2,0.1137;-0.0766
ZNF80,0.018534995151006428,False,2,-0.1327;0.1697
ZSCAN16,0.018595101116433477,False,2,0.0586;-0.0214
HBEGF,0.018629998042152485,False,2,0.0435;-0.0062
FDFT1,0.018654744600795414,False,2,-0.0155;0.0528
ITPRIP,0.018670995058475914,False,2,-0.1060;0.1433
MAPKAP1,0.01871407599745356,True,2,0.0359;0.0015
PDE5A,0.018745342010731192,False,2,-0.0674;0.1049
TBC1D23,0.018762109932637605,False,2,0.0690;-0.0315
FANCD2,0.018764930823416237,False,2,-0.0148;0.0523
ATG12,0.018778217821506016,False,2,-0.0696;0.1072
ZNF81,0.01880120538861091,False,2,0.1457;-0.1081
HEATR5B,0.01883202771393011,False,2,-0.1545;0.1922
EPB41L2,0.018867342803065457,True,2,0.0007;0.0370
ATXN7L3,0.018887737421886208,False,2,-0.0705;0.1083
NSUN6,0.018893996344002684,False,2,-0.0352;0.0730
LMF2,0.01889882201237536,False,2,-0.0254;0.0632
RBM34,0.018910896735422678,False,2,0.1184;-0.0806
EBPL,0.018915515951720863,False,2,0.1174;-0.0796
LAIR1,0.01892308521882402,True,2,0.0219;0.0159
SEC14L1,0.018937001477434268,False,2,-0.0555;0.0934
SLC25A27,0.01894334769829975,True,2,0.0286;0.0092
TYW1B,0.01897588525733873,False,2,-0.0368;0.0748
TMEM87A,0.01897929461599801,False,2,0.1667;-0.1287
FANCB,0.01898785040939316,False,2,0.0698;-0.0318
CCDC186,0.019000462045935418,True,2,0.0121;0.0259
PLAG1,0.01904792764870228,False,2,0.1574;-0.1193
C10orf88,0.019053071129596866,False,2,0.0460;-0.0079
CDPF1,0.019166046928007496,False,2,-0.1015;0.1398
PGC,0.01919275158622924,False,2,0.0574;-0.0191
YARS2,0.01922402075263807,False,2,0.1313;-0.0928
SLC2A11,0.01925931137428749,False,2,0.0528;-0.0143
GP5,0.01927530137022815,False,2,-0.0109;0.0494
CCL25,0.019280843922880986,False,2,0.0657;-0.0271
MYADM,0.019304515968732283,False,2,-0.0625;0.1011
LSM10,0.019308049197736987,False,2,-0.0213;0.0599
ZNF705G,0.019324180864826346,False,2,-0.0095;0.0481
CAPZA1,0.019350550578092873,True,2,0.0356;0.0031
PHLPP1,0.01935542014299474,True,2,0.0173;0.0214
AMER1,0.01940113342841021,False,2,0.0578;-0.0190
TMEM234,0.019402565289888596,False,2,-0.0096;0.0484
TAF5,0.019413935743409105,False,2,-0.0824;0.1213
ANKRD52,0.019426678783921403,False,2,0.0788;-0.0400
EPHX2,0.019459154484775032,False,2,0.0795;-0.0406
FRAT1,0.019528987463994674,False,2,-0.0667;0.1057
INO80B,0.019532090829285198,False,2,-0.1583;0.1973
OTUD1,0.019547852671605526,False,2,-0.0480;0.0871
PDCD6IP,0.019566016617929338,False,2,-0.0445;0.0836
ZNF286B,0.01956632238748046,False,2,0.1517;-0.1126
FADS2,0.019576321170909017,False,2,0.0394;-0.0002
FLOT2,0.019605388186968997,False,2,-0.0017;0.0409
REG3A,0.019631769957669576,False,2,-0.0497;0.0889
BAIAP2L2,0.019683077614939593,False,2,-0.0610;0.1004
IFT88,0.0197257546917039,False,2,-0.1361;0.1755
LPCAT1,0.01974384533950413,False,2,-0.0396;0.0791
LIF,0.019757459262572996,False,2,-0.1218;0.1613
SLA2,0.01983924105772361,False,2,0.0972;-0.0575
FGF11,0.019861648716103575,False,2,0.2644;-0.2247
WNT10B,0.019947960679305377,False,2,-0.0532;0.0931
HEXA,0.019958270637160713,False,2,-0.1476;0.1876
ZNF133,0.01999718071764678,False,2,-0.0467;0.0867
MAP7D3,0.020002727518422803,False,2,-0.0042;0.0442
TMEM156,0.020014251588683807,False,2,0.1186;-0.0786
EHMT2,0.020032138155884782,True,2,0.0357;0.0043
SIGLEC9,0.020056106090285408,False,2,-0.0021;0.0422
SUMF1,0.02006438349547457,False,2,0.0604;-0.0202
TGDS,0.02008611246034342,False,2,-0.1180;0.1582
CLDN15,0.02010213441513059,False,2,0.0692;-0.0290
FIGLA,0.02019848386641998,False,2,0.0530;-0.0126
ZNF521,0.02020950768139118,True,2,0.0308;0.0096
CCDC34,0.020227422506617798,True,2,0.0069;0.0335
TMEM14B,0.020237659494202476,False,2,0.1838;-0.1433
ZFYVE19,0.020258278945499364,False,2,-0.0201;0.0607
EIF4E,0.02030823923189129,False,2,-0.0221;0.0627
ORMDL2,0.020329277133907975,True,2,0.0025;0.0381
B4GALT3,0.0203573790513491,False,2,0.0913;-0.0506
LZTFL1,0.020366627165426254,False,2,-0.0051;0.0459
PSMA7,0.02037608278118075,True,1,0.0204
ZNF177,0.020386263022092233,False,2,-0.0574;0.0982
ARPC4-TTLL3,0.020395677573719906,False,2,0.0823;-0.0415
LILRA1,0.0204057811678533,True,2,0.0368;0.0040
SOX21,0.02041549876004556,False,2,-0.0533;0.0941
DUSP5,0.02045237615125617,False,2,0.0847;-0.0438
DNAJC16,0.020452446955756654,True,2,0.0375;0.0034
PIBF1,0.02045989320340469,False,2,-0.0297;0.0706
HIST1H4K,0.02050704322864383,False,2,-0.0245;0.0655
CCL2,0.020561626548127432,False,2,-0.0190;0.0602
CPNE8,0.02060856406202627,False,2,-0.0438;0.0851
NFATC2IP,0.02064478357789895,False,2,0.0896;-0.0483
TSPYL1,0.020663492890685142,False,2,-0.0679;0.1093
PCK2,0.02066386003866616,False,2,0.0453;-0.0040
SOCS4,0.02067550914974603,False,2,-0.0127;0.0540
TMX3,0.020687822782765264,False,2,-0.0127;0.0541
ARNT,0.02070000654363907,False,2,0.1681;-0.1267
SNX30,0.020721283224814036,False,2,-0.0024;0.0438
MVB12B,0.020748673053857303,False,2,-0.0755;0.1170
PAQR6,0.020750814006526452,False,2,0.0660;-0.0245
ARMC1,0.02075414819710758,False,2,0.0977;-0.0562
SOX1,0.02077533333892012,True,2,0.0023;0.0393
MED1,0.02078373270936973,False,2,-0.2415;0.2830
MTMR11,0.020800356745161563,False,2,-0.0438;0.0854
TNFRSF10B,0.020801517063080532,False,2,0.0887;-0.0471
RGS12,0.020867325930622682,False,2,-0.0210;0.0628
RASD2,0.020879049716397313,False,2,0.0824;-0.0406
PNP,0.020916676169283832,False,2,-0.0242;0.0660
ICE2,0.02091698803999864,False,2,-0.0133;0.0551
ATG16L1,0.020927827410444966,False,2,-0.0455;0.0874
UCP3,0.020932041975311677,False,2,0.0814;-0.0395
GRASP,0.020949024208024802,False,2,0.0669;-0.0250
TRMT10B,0.021011913637957513,False,2,0.1193;-0.0773
IFI35,0.021015680185135777,True,2,0.0046;0.0374
ZBTB8A,0.02107793793100654,True,2,0.0371;0.0051
PLA2G12A,0.02111450059699993,False,2,0.0579;-0.0157
NCAPG2,0.021115987330488584,False,2,0.0798;-0.0376
FAM241A,0.02111848621962964,True,2,0.0110;0.0312
GCDH,0.021144750064460816,False,2,-0.0383;0.0806
PDGFD,0.02114649739608948,False,2,0.0966;-0.0543
PLAUR,0.021153499063342684,False,2,0.0788;-0.0365
BBS10,0.021171148135385398,False,2,0.1234;-0.0811
IFRD2,0.021173781664323266,False,2,0.0428;-0.0005
PIGY,0.021195761683847736,True,2,0.0176;0.0248
PDXP,0.021196728327805836,False,2,0.1209;-0.0785
COMMD7,0.02122195858784215,True,2,0.0006;0.0419
TNXB,0.021247202101276508,True,2,0.0011;0.0414
CYTIP,0.02125827382803963,False,2,0.0819;-0.0394
ELOVL6,0.021312690780693644,False,2,-0.0044;0.0470
DTX3L,0.021332361290471946,False,2,0.0894;-0.0467
BACH1,0.02134873426550421,True,2,0.0277;0.0150
TCTN1,0.02137280219941029,False,2,-0.0635;0.1063
PPP3CC,0.021407729835017708,False,2,-0.0215;0.0643
COL4A2,0.021409640926226436,False,2,-0.0010;0.0438
ZNF337,0.021414011870517946,False,2,0.1177;-0.0749
LY75,0.02143435099650326,True,2,0.0099;0.0330
HERC4,0.02145173075709783,False,2,0.1052;-0.0623
ELP3,0.02149248682209548,False,2,0.0931;-0.0501
CEP85L,0.02152695456187592,False,2,-0.0315;0.0745
GABPB2,0.021555604517589755,True,2,0.0083;0.0348
SLC37A1,0.021603433588489485,False,2,-0.0664;0.1096
CALML5,0.021625323251983797,False,2,0.1200;-0.0767
ITCH,0.02164631684010465,False,2,0.2073;-0.1640
HPRT1,0.021691018869965717,False,2,-0.0493;0.0927
PRR27,0.021721340489126995,False,2,-0.1430;0.1864
TFPT,0.021808168504172887,True,2,0.0193;0.0243
DECR1,0.021811828721865878,False,2,0.1081;-0.0645
SLC39A6,0.021813217347991687,False,2,0.0796;-0.0360
POLB,0.021820177659959694,False,2,-0.0796;0.1233
NSUN4,0.02183355196312886,True,2,0.0079;0.0357
ATOH1,0.02187309830067019,False,2,-0.0777;0.1214
ACYP1,0.021935815095089184,False,2,0.1187;-0.0748
SMIM19,0.021969056880057236,False,2,-0.0611;0.1051
SMPD1,0.021976795905252033,False,2,-0.0721;0.1160
USP13,0.022008626700527834,False,2,0.0699;-0.0259
CDC25B,0.022039162615679175,True,2,0.0172;0.0269
FLNB,0.02206295570774719,False,2,0.0640;-0.0199
CDC14A,0.022063674759060792,False,2,-0.0602;0.1043
C5orf51,0.022105841365703593,False,2,-0.0066;0.0508
CENPB,0.022117811128466558,False,2,-0.0597;0.1039
NR4A2,0.02213280584194266,False,2,-0.0103;0.0546
OSR2,0.022167447685431996,False,2,-0.0690;0.1133
KIF9,0.022172831468364906,False,2,-0.0172;0.0615
SMAD5,0.022180321280952486,False,2,-0.0031;0.0474
ZNF664,0.022214814204470135,True,2,0.0383;0.0062
HOXA10,0.02225485375412939,False,2,-0.0627;0.1072
ZNF280C,0.022254918304875027,False,2,-0.0018;0.0463
OR4D1,0.02227969457862078,False,2,-0.0415;0.0860
ZYX,0.02229402604160069,False,2,-0.0880;0.1325
LAP3,0.022306443093697337,False,2,-0.1232;0.1678
KATNA1,0.022320111012719024,False,2,0.0629;-0.0182
TMEM185A,0.022334557917967457,False,2,0.0623;-0.0177
LZTR1,0.02236165144565494,True,2,0.0334;0.0113
DOK2,0.02237122779169559,False,2,0.0825;-0.0377
ZBTB5,0.02238697955944502,False,2,-0.0084;0.0532
DPYSL2,0.022387674143561465,False,2,-0.0340;0.0788
ARMC6,0.022391753758521094,True,2,0.0283;0.0165
VNN2,0.022427384453781563,False,2,0.1738;-0.1289
AP2B1,0.02244704281567167,False,2,-0.0125;0.0574
PRIMPOL,0.022468025330198538,False,2,-0.0433;0.0882
NAGK,0.022506093233599922,False,2,0.1460;-0.1010
LYPLA2,0.022521472727196068,False,2,0.0678;-0.0227
SCRN1,0.022565488535814082,True,2,0.0039;0.0413
STARD3NL,0.02260040593127577,False,2,-0.0386;0.0838
GCNA,0.02262686208896114,False,2,-0.0103;0.0555
WASF1,0.022661598911010827,False,2,-0.1101;0.1554
RABEPK,0.02266925753075677,False,2,0.1480;-0.1027
SIRPG,0.022685745825215986,False,2,-0.1071;0.1524
MOSPD1,0.02271126574878546,True,2,0.0398;0.0056
AMT,0.02273975925153937,False,2,-0.0504;0.0958
MANF,0.022754688416103452,False,2,0.0746;-0.0291
ZNF579,0.022813393471551424,False,2,-0.1503;0.1959
TBC1D24,0.02283775546331046,False,2,-0.0101;0.0557
PTPRE,0.022861777121650495,True,2,0.0144;0.0313
MAU2,0.022866142078672214,False,2,-0.1008;0.1465
SPON2,0.022944518367646882,False,2,-0.0790;0.1249
TBL1X,0.022964329948564344,True,2,0.0301;0.0158
FBLN7,0.022966445365128707,False,2,0.0695;-0.0236
PPFIBP2,0.02298758327699335,False,2,-0.0524;0.0984
SCD,0.02299977966716371,False,2,-0.0273;0.0733
OSGIN2,0.023002056526539305,False,2,-0.0800;0.1260
RFPL2,0.023003935402607756,False,2,0.2072;-0.1612
ZFC3H1,0.023022672030535096,False,2,-0.0058;0.0519
SPG7,0.02304972227369939,False,2,-0.1258;0.1719
TCF23,0.02308770114441272,False,2,-0.0539;0.1000
SH3BGRL,0.02308826248090945,False,2,-0.0192;0.0654
KRTCAP3,0.023123575293127696,False,2,0.0744;-0.0282
GUCA2A,0.023148028779841456,False,2,-0.0010;0.0473
ZNF614,0.02319052702986152,False,2,0.0939;-0.0475
SH3GLB1,0.02319636983952289,False,2,-0.0018;0.0482
INPP5D,0.023234587454384004,False,2,0.1360;-0.0896
YDJC,0.02323487219409126,False,2,-0.0011;0.0476
POLR1B,0.02324926556841367,False,2,-0.1290;0.1755
NREP,0.023255237742251078,False,2,0.0971;-0.0506
COPS5,0.023274478867618686,False,2,0.0532;-0.0067
SMURF1,0.023300702728091593,False,2,-0.0279;0.0745
JMJD1C,0.023324177685241643,False,2,-0.0108;0.0575
DAPP1,0.0233682015634209,False,2,0.0544;-0.0076
ZNF395,0.023477087762580173,False,2,0.1207;-0.0737
ZNF367,0.023498588472685378,True,2,0.0231;0.0239
COL6A1,0.023506632431870678,False,2,0.0724;-0.0253
CUEDC2,0.023561550639009998,False,2,-0.0437;0.0908
TRAPPC6A,0.023579911334299264,True,2,0.0209;0.0263
EGFL7,0.023628485466784865,False,2,-0.0002;0.0474
ZNF302,0.02366912608512195,False,2,-0.0387;0.0860
NEUROG3,0.023694800402421223,False,2,-0.0635;0.1108
VPS4B,0.023731731590878824,False,2,-0.1101;0.1575
TMEM69,0.02375819902336651,True,2,0.0366;0.0109
CETP,0.023766909981040252,False,2,-0.1999;0.2475
ZNF568,0.023859276640115668,False,2,-0.0498;0.0975
FRMD4A,0.023885272871210117,False,2,-0.0053;0.0531
SIRPB1,0.023893763900910137,True,2,0.0311;0.0167
TUBB2A,0.023897439526606834,True,2,0.0136;0.0342
MPP1,0.023919719013043295,False,2,0.1335;-0.0856
BRIP1,0.023946284176772803,False,2,-0.2802;0.3281
SFT2D3,0.02396068096300774,False,2,-0.0343;0.0822
TM6SF1,0.023972775083662246,False,2,-0.0611;0.1090
MAN1B1,0.02398027308519457,False,2,-0.0121;0.0601
NR0B1,0.02398481786474549,False,2,-0.0023;0.0503
RAB9B,0.023986224129251443,False,2,-0.0812;0.1291
C2CD2,0.023988339687457838,True,2,0.0035;0.0445
SNAI2,0.024020870306054154,False,2,0.1595;-0.1115
SLC1A4,0.02404803590110549,False,2,0.1484;-0.1003
MTRNR2L1,0.024075334048496155,False,2,-0.0066;0.0548
ZNF292,0.02408256426454153,False,2,0.0857;-0.0376
SPIN2B,0.024103100024413904,False,2,0.0997;-0.0515
CNPY3,0.024122784332367586,False,2,-0.0094;0.0576
ZNF74,0.024127357357989876,False,2,0.0776;-0.0293
MAF1,0.024257668499201135,False,2,0.1275;-0.0790
IDUA,0.024315628727552663,False,2,-0.0800;0.1287
ALS2CR12,0.024317407841900618,False,2,-0.0665;0.1151
PPFIBP1,0.024335291701087947,False,2,-0.0041;0.0528
PDE12,0.02435594694771548,False,2,-0.0322;0.0809
RAB14,0.02439491850023856,False,2,0.1813;-0.1325
TPM1,0.02443371625807539,False,2,0.1037;-0.0548
NEB,0.02447682062426426,True,2,0.0210;0.0279
TSPO,0.02450216458230592,False,2,0.1127;-0.0637
ZBED1,0.024521875566883455,False,2,-0.0957;0.1447
STAP1,0.024558105400647512,False,2,-0.0234;0.0725
ETV7,0.024569882422331657,False,2,0.1240;-0.0749
USP44,0.02457302996290195,False,2,0.1128;-0.0636
ZNF513,0.024593511878706398,False,2,-0.0234;0.0726
ADTRP,0.024596634457070277,False,2,0.0826;-0.0334
B3GNT9,0.02463059278017088,False,2,-0.1345;0.1838
SAV1,0.024664215800513034,False,2,0.0761;-0.0268
MOSMO,0.024685766994072766,False,2,-0.0771;0.1265
GKAP1,0.02468980438645274,False,2,-0.0607;0.1101
KLHDC7B,0.024716799780840848,False,2,0.0633;-0.0138
ARL5B,0.02473726794465192,True,2,0.0328;0.0167
PDCD4,0.02474850771666126,False,2,0.0741;-0.0246
VWA8,0.024751343021126804,True,2,0.0179;0.0316
YAF2,0.024774620887795584,True,2,0.0319;0.0176
EFNB1,0.024815960176276408,True,2,0.0182;0.0314
CBY1,0.02482313189852059,False,2,0.1081;-0.0585
ATG4A,0.02489662572943463,False,2,-0.0923;0.1421
PRRX2,0.02489961207208491,True,2,0.0231;0.0267
RPS6KB2,0.024918310001750932,True,2,0.0480;0.0019
ZNF468,0.024929428490541028,False,2,0.0679;-0.0180
B9D2,0.024941089443666797,True,2,0.0058;0.0441
JAKMIP1,0.024980148303660576,True,2,0.0421;0.0079
MRPL55,0.024991532077995315,False,2,-0.0101;0.0600
NDRG3,0.025041556650327257,True,2,0.0269;0.0232
NPC1,0.025045654419518115,False,2,-0.0320;0.0821
NECAP2,0.025066887617737343,False,2,0.0740;-0.0239
STRIP1,0.025118688302417702,False,2,-0.0688;0.1190
LHX1,0.025119200600683067,True,2,0.0438;0.0065
FASTKD1,0.02513922529439172,True,2,0.0080;0.0423
GAS2,0.025183979254995603,False,2,-0.0819;0.1322
SLC39A13,0.025227881267048335,False,2,-0.1132;0.1637
IRX1,0.02525018451072747,False,2,0.0684;-0.0179
ENDOD1,0.025256678910303254,True,2,0.0375;0.0130
CRYBG2,0.025260834617612193,True,2,0.0505;0.0001
ASAH1,0.025272060947687525,True,2,0.0000;0.0505
SPATA6L,0.025275418642179193,False,2,0.0629;-0.0123
NONO,0.025349227461121115,True,2,0.0188;0.0319
FRG1,0.025384444852187937,False,2,-0.0832;0.1340
ATRAID,0.02538974338670308,True,2,0.0267;0.0241
DET1,0.025396933281792045,False,2,-0.0043;0.0551
CEP70,0.02543665488529301,True,2,0.0311;0.0198
LRRC58,0.025449719952080785,False,2,0.0578;-0.0069
CSKMT,0.02547801713677811,False,2,0.0734;-0.0225
NSF,0.025526062940498306,False,2,-0.0162;0.0673
ABTB2,0.02553358448424814,False,2,0.0538;-0.0028
CRYAB,0.025547814529907287,False,2,-0.0019;0.0530
NEIL1,0.025562353796393156,False,2,-0.0364;0.0876
SEMA3E,0.02559708171372399,False,2,0.1442;-0.0930
BMS1,0.02565080605706438,False,2,0.0922;-0.0409
ZSCAN12,0.02569045917694135,False,2,0.0563;-0.0049
ZNF786,0.025821590650929482,True,2,0.0147;0.0370
TRIM33,0.025824112706974822,False,2,-0.0919;0.1435
ZDHHC4,0.02582723717340918,False,2,-0.1371;0.1888
DNMT3A,0.025853976087738206,False,2,0.0764;-0.0247
VPS26B,0.025858069087945967,False,2,-0.0664;0.1181
CD70,0.025861358500253395,True,2,0.0415;0.0103
GLIS3,0.025880782326120677,True,2,0.0282;0.0236
TSPYL2,0.02588387621523236,True,2,0.0011;0.0507
PPT2,0.0259336064705733,False,2,-0.0005;0.0524
HOXD3,0.025939780167767212,False,2,-0.0589;0.1107
DCAF4,0.02596479609917779,True,2,0.0329;0.0190
LRP2,0.025982700836618744,False,2,0.1480;-0.0960
ZKSCAN4,0.026018036425825453,True,2,0.0461;0.0059
MACROD1,0.026018492160936435,False,2,0.0718;-0.0198
C2CD3,0.026020511055659168,False,2,0.1529;-0.1008
RAB27A,0.026036917802971793,False,2,-0.0941;0.1462
PRSS3,0.026065978703725623,True,2,0.0404;0.0117
CDK5R1,0.02606614138493668,False,2,0.0721;-0.0199
EFNB2,0.026085801091948635,False,2,0.1517;-0.0996
NR1H3,0.02608976773093441,False,2,-0.0248;0.0770
RSRC2,0.026092956389426547,True,2,0.0244;0.0278
ST14,0.02613167744846412,False,2,0.0583;-0.0060
SNAP25,0.026139143101421958,True,2,0.0406;0.0117
DERL1,0.02617808140160849,False,2,-0.0219;0.0742
ZNF835,0.02618364460094469,False,2,-0.1106;0.1630
SNX2,0.026184044272916762,True,2,0.0092;0.0432
WWC1,0.02622837607534706,False,2,0.0794;-0.0269
CACNA2D2,0.02626596874262077,False,2,0.1342;-0.0816
JADE1,0.02626750896987662,False,2,-0.0090;0.0616
DMRT1,0.02629482862907284,False,2,-0.1337;0.1862
MARCH1,0.026340378971726586,True,2,0.0065;0.0462
DBNDD2,0.02637963542229549,False,2,0.0618;-0.0090
NSL1,0.02638041744923436,True,1,0.0264
ARSK,0.026432406901309657,True,2,0.0521;0.0008
GBX1,0.02646720502680555,False,2,-0.0462;0.0991
FAM83G,0.026482844964730745,False,2,-0.0585;0.1115
AKIRIN2,0.02650477797159989,False,2,0.1477;-0.0947
IRF2,0.026566564275167015,True,2,0.0495;0.0036
ZGPAT,0.026574599922309483,False,2,-0.0595;0.1126
USP39,0.026620131149916015,False,2,0.0589;-0.0056
DHTKD1,0.02663718338012655,False,2,0.0715;-0.0183
KRIT1,0.026659739266750138,False,2,-0.0879;0.1412
PER2,0.02670563018024308,False,2,0.0838;-0.0304
CCNL2,0.026711615469519834,False,2,-0.1225;0.1759
RIBC2,0.026713176520363868,False,2,-0.0920;0.1454
EGFL8,0.02677652315472534,False,2,-0.1491;0.2027
GLB1L2,0.02677975659879156,False,2,0.2387;-0.1851
GSK3A,0.026806915260055186,False,2,-0.0297;0.0833
PTP4A3,0.026845190102315453,True,2,0.0078;0.0459
GLIS2,0.026883830135603193,False,2,0.1163;-0.0625
PRKAB1,0.026889334307496016,False,2,0.1241;-0.0703
DMBT1,0.026900181401170675,False,2,-0.0126;0.0664
TOR1AIP1,0.026919892762308717,False,2,0.1303;-0.0764
NCF2,0.02692725174508509,False,2,0.1846;-0.1307
LY6G5B,0.026937736080544283,False,2,-0.1328;0.1867
RNF207,0.027027913900322553,False,2,-0.0367;0.0908
RNF2,0.02704370899208952,False,2,-0.0793;0.1333
ZNF773,0.027050205594891463,False,2,-0.1277;0.1818
PLEC,0.027068385524685268,False,2,-0.0366;0.0907
NUDT9,0.02708769036458425,True,2,0.0093;0.0449
RFX7,0.027184272514246044,True,2,0.0290;0.0253
SLC38A10,0.027186136106343572,True,2,0.0458;0.0086
LGR6,0.027186988945827606,False,2,-0.0335;0.0878
SELP,0.02719994726070596,False,2,-0.0596;0.1140
NKX2-6,0.02720977311199574,False,2,0.1066;-0.0522
CLPX,0.027227173983629283,False,2,-0.1332;0.1876
BORCS5,0.027230726636177538,False,2,-0.1415;0.1959
PET117,0.027235667277887177,False,2,0.0625;-0.0081
SMCHD1,0.027248356076313984,False,2,0.1010;-0.0465
SIGMAR1,0.027251976594345972,True,2,0.0134;0.0411
GPR137,0.027255926401467567,False,2,-0.0577;0.1122
FABP1,0.027261414578618304,False,2,0.1215;-0.0670
RNF144B,0.027265520054656878,False,2,-0.0744;0.1289
NAP1L4,0.027272333630871226,False,2,-0.1535;0.2080
BLZF1,0.027318301242927,True,2,0.0475;0.0071
KCNIP3,0.027352355206470724,False,2,-0.0446;0.0993
TXNRD1,0.027371880837168794,False,2,-0.0466;0.1013
MR1,0.02737786091215355,False,2,-0.0401;0.0949
MICU2,0.027389731411191387,False,2,-0.0174;0.0722
APBA1,0.027422028694567002,False,2,-0.1041;0.1590
GRAPL,0.027434179723989094,False,2,-0.0140;0.0689
ZNF621,0.027444150887786845,True,2,0.0262;0.0287
SMKR1,0.027469118406269755,False,2,-0.1346;0.1896
SPDYE2,0.027503793223304762,False,2,0.0552;-0.0002
PCYT2,0.02750587598097748,False,2,0.2252;-0.1702
IL17RB,0.027520493806467927,False,2,-0.0951;0.1502
HSPBP1,0.027524615259105212,True,2,0.0310;0.0241
TSR1,0.02753200630880981,True,1,0.0275
TMEM218,0.027534095129074676,False,2,-0.1037;0.1588
TCF7L1,0.027550524655001407,False,2,-0.0305;0.0856
LSM14A,0.02757487032830075,True,2,0.0522;0.0030
RGS18,0.02758953250013141,True,2,0.0112;0.0439
SMR3B,0.02759680277722676,False,2,-0.0156;0.0708
ELK1,0.027629085002585096,True,2,0.0248;0.0304
WDR83OS,0.027710238112703456,False,2,-0.1102;0.1657
SSH1,0.02773936715474934,False,2,0.0702;-0.0147
PYHIN1,0.027772334978040658,False,2,-0.0109;0.0665
DDR2,0.02780269893549292,False,2,0.0858;-0.0302
FUBP3,0.0278885999994265,True,2,0.0504;0.0054
EXOC6B,0.027907632780787117,False,2,0.0575;-0.0017
GGACT,0.027924428945670154,False,2,-0.0249;0.0808
IFITM3,0.027976459588318736,False,2,0.0745;-0.0186
NPM3,0.028055516239522627,False,2,-0.0441;0.1002
MECP2,0.02805622617264547,False,2,-0.1479;0.2040
TACR2,0.028065069134260767,False,2,-0.0433;0.0995
FAM172A,0.028172860185191273,False,2,-0.0141;0.0704
CEP170,0.028179578418314144,False,2,0.0994;-0.0430
RAF1,0.028253339763884666,True,2,0.0248;0.0317
ZCCHC4,0.028309831095202687,False,2,0.0804;-0.0237
CIT,0.02833711761965685,False,2,-0.0084;0.0651
HOXC10,0.028355225081790558,True,2,0.0543;0.0024
SLC14A1,0.028368290601989643,True,2,0.0493;0.0075
LRFN4,0.028377263070757164,False,2,0.1255;-0.0687
TMCO1,0.028378075204365638,True,2,0.0090;0.0477
BASP1,0.028388984237148196,False,2,-0.1421;0.1988
ZNF841,0.028398405296008677,False,2,-0.0852;0.1420
SCRN3,0.028471568321452256,True,2,0.0204;0.0365
CRIP2,0.028479804643365525,False,2,-0.0238;0.0808
PITX3,0.028510506825625614,True,2,0.0437;0.0133
FAM161A,0.028553573108528574,False,2,-0.0463;0.1034
CLYBL,0.028553764828892603,True,2,0.0168;0.0403
ZBTB44,0.028566239229448787,False,2,0.2328;-0.1756
PRKAG1,0.028632813596627726,True,2,0.0059;0.0514
GATA1,0.028658984828031198,True,2,0.0260;0.0313
SBDS,0.028690380355078315,False,2,-0.2666;0.3239
TBPL2,0.028696225218544702,False,2,0.1112;-0.0538
SLC29A1,0.028713255047668196,False,2,-0.0326;0.0901
REV1,0.02871436913855413,False,2,0.2064;-0.1490
CABIN1,0.028808343967807626,False,2,-0.0844;0.1420
STMN1,0.028813311389859764,False,2,-0.0298;0.0874
ETFBKMT,0.028828782502244188,False,2,-0.0713;0.1290
TMEM40,0.02883924142659522,False,2,-0.0478;0.1055
S1PR2,0.02890400064757115,False,2,-0.0402;0.0980
CDC25C,0.028927671167178037,False,2,0.1226;-0.0648
TSPAN8,0.0289530900622329,True,2,0.0330;0.0250
MITF,0.02895818219883528,True,2,0.0572;0.0007
SPRYD7,0.028960345854652014,True,2,0.0374;0.0205
GPR89A,0.028987141612678013,False,2,0.0852;-0.0273
PPP3CB,0.02899110948309014,False,2,0.1321;-0.0741
ZNF23,0.029041476899477725,False,2,0.1627;-0.1046
RABEP1,0.029055929178618323,True,2,0.0374;0.0207
DACH1,0.029059111676187466,False,2,-0.0050;0.0631
LRP5,0.029067180109401902,False,2,-0.0155;0.0736
SMAD1,0.029069317819616858,False,2,0.0687;-0.0106
ETV1,0.029096122336906116,False,2,0.0930;-0.0348
KCNAB1,0.029117929702395906,False,2,-0.0006;0.0588
CBX7,0.02913493122819988,False,2,0.1616;-0.1034
EBP,0.02921050245238066,False,2,-0.0695;0.1279
ACTG1,0.029217926791528792,False,2,-0.1036;0.1620
TPST1,0.029224081822953774,False,2,-0.0781;0.1365
RAD17,0.029255344203662603,True,2,0.0490;0.0095
CDC42EP3,0.029279571806642146,False,2,0.1681;-0.1095
C1QC,0.029280572392148763,True,2,0.0585;0.0001
PBDC1,0.029297076021746693,False,2,-0.0220;0.0806
ZSCAN32,0.029345996718267098,False,2,-0.0055;0.0642
BCS1L,0.02936327586656251,False,2,-0.0555;0.1142
MAP3K7CL,0.029372052428980777,True,2,0.0300;0.0287
NLRP3,0.02943253526642886,True,2,0.0384;0.0205
LIN54,0.029466346177836722,True,2,0.0391;0.0198
E2F3,0.029478397028569192,False,2,0.1001;-0.0411
ARHGEF12,0.029533478679441894,False,2,0.0819;-0.0228
OR52N4,0.029577582277543257,True,2,0.0096;0.0495
ALKBH4,0.029593673882403304,True,2,0.0029;0.0563
TSKU,0.029634854408883138,False,2,-0.0505;0.1098
MIA3,0.02972121611878753,False,2,-0.0868;0.1462
ESS2,0.029722341460995616,False,2,-0.0369;0.0964
NECAB3,0.029730230531667456,False,2,-0.0706;0.1301
DLG1,0.029739501979718197,False,2,-0.0176;0.0771
RALGPS1,0.029764050633521166,False,2,-0.1588;0.2183
SKAP2,0.02976685799660017,False,2,-0.1432;0.2028
USP36,0.029837971045589495,False,2,-0.0683;0.1280
DUS1L,0.02986177389045719,True,2,0.0227;0.0370
TOP2A,0.029867010937628002,True,2,0.0586;0.0011
GPAT4,0.029868435660802994,False,2,0.0700;-0.0103
MAGED4,0.029885031394597528,False,2,-0.1120;0.1717
PARP9,0.029891107680961482,True,2,0.0479;0.0119
GCHFR,0.029900171204021164,False,2,0.1622;-0.1024
LSM11,0.02992590980221299,False,2,0.4494;-0.3896
ZNF146,0.02993886858625805,False,2,-0.0789;0.1388
MPL,0.02994167976194473,False,2,-0.1763;0.2362
EIF2S1,0.029949756484849654,True,1,0.0300
FBXO25,0.029970645143565122,False,2,0.1883;-0.1284
ARFGEF1,0.029988389704295182,True,2,0.0291;0.0309
KCNK7,0.029999634551782672,False,2,0.0611;-0.0011
RAD51C,0.03003604509097413,False,2,0.1329;-0.0728
P4HB,0.03004197075059878,False,2,-0.0181;0.0782
PTK6,0.030062241333527973,False,2,-0.0141;0.0743
DHRS7,0.030100659575793554,False,2,-0.0267;0.0869
EFHD1,0.030170198910069113,False,2,0.0955;-0.0352
GNMT,0.030176667546871427,False,2,-0.0212;0.0816
EVX1,0.03019799968331527,False,2,0.0742;-0.0138
MRPS18B,0.03020090744487458,False,2,-0.0447;0.1051
RNF111,0.03021671305892698,False,2,0.1365;-0.0761
LAPTM5,0.0302180533837616,True,2,0.0302;0.0302
ZNF394,0.03024154930852818,False,2,0.1004;-0.0399
ZNF225,0.03030049398356971,False,2,-0.1340;0.1946
ZNF648,0.030302212175686183,False,2,-0.0669;0.1275
CAP1,0.030362109217595634,False,2,0.1469;-0.0862
EDC3,0.03038418339578547,False,2,0.1030;-0.0422
CTPS1,0.03042382345198741,False,2,0.2856;-0.2248
TRERF1,0.030433672513045296,False,2,0.0855;-0.0246
GZMA,0.03048917239717075,True,2,0.0414;0.0196
CTU1,0.0304985553106617,False,2,0.2724;-0.2114
ARF6,0.03056675989551827,False,2,-0.0449;0.1060
SLC7A8,0.030579060370900746,True,2,0.0167;0.0445
UBAP2L,0.030584385821910587,False,2,-0.0846;0.1458
IL10RA,0.030623321027409167,True,2,0.0543;0.0069
UACA,0.030629811420957664,False,2,-0.1740;0.2352
DGLUCY,0.03063291123306261,False,2,0.1044;-0.0431
SPG21,0.030650565922063666,False,2,0.1252;-0.0639
SOX18,0.030654267689332326,True,2,0.0009;0.0604
ATP6V0A1,0.030687009784230335,True,2,0.0194;0.0419
NXPE3,0.030687225116777572,True,2,0.0035;0.0579
ZNF777,0.03070717395918443,False,2,0.1411;-0.0797
SYNE4,0.030728134143669095,False,2,0.1113;-0.0498
ZHX1-C8orf76,0.030752346071525216,False,2,-0.0056;0.0671
AHCYL2,0.03078009038763585,False,2,0.0700;-0.0084
MXRA7,0.030808803265825135,False,2,0.0677;-0.0061
ESR2,0.030873498247114606,True,2,0.0577;0.0041
MTRF1,0.030908029140713777,False,2,-0.0266;0.0885
COIL,0.030917868676063165,True,2,0.0580;0.0038
LIPT1,0.030944487072709803,False,2,0.1493;-0.0874
MAML3,0.03094471190811654,False,2,-0.0673;0.1292
DUSP19,0.030956414443298885,False,2,-0.1079;0.1698
NDUFV3,0.030981643880938936,False,2,-0.0448;0.1067
POU1F1,0.031010544488974445,False,2,0.1579;-0.0959
ZNF565,0.031051434544089762,True,2,0.0541;0.0080
YEATS2,0.03108449834366689,False,2,-0.2005;0.2627
BCL6,0.031107453790332418,True,1,0.0311
HFE,0.031109658796093398,False,2,-0.1616;0.2239
DHRS11,0.031137224347604242,True,2,0.0138;0.0485
UBXN1,0.031139534741507158,False,2,0.1600;-0.0977
HEMK1,0.031145961710201675,False,2,-0.0979;0.1602
PICALM,0.031146047347041905,False,2,0.0923;-0.0300
TOP3A,0.031157466883994234,False,2,-0.1132;0.1755
MRPS18C,0.03116046254452498,False,2,-0.0293;0.0917
SDK2,0.031173449982316415,False,2,-0.0045;0.0668
PTGDR2,0.031191462220129362,True,2,0.0519;0.0105
COL18A1,0.03121769173026978,False,2,-0.0445;0.1070
ASPH,0.031270214759357706,False,2,0.0976;-0.0351
WDSUB1,0.031283281404702934,False,2,0.0788;-0.0163
TOB1,0.03128993676485592,True,2,0.0575;0.0050
PPP1R3B,0.03135201817288891,False,2,-0.0880;0.1507
GSE1,0.03136172154524175,False,2,-0.0570;0.1197
BTBD3,0.031383648640924466,False,2,0.1129;-0.0501
LARS2,0.03141885453015525,True,2,0.0336;0.0292
METTL17,0.0314297960310308,False,2,0.0958;-0.0330
CTNNB1,0.031473250533259,True,2,0.0077;0.0552
ARIH1,0.031480327372946815,True,2,0.0302;0.0327
ETAA1,0.03148816956174505,False,2,0.0839;-0.0210
RETREG2,0.0315102988503867,False,2,0.0940;-0.0309
DTYMK,0.03154373789236109,False,2,0.0782;-0.0151
IER5,0.031570392536588,True,2,0.0336;0.0295
FAM76B,0.03159463915528127,False,2,0.0781;-0.0149
SAFB,0.0317165603382894,False,2,-0.0435;0.1070
BRAF,0.031738526972633574,False,2,0.0919;-0.0284
USP47,0.03178328704144717,False,2,-0.1565;0.2200
KIZ,0.03182086685339103,False,2,-0.0289;0.0925
TMC5,0.03189818244038867,True,2,0.0149;0.0489
NDUFS6,0.031920185209071916,False,2,-0.0276;0.0914
DNAJC5,0.031933543760232164,False,2,-0.0638;0.1276
LIMK2,0.03193765357024925,False,2,-0.0803;0.1441
GOLGB1,0.03195148423095662,False,2,0.1218;-0.0579
ZBTB8B,0.03202609797924383,True,2,0.0591;0.0049
BCAS3,0.03203661166169813,False,2,0.1208;-0.0567
FAM216A,0.03205984658114869,False,2,0.1081;-0.0440
FOXD4,0.03210257279659856,False,2,0.0803;-0.0161
CNPPD1,0.03210701011119932,True,2,0.0190;0.0452
ZNF226,0.032110475539198546,False,2,-0.0864;0.1507
LIN28B,0.032127480896228855,False,2,-0.0160;0.0802
IRGQ,0.03212923167555548,True,2,0.0359;0.0284
EDRF1,0.03216645978623223,False,2,0.0709;-0.0065
EPN1,0.03217514836474522,False,2,0.1686;-0.1043
CHRNA10,0.03218035918668127,False,2,-0.0210;0.0854
CARD9,0.032188931028728884,False,2,0.0930;-0.0287
MT1M,0.03221035620609092,True,2,0.0307;0.0337
HPGD,0.032383931163204704,False,2,-0.0642;0.1290
TET3,0.03241896809397249,False,2,-0.0075;0.0724
APOBR,0.032429383325212835,False,2,0.1761;-0.1113
ERN1,0.03245934298068165,False,2,-0.1069;0.1718
LNX2,0.03256401193449332,False,2,0.1046;-0.0395
WIPF2,0.03256548215842847,True,2,0.0594;0.0057
CCDC96,0.032568958616023935,False,2,-0.0349;0.1000
RAB11B,0.03259001225095204,True,2,0.0257;0.0395
CD248,0.03259306665293349,False,2,-0.1548;0.2199
CRB3,0.032611852676626585,True,2,0.0568;0.0084
FAHD1,0.03263820572408449,False,2,0.1511;-0.0858
SEC24B,0.03264581371581876,False,2,-0.0022;0.0675
RHOF,0.03267628746497048,False,2,0.1017;-0.0364
ARRDC1,0.03271756137570325,True,2,0.0308;0.0347
RABL6,0.03278150757874254,False,2,-0.0052;0.0708
DDOST,0.03282814338983253,True,1,0.0328
BTBD19,0.0328418578791001,False,2,-0.1606;0.2263
SNAPC1,0.0328450295891195,False,2,-0.0330;0.0987
FBXO2,0.03291106119615206,False,2,-0.1317;0.1975
CREB3L1,0.03291153848418871,False,2,-0.0015;0.0673
MRPL44,0.03291413977000324,False,2,0.1208;-0.0550
TNRC18,0.03294774778411935,False,2,-0.0672;0.1331
ORMDL1,0.03294848408923512,False,2,-0.0217;0.0876
CTSW,0.03296020013771994,True,2,0.0487;0.0172
TFAM,0.03297963183686359,False,2,-0.0734;0.1393
MRPS22,0.033006226002608274,True,2,0.0626;0.0034
DNAJC6,0.03303486674631595,False,2,-0.0059;0.0719
FANCA,0.03310620625073546,False,2,0.1118;-0.0456
STOML2,0.033119390422849115,False,2,0.2094;-0.1431
TBC1D3L,0.03313757958387309,False,2,0.0825;-0.0162
RAB39B,0.033168270948970346,True,2,0.0325;0.0339
PMEL,0.033170272356013164,False,2,0.1299;-0.0636
LARP7,0.033202363181876415,True,2,0.0624;0.0040
SLAIN1,0.0332242141359686,False,2,0.1055;-0.0391
POU5F1,0.033253728584352826,False,2,-0.0515;0.1180
MFAP3L,0.033260653743154345,True,2,0.0073;0.0592
ATP11A,0.03326131275636246,True,2,0.0580;0.0085
FOPNL,0.033331167483330204,True,2,0.0573;0.0094
ZNF682,0.033367673213246796,False,2,0.1229;-0.0562
BMT2,0.03337755734110681,True,2,0.0536;0.0131
TARS2,0.03340102462536865,False,2,-0.1685;0.2353
WWP1,0.03341304097441278,True,2,0.0399;0.0269
UFC1,0.03346328931143816,True,2,0.0419;0.0250
PPP1R12A,0.03351911552718645,True,2,0.0143;0.0527
ZC3HAV1L,0.03354936479459347,True,2,0.0137;0.0534
TIMM23,0.033555103114390694,False,2,-0.0382;0.1053
CLIC2,0.03356672110581299,False,2,0.1255;-0.0583
IRX6,0.033613402116595914,True,2,0.0291;0.0382
CD163,0.03363023552405742,False,2,-0.0262;0.0934
C12orf57,0.03363730714757951,True,2,0.0078;0.0595
MAP2K3,0.03366047859567611,True,2,0.0135;0.0539
ANKRD16,0.03367053799646347,False,2,-0.0177;0.0851
PRR15L,0.033685451153816826,False,2,-0.1569;0.2242
NEU3,0.03373594173025585,False,2,0.0774;-0.0100
NDST1,0.03383459983357484,False,2,-0.0019;0.0696
CCNK,0.0339150794935732,False,2,-0.0245;0.0923
ZC3H12D,0.033984239959394036,False,2,-0.0608;0.1288
FAM133B,0.03406571648110124,False,2,-0.0617;0.1298
WDR13,0.03408817199826908,False,2,0.0726;-0.0044
WDR6,0.034108156789540156,False,2,0.0802;-0.0120
SOX30,0.034111901571129866,False,2,0.1026;-0.0343
RAB5B,0.03414401491998914,False,2,0.1636;-0.0954
GLCE,0.03415668480328915,True,2,0.0493;0.0190
SLC35B2,0.0341881390069545,False,2,0.0821;-0.0138
ZNF467,0.03421500307347847,False,2,-0.0199;0.0884
MAP4K5,0.03422975248534155,False,2,-0.0188;0.0873
GPATCH8,0.03428004197459,False,2,-0.0094;0.0779
CEP162,0.03433290042347137,True,2,0.0184;0.0503
HLA-E,0.03438769918755502,False,2,-0.0136;0.0824
CD55,0.034405139830686715,True,2,0.0475;0.0213
RALB,0.03443008889367616,False,2,-0.0649;0.1337
LGALSL,0.03445446188684076,False,2,0.1198;-0.0509
SEMA5A,0.03446091015905972,True,2,0.0433;0.0257
LMO7,0.034462837104596744,False,2,-0.0716;0.1406
MARCH7,0.03455170305190619,False,2,0.1224;-0.0532
CTPS2,0.03456028451283033,True,2,0.0201;0.0490
DDX19B,0.0346258196113679,False,2,-0.0141;0.0834
BNIP3L,0.034638952099762366,False,2,0.1575;-0.0882
CHD4,0.03464168947906476,False,2,-0.2208;0.2901
GDE1,0.03467611760567646,False,2,0.0949;-0.0256
ME2,0.03468449352390157,True,2,0.0245;0.0449
MVP,0.034698315225602516,False,2,-0.0765;0.1459
RRAS2,0.0347248549805097,False,2,0.1127;-0.0433
TPRG1L,0.03473589860917803,False,2,0.1719;-0.1025
PTPN7,0.03474082951244739,False,2,-0.0023;0.0718
RBBP9,0.03478835905263422,True,2,0.0471;0.0225
PTPRF,0.03479801244944397,False,2,0.2750;-0.2054
A1BG,0.03480025116325336,False,2,-0.0501;0.1197
ARHGAP9,0.034807773326326785,False,2,0.0720;-0.0024
RNF44,0.03482590604101243,False,2,-0.0737;0.1433
RIPOR1,0.034832395973375174,False,2,-0.1002;0.1698
POLD4,0.034863775898967275,True,2,0.0337;0.0360
FEZ1,0.03486757629393994,False,2,0.1241;-0.0544
CEP76,0.03487432614582697,False,2,-0.0600;0.1297
APH1A,0.034881315840346594,False,2,-0.0570;0.1268
TOMM40L,0.03488489760103519,False,2,0.0715;-0.0017
C1QTNF6,0.03490585967657134,True,2,0.0198;0.0500
PSKH1,0.0349091093157502,True,2,0.0218;0.0480
BCL11A,0.0349442790140303,True,2,0.0545;0.0154
IPO9,0.03494620889032318,False,2,-0.1904;0.2602
DFFB,0.03500354143235396,True,2,0.0146;0.0554
VCAN,0.03500911053229161,False,2,-0.0137;0.0837
ZNF184,0.03508487072335775,False,2,-0.0770;0.1471
AGPAT4,0.03509797921653446,False,2,-0.0152;0.0854
CCR2,0.035111149005853104,True,2,0.0358;0.0344
STIL,0.035147518577063774,False,2,0.1683;-0.0981
TNK2,0.03515799891619997,False,2,-0.0480;0.1183
FTH1,0.03516348393306179,False,2,-0.0750;0.1453
EML4,0.03517632351663824,False,2,-0.0545;0.1249
PTPN13,0.03519450613915143,False,2,-0.0586;0.1290
TMEM220,0.03519849722069557,False,2,-0.2086;0.2790
C6orf89,0.0352232607049241,True,2,0.0543;0.0161
LRP8,0.035255202216306514,False,2,-0.0423;0.1129
PARP1,0.035264470758504585,False,2,0.0892;-0.0187
GCAT,0.03527858745733259,True,2,0.0138;0.0568
PATL2,0.03539993988108736,False,2,-0.0008;0.0716
ZNF705D,0.03544604756447056,True,2,0.0053;0.0656
PFKFB3,0.035446832216072255,False,2,-0.0049;0.0758
NAALADL1,0.035452133020844434,False,2,0.1161;-0.0452
C2CD2L,0.03546138046801295,False,2,-0.0653;0.1362
RDH10,0.03546769733037847,False,2,0.0823;-0.0114
ZNF235,0.03548233520959987,False,2,0.0804;-0.0094
C19orf71,0.03552048509532768,False,2,0.1796;-0.1085
RRM1,0.03556065636384331,True,1,0.0356
ARMCX4,0.03558913229194005,True,2,0.0070;0.0642
MAVS,0.03566382578466648,False,2,0.1777;-0.1064
ACSL5,0.035724138956832796,False,2,-0.0008;0.0723
NRAS,0.03572550246813844,False,2,-0.0676;0.1390
GORAB,0.03574664123342697,True,2,0.0370;0.0345
TSSK6,0.03575160491236318,True,2,0.0348;0.0367
HAUS4,0.035755403698927046,False,2,-0.0470;0.1185
ANKRD12,0.03577358296876554,False,2,0.0720;-0.0004
FAM214A,0.03584594473562763,True,2,0.0191;0.0526
CYP7B1,0.03587023394871636,True,2,0.0352;0.0365
NCF1,0.03588752724800426,False,2,0.0816;-0.0098
HBB,0.035903152757532975,True,2,0.0259;0.0459
RNASE1,0.0359147149768988,False,2,-0.0753;0.1471
SNRNP40,0.03592225932610832,False,2,0.2805;-0.2086
CCPG1,0.0359337747943862,True,2,0.0104;0.0615
ZNF284,0.03596108017053751,False,2,0.1439;-0.0720
NR2C2,0.03597827511522267,False,2,-0.0859;0.1579
NDUFA3,0.03598457254914322,True,2,0.0206;0.0514
PRDX5,0.03600443699465061,True,2,0.0590;0.0130
ATP11C,0.03601373576853806,False,2,-0.0535;0.1255
GNAI2,0.03611016925422472,True,1,0.0361
FAM210B,0.036160536320248626,True,2,0.0523;0.0201
ABCA3,0.036211130064376595,True,2,0.0400;0.0324
RNF11,0.03622139668287239,True,2,0.0495;0.0229
HMGN2,0.036240544249254436,False,2,0.1556;-0.0831
CLASP2,0.036250568666592375,False,2,0.0866;-0.0141
CERS2,0.036272638867828166,True,2,0.0680;0.0046
REEP2,0.03630537707293302,True,2,0.0131;0.0595
C12orf43,0.03630768353758412,False,2,0.2637;-0.1911
UBE2D2,0.03640568910737452,False,2,-0.0276;0.1004
STX6,0.036436739307348254,True,2,0.0386;0.0343
CCDC22,0.03644267372300947,False,2,0.1875;-0.1146
ZNF658,0.03646008574166937,True,2,0.0528;0.0201
TREML2,0.03646282300222381,True,2,0.0553;0.0177
DHFR2,0.03648307785334115,True,2,0.0053;0.0677
CXCR4,0.03649936001172327,False,2,0.0830;-0.0100
FOXD3,0.03653370105039255,True,2,0.0184;0.0547
ERCC6,0.03655090493895441,False,2,0.1284;-0.0553
ZNF3,0.03662124309125381,False,2,0.1661;-0.0929
NDUFB2,0.03668130073726161,True,2,0.0349;0.0384
SLC25A29,0.03670625622989199,True,2,0.0216;0.0518
ASH1L,0.03679328142873317,True,2,0.0358;0.0377
TC2N,0.036826373576666294,False,2,-0.0485;0.1222
POLG,0.0368757467276577,False,2,-0.0649;0.1387
ZNF474,0.03690411357538714,False,2,-0.0215;0.0953
PRDM15,0.03693155857088393,True,2,0.0361;0.0377
ZNF749,0.03693875107824429,True,2,0.0609;0.0130
KCTD20,0.036947412865480866,True,2,0.0260;0.0479
TTC8,0.036991057862220234,False,2,0.0816;-0.0076
UBE2S,0.03701788554342095,False,2,0.1192;-0.0451
ARFGEF2,0.03701897325257231,False,2,0.0824;-0.0083
SP1,0.03702364277489001,False,2,0.0871;-0.0130
SMIM10L1,0.0370344243983628,True,2,0.0731;0.0010
ZDHHC3,0.03715861453271363,False,2,-0.1357;0.2100
IMPDH1,0.037169805645674736,False,2,-0.0936;0.1679
DEAF1,0.03728242970881501,False,2,-0.0949;0.1695
CCDC173,0.037312370656545024,False,2,-0.0377;0.1123
HIF1AN,0.037325741799909495,False,2,0.2139;-0.1393
PPIP5K2,0.03733205992643829,False,2,0.0810;-0.0063
CGAS,0.037355032824619605,True,2,0.0677;0.0070
RPL3,0.03737545183921409,False,2,-0.1442;0.2189
SAP30BP,0.03741754819818238,False,2,0.1470;-0.0722
TDRD3,0.037517875171785064,True,2,0.0247;0.0504
GGPS1,0.03752416624825561,True,2,0.0390;0.0360
RPS2,0.03760835223638115,False,2,-0.0891;0.1643
RGPD8,0.0376368097149129,False,2,0.0825;-0.0072
CIART,0.03764117483787133,False,2,-0.1765;0.2518
COBLL1,0.03764894079090453,True,2,0.0186;0.0567
SPG11,0.03767705907374708,True,2,0.0337;0.0416
MKS1,0.03768487584184643,False,2,-0.1543;0.2297
TMEM120A,0.0377256652654685,True,2,0.0186;0.0568
PRDX6,0.0377337651152333,True,2,0.0498;0.0257
C15orf48,0.03775560418262924,True,2,0.0336;0.0419
TMCC3,0.037875438922684246,False,2,0.1225;-0.0468
FRMD3,0.03792685681578123,False,2,0.0959;-0.0201
FAM72A,0.037932890458494795,True,1,0.0379
WHRN,0.03805862046703523,False,2,-0.0390;0.1151
SRCAP,0.03809197961243682,False,2,-0.0267;0.1029
SCIMP,0.03813554045480405,True,2,0.0437;0.0326
TRMT13,0.03813557173663651,False,2,0.1377;-0.0614
TCFL5,0.03818105777483011,False,2,0.1245;-0.0482
TGFBRAP1,0.038260846817302574,False,2,-0.0319;0.1084
DNAJC1,0.038298542772855715,False,2,0.1220;-0.0454
NFKBIE,0.03835085357594331,False,2,0.2390;-0.1623
DBP,0.03836094830798065,True,2,0.0564;0.0203
GMEB1,0.038363636150096025,False,2,0.1323;-0.0556
MFNG,0.038380889283660125,True,2,0.0197;0.0570
INPP5B,0.03840197665173828,False,2,0.0793;-0.0025
MYO1B,0.038422619727958796,False,2,-0.1410;0.2178
VAMP8,0.038494879638788615,False,2,-0.0275;0.1045
IQCN,0.03849784619165786,True,2,0.0126;0.0644
NAA30,0.0385244609059443,False,2,0.1322;-0.0552
PLBD1,0.038541478529260265,False,2,0.0780;-0.0009
NIPA2,0.03854354113833025,False,2,0.1027;-0.0256
UNCX,0.03855373588108679,False,2,-0.0894;0.1666
FAR2,0.03855632232918782,True,2,0.0737;0.0034
FAM53C,0.03861821890117434,True,2,0.0759;0.0013
ETNK2,0.03863567492053155,True,2,0.0332;0.0440
SLC43A1,0.03864397682455373,False,2,0.1041;-0.0268
FOXD4L1,0.038675918420042366,True,2,0.0186;0.0588
TCF24,0.03869869231601297,True,2,0.0248;0.0526
THADA,0.03878801853037506,False,2,0.1523;-0.0747
MRPL41,0.038833498312530135,True,2,0.0364;0.0413
GCSAM,0.03897154854136298,True,2,0.0163;0.0617
MORF4L1,0.038987387459692435,False,2,-0.0821;0.1600
RNF213,0.03902255224959439,False,2,-0.1379;0.2159
HDAC9,0.03902579369970838,False,2,-0.0357;0.1138
BIRC2,0.03908644215047463,False,2,-0.0204;0.0986
CHRNA6,0.039087535032708176,False,2,0.1253;-0.0471
RAPGEF1,0.0391640519288291,False,2,-0.0414;0.1198
CEP83,0.03917379113817332,False,2,-0.1637;0.2421
BANF1,0.039200699713119236,False,2,-0.2301;0.3085
HEXIM1,0.03920085419195951,False,2,0.2216;-0.1432
WDYHV1,0.03920575958228212,True,2,0.0602;0.0182
PEX14,0.0392143799874225,False,2,-0.0311;0.1095
PROX1,0.03921798583783753,True,2,0.0592;0.0192
PIP5K1C,0.03931710525964627,True,2,0.0184;0.0602
KBTBD6,0.039399148516781723,False,2,-0.1518;0.2306
FDXR,0.03944021947040899,True,2,0.0197;0.0592
ARHGAP30,0.039473316006349735,True,2,0.0158;0.0631
RIOK3,0.03948606023158757,False,2,0.1151;-0.0361
PIGR,0.039552401328918574,False,2,-0.2228;0.3019
PCMTD2,0.039555519520699245,True,2,0.0217;0.0574
NEMF,0.03959611638802418,False,2,0.0966;-0.0174
TMED4,0.03963070722991835,False,2,-0.1316;0.2109
AQP5,0.03967023172869477,False,2,-0.1000;0.1794
ADPRHL2,0.039695902604107824,False,2,0.0866;-0.0073
BMF,0.0397398431581133,True,2,0.0656;0.0139
LIPT2,0.039761197002345705,False,2,-0.0671;0.1467
DEFA5,0.03976908685139269,True,2,0.0041;0.0754
KIF1BP,0.03977190577177414,True,2,0.0580;0.0216
RELCH,0.039772051969240274,True,2,0.0186;0.0610
NOS3,0.039921133748745286,False,2,0.1580;-0.0782
VWA5A,0.03992248670814813,False,2,-0.0760;0.1558
EFCAB2,0.03994097561336918,True,2,0.0479;0.0320
PYGO2,0.03999560932423374,True,2,0.0665;0.0135
SLC30A9,0.0400346985388248,True,2,0.0384;0.0417
TMIE,0.04004671258182457,False,2,-0.0311;0.1111
MCAM,0.040096635933895786,True,2,0.0494;0.0308
SOX6,0.04010526552613841,False,2,0.1721;-0.0919
LYRM4,0.040113249097624815,False,2,0.1506;-0.0704
MLLT11,0.04014923366089973,False,2,-0.0129;0.0932
UQCR11,0.04021666920329903,True,2,0.0572;0.0233
TMPRSS5,0.040229416188528044,False,2,0.0867;-0.0063
UBA6,0.04023967641141113,True,2,0.0272;0.0532
GCH1,0.040255273075982756,False,2,-0.0446;0.1251
KLC1,0.040302587051726846,False,2,-0.0481;0.1287
AP4M1,0.04037510940468991,True,2,0.0169;0.0639
C16orf86,0.040425123090274684,True,2,0.0071;0.0737
FAM3C,0.04043113143570759,False,2,0.1500;-0.0691
RPS6,0.04043406474465017,True,2,0.0270;0.0538
TMEM38B,0.0404814656292371,False,2,0.1112;-0.0302
DDX58,0.04048923066599264,False,2,0.1351;-0.0542
MDFIC,0.04050363606195451,True,2,0.0028;0.0782
TXN2,0.040507363194156376,True,2,0.0669;0.0141
QRICH2,0.040511518916612865,False,2,-0.0434;0.1245
CCDC144A,0.04053548127063589,True,2,0.0774;0.0037
TFCP2L1,0.0405665573394704,False,2,0.1820;-0.1008
REXO4,0.04057313210778535,False,2,-0.1105;0.1916
ORMDL3,0.04057644012527517,False,2,0.0873;-0.0061
HLA-DRB1,0.040588460018405326,False,2,-0.0468;0.1280
RHOU,0.040615421741936,False,2,0.0971;-0.0159
DDI2,0.040670427570823287,False,2,-0.0313;0.1126
MAFA,0.040702945538462765,True,2,0.0086;0.0728
ZNF385D,0.04074477211092742,True,2,0.0096;0.0719
L3HYPDH,0.04080103515770994,True,2,0.0470;0.0346
SLC39A1,0.04083377081001016,False,2,0.1153;-0.0336
LPAR5,0.04084030799850047,False,2,-0.0110;0.0927
MIDN,0.04084746512800774,True,2,0.0496;0.0320
UBE2K,0.04089108579347078,False,2,0.1018;-0.0201
C2orf42,0.040916992971358646,True,2,0.0363;0.0455
NEK10,0.04092733902726031,True,2,0.0258;0.0560
H3F3C,0.040945238894244174,False,2,-0.0618;0.1437
IL24,0.04095450045073734,False,2,0.1814;-0.0994
NPIPA5,0.04101581882233141,False,2,-0.1497;0.2317
HAPLN3,0.04107191934625615,False,2,0.1922;-0.1100
KLHL2,0.041077280132254534,False,2,-0.0102;0.0923
NUDT4,0.04107790548632617,False,2,0.1447;-0.0625
GAS7,0.041100766080492845,False,2,-0.0093;0.0915
UBA7,0.041125886919062715,False,2,-0.0515;0.1337
C21orf58,0.04114250053015861,False,2,0.1285;-0.0463
MTSS1,0.04115804467570838,False,2,-0.1872;0.2695
GPM6A,0.04117245331029917,False,2,0.1200;-0.0377
VPS9D1,0.04118337138287037,False,2,0.1438;-0.0614
ANKRD49,0.04119631215516906,False,2,0.2589;-0.1765
GORASP2,0.04121783542676799,False,2,0.1611;-0.0786
LIN37,0.04121836581674243,True,2,0.0388;0.0437
IMPG2,0.041226092925512936,False,2,-0.0167;0.0992
STUM,0.04122883594641735,False,2,0.1561;-0.0736
CHEK2,0.04124044276540173,True,2,0.0054;0.0771
SLC38A7,0.041241042170079845,True,2,0.0295;0.0529
ST20-MTHFS,0.0412618765625532,False,2,-0.0189;0.1014
CHST11,0.04130289110627561,False,2,0.1127;-0.0300
ABCA7,0.04133494646355612,False,2,0.2523;-0.1697
CPT1A,0.041375920129117394,False,2,0.1418;-0.0590
KIAA0319L,0.0414225905505492,True,2,0.0431;0.0398
KBTBD8,0.04147269098365658,True,2,0.0644;0.0185
KCNMB3,0.041482185601566024,False,2,0.1194;-0.0365
GPCPD1,0.04148344117841829,False,2,0.1288;-0.0458
MYO1D,0.041505871052939014,False,2,-0.0956;0.1786
PPP1R32,0.04150819635738057,True,2,0.0810;0.0020
TOMM5,0.04154584174979481,False,2,-0.0394;0.1225
MTFR1,0.0415486396532363,False,2,0.2768;-0.1937
SSSCA1,0.041558856651487175,False,2,0.0994;-0.0163
CLHC1,0.04157294401115075,False,2,0.1266;-0.0434
HIST1H2AM,0.04158141940138027,True,2,0.0543;0.0289
FAM153B,0.041584675210007194,True,2,0.0481;0.0351
FAM83F,0.04158840437438405,True,2,0.0569;0.0262
DNAJC30,0.04160051644025342,True,2,0.0488;0.0344
BPTF,0.04161114713029013,False,2,-0.0389;0.1221
HIST1H3H,0.04163687434865254,False,2,0.1803;-0.0971
ZNF75D,0.041663800661700945,False,2,0.1129;-0.0296
TMEM53,0.04166478868690171,True,2,0.0088;0.0746
F2R,0.04166781824750054,True,2,0.0703;0.0131
ZCCHC8,0.041682273844339646,False,2,-0.0678;0.1512
PEX11G,0.04173575079078262,True,2,0.0799;0.0035
PACSIN3,0.041753060274068,True,2,0.0667;0.0168
MGAM,0.04178464331427323,False,2,-0.0286;0.1122
PIGN,0.04180183804180182,True,2,0.0679;0.0157
ZNF263,0.041814046518589554,False,2,0.1822;-0.0986
BANP,0.041815668533320305,True,2,0.0306;0.0530
TNFSF13B,0.04188210286270955,False,2,-0.0855;0.1693
RBM25,0.041897145836184535,True,1,0.0419
PDK2,0.04192283618959969,True,2,0.0494;0.0344
STK38L,0.041965033964135534,False,2,-0.1392;0.2231
INTS4,0.04197438811421916,True,1,0.0420
ARPC1B,0.0419840501053238,False,2,0.2041;-0.1201
GNB1,0.04203889176982667,False,2,0.1001;-0.0161
PPM1N,0.04205652132299853,False,2,-0.0035;0.0876
COQ8A,0.04206442314503267,False,2,-0.0100;0.0942
UBC,0.04208442429635606,True,2,0.0371;0.0471
PPP1R12B,0.04209492842026297,False,2,-0.0119;0.0961
SKP2,0.042095381640293805,False,2,-0.1174;0.2015
CMTM5,0.042100085442662416,True,2,0.0169;0.0673
ZNF426,0.042137661463028775,True,2,0.0817;0.0026
BRPF1,0.0421534057445242,False,2,-0.3607;0.4450
HMMR,0.04216117359420779,False,2,-0.1072;0.1915
NR1I2,0.04222468220274678,False,2,0.1027;-0.0182
PSMA8,0.04223705348420537,True,2,0.0398;0.0447
VXN,0.04223991518413561,True,2,0.0341;0.0504
SH3BP1,0.04225055684204071,False,2,-0.1924;0.2769
KIF1A,0.04226723442936814,False,2,0.2137;-0.1292
GTF2E1,0.04227810930929676,True,1,0.0423
ULBP1,0.04229341348170823,False,2,-0.0273;0.1119
KAT6A,0.04231507280909119,True,2,0.0546;0.0300
SLC18B1,0.042325795184095405,False,2,0.0877;-0.0031
TULP4,0.042344442065836874,True,2,0.0373;0.0474
KIAA0753,0.04235464110366216,False,2,-0.0045;0.0892
ANKDD1A,0.042381489546594264,True,2,0.0436;0.0411
COPA,0.042395383944215825,True,2,0.0079;0.0769
PLEKHA7,0.042408915611507114,False,2,0.1423;-0.0575
ABHD4,0.04244300656602862,True,2,0.0048;0.0801
VOPP1,0.04246370098328983,False,2,0.2038;-0.1188
MAP3K2,0.04252340382936237,False,2,-0.0153;0.1004
UFSP2,0.04254089113819659,False,2,0.0918;-0.0067
SLC44A1,0.04255020593403469,False,2,-0.1074;0.1925
FABP5,0.04255452647208602,False,2,-0.0288;0.1139
ZSCAN26,0.04260978884761768,True,2,0.0371;0.0481
THY1,0.042615038539831396,False,2,-0.0428;0.1280
MTAP,0.04264627789489539,True,2,0.0612;0.0241
MUS81,0.04265057859927257,True,2,0.0336;0.0517
USP18,0.042665461123692294,True,2,0.0848;0.0005
ORM2,0.042682403416637094,True,2,0.0574;0.0280
EMC6,0.04268803245784025,True,2,0.0523;0.0331
TEAD2,0.04275479505328206,True,2,0.0252;0.0603
CUL9,0.04276795067989947,False,2,0.0965;-0.0110
DESI1,0.04277505039253626,True,2,0.0816;0.0039
ZNF714,0.04280615936689269,False,2,-0.0591;0.1447
PARVG,0.04284641422455282,True,2,0.0107;0.0750
NETO2,0.0428747434447041,True,2,0.0172;0.0686
DYNLT3,0.042881329677577296,True,2,0.0726;0.0131
TRIO,0.04290731475357812,True,2,0.0805;0.0053
GAD1,0.042970221874242265,True,2,0.0554;0.0305
STX12,0.042970472853408215,False,2,0.1293;-0.0434
MUC4,0.043001346180932654,False,2,-0.1086;0.1946
FAM174B,0.043073686478859785,True,2,0.0620;0.0242
LDAH,0.04314316407787033,True,2,0.0797;0.0066
PDSS1,0.04314818263504794,False,2,-0.0187;0.1050
MT3,0.04315510063726147,False,2,0.2043;-0.1180
UFSP1,0.04317298493497718,False,2,0.2098;-0.1234
RIPK1,0.04318254922503928,True,2,0.0452;0.0411
ZNF142,0.043203734759534984,False,2,-0.1996;0.2860
ATP9B,0.04325369242908772,True,2,0.0355;0.0510
USP34,0.04329774109307538,True,2,0.0764;0.0102
WDR18,0.04336145972197225,False,2,0.2641;-0.1774
TFAP2A,0.04337053013750902,False,2,-0.0327;0.1194
ZFP90,0.043387747315034086,False,2,0.1203;-0.0335
CD7,0.04339149197314596,True,2,0.0303;0.0565
IL17RE,0.043392225734420475,False,2,-0.0537;0.1405
FYCO1,0.043432118031952016,False,2,-0.0089;0.0957
CNBD2,0.043477296585168634,False,2,0.0922;-0.0052
USP4,0.043477521495421056,False,2,-0.0056;0.0926
PHLDB3,0.04351614925789227,True,2,0.0517;0.0353
SLC39A14,0.043572700040409806,True,2,0.0268;0.0603
SALL1,0.043576035015021164,True,2,0.0511;0.0360
CHIC2,0.04358935598560887,False,2,-0.1344;0.2216
ZSWIM7,0.04359573308190545,False,2,0.1010;-0.0139
DLX6,0.04361295124294817,True,2,0.0711;0.0161
RAB11FIP2,0.04361589184375114,False,2,-0.1671;0.2543
MLKL,0.04362151052689478,True,2,0.0551;0.0321
BMP8B,0.0436448982459946,False,2,-0.0494;0.1367
RENBP,0.0436787706689058,False,2,-0.0310;0.1183
TP53,0.043705797187790885,True,2,0.0270;0.0604
BEST1,0.043743491133818535,False,2,0.1944;-0.1069
USP38,0.04374681006351622,False,2,-0.0269;0.1144
ETV6,0.0437698663772248,False,2,0.1021;-0.0145
PTS,0.04378875537282689,False,2,-0.0100;0.0976
DUSP3,0.043798166898462054,True,2,0.0629;0.0247
CCDC82,0.043807807097034246,False,2,-0.1111;0.1988
WDR45B,0.0438604704726524,True,2,0.0350;0.0527
MDGA1,0.0438645454607377,True,2,0.0508;0.0370
METTL6,0.04387855648114525,False,2,-0.0268;0.1146
SPINK4,0.043956190746004764,False,2,-0.1379;0.2258
FAM160B2,0.04399960140174919,False,2,0.0940;-0.0060
FAM122C,0.04405707923968755,False,2,0.2617;-0.1736
NDUFAF2,0.044064345139323446,True,2,0.0420;0.0461
PSMC1,0.044118692451013075,False,2,-0.0633;0.1515
EVI5L,0.04411889178474693,True,2,0.0632;0.0250
MPP7,0.04416736435097912,True,2,0.0787;0.0096
IL2,0.044168414178810345,True,2,0.0003;0.0880
TEFM,0.04418048449364609,False,2,-0.0084;0.0968
SFMBT2,0.04418314303752091,False,2,0.2801;-0.1917
RC3H2,0.04421342730992561,True,2,0.0296;0.0589
SLC22A23,0.04428398510794174,False,2,0.1742;-0.0856
VRK2,0.04435042474556383,False,2,-0.0111;0.0998
ZSWIM3,0.04438629997926724,True,2,0.0367;0.0521
C1GALT1C1,0.04439288859427387,False,2,0.1519;-0.0631
NBEAL1,0.04442472443545786,False,2,-0.0456;0.1344
CASP1,0.044427090971454586,False,2,0.1034;-0.0145
CAT,0.044427135397514694,False,2,0.1169;-0.0280
PKN3,0.04448323529008563,False,2,0.2309;-0.1419
FBXO30,0.04451496161887103,False,2,0.1753;-0.0862
NTPCR,0.04456301574438276,False,2,0.2625;-0.1734
BAMBI,0.044601260912244034,False,2,0.1161;-0.0269
RINL,0.04460771381659312,True,2,0.0877;0.0015
FABP3,0.04462369282424772,False,2,-0.0120;0.1013
GAREM1,0.044634642352523346,True,2,0.0524;0.0369
BHLHE23,0.04466506253843183,True,2,0.0090;0.0803
NUDT22,0.04473159528895154,True,2,0.0156;0.0739
SLC17A3,0.044755840661333424,True,2,0.0800;0.0095
GAR1,0.04479215784203949,False,2,-0.1840;0.2736
ULK2,0.044845317996255796,False,2,-0.0014;0.0911
FAM207A,0.04484965556455067,True,2,0.0252;0.0645
ACCS,0.044854362823214866,False,2,-0.0228;0.1125
EXD3,0.04486698409456502,True,2,0.0256;0.0641
USP15,0.04486889308804409,True,2,0.0020;0.0877
BTBD2,0.04494147791098846,False,2,0.1032;-0.0133
TBC1D32,0.044943891124943125,False,2,-0.0265;0.1164
ARAP2,0.04494583748725234,False,2,0.1213;-0.0314
RBFA,0.04495222783165376,False,2,-0.1367;0.2266
JAK2,0.04496816000187753,True,2,0.0178;0.0722
DGKE,0.045001801356032045,True,2,0.0121;0.0779
THUMPD2,0.04500780672114346,True,2,0.0643;0.0257
ZNF736,0.04502534916839518,True,2,0.0787;0.0113
G6PD,0.04505852512660202,True,2,0.0444;0.0457
TXLNA,0.04506817602453517,True,2,0.0817;0.0084
CTSF,0.04511948333325422,True,2,0.0010;0.0892
ZNF503,0.045136716621868134,False,2,-0.0010;0.0913
DENND1B,0.04516441694448814,False,2,-0.0541;0.1444
GTF2IRD1,0.045218660146713385,True,2,0.0072;0.0833
MEIS1,0.045271584582866065,False,2,-0.0289;0.1194
AKAP13,0.0453609621369937,False,2,-0.0036;0.0943
GORASP1,0.04537191034017235,False,2,0.1510;-0.0602
FXYD2,0.04538333870275457,False,2,-0.0294;0.1201
PZP,0.04539640135786849,True,1,0.0454
PBLD,0.04542590382010214,True,2,0.0434;0.0475
BEND3,0.045492493109668075,False,2,0.4398;-0.3488
SAMSN1,0.04555194338714963,True,2,0.0338;0.0573
KLHL5,0.045552904395670724,True,2,0.0637;0.0274
CASK,0.04560553041033599,False,2,-0.1273;0.2185
FLNA,0.04566650236971237,False,2,-0.0541;0.1454
CLPTM1L,0.0456680037423397,False,2,-0.0066;0.0980
C1orf112,0.04570296238690902,False,2,0.2125;-0.1211
NPRL2,0.04570567626894506,True,2,0.0443;0.0471
NDUFB9,0.04572007143171797,False,2,-0.2319;0.3234
RAX2,0.04574690114736102,True,2,0.0149;0.0766
BYSL,0.045760558570846155,True,2,0.0459;0.0456
AGAP3,0.0457812321956611,True,2,0.0682;0.0234
SUGP2,0.04578272718290699,False,2,-0.0331;0.1246
SEC24D,0.045790478637207754,True,2,0.0386;0.0530
ATM,0.04581831009834736,False,2,-0.0580;0.1496
BLOC1S1,0.045865349429905056,False,2,0.1243;-0.0326
C6orf106,0.04587338782368966,True,2,0.0174;0.0744
CBWD1,0.0458884955531107,False,2,-0.0298;0.1216
ATAD3B,0.045912460263229926,False,2,0.1159;-0.0240
ARF1,0.04593524163816115,False,2,0.1407;-0.0488
LONP2,0.04594677861215113,False,2,-0.1608;0.2527
ZNF669,0.045955977643275414,True,2,0.0117;0.0802
RBBP8,0.04597707834785392,True,1,0.0460
KLHL28,0.04601005741120423,True,2,0.0819;0.0101
NBPF14,0.04601565623073045,False,2,-0.0815;0.1735
TBX3,0.0460157191242645,False,2,0.1333;-0.0413
MFSD13A,0.04611700996558998,True,2,0.0097;0.0826
LRRC6,0.04614633415002539,False,2,0.1840;-0.0917
ZNF491,0.04621255356024012,True,2,0.0425;0.0499
NADK,0.046251419930365856,True,2,0.0034;0.0891
ALKBH7,0.0463004677227552,True,2,0.0906;0.0020
LATS2,0.0463099995419155,True,2,0.0500;0.0426
PDLIM2,0.04632098989198574,False,2,-0.0858;0.1784
RNH1,0.04634184392413865,False,2,0.2578;-0.1651
DDX20,0.04634811850659848,True,2,0.0392;0.0535
ZFP69B,0.046398122145913545,True,2,0.0193;0.0735
STK11IP,0.0464206958689366,False,2,0.1319;-0.0391
TPCN2,0.04642817377985847,False,2,0.2122;-0.1193
DTWD2,0.046432051653912065,True,2,0.0804;0.0124
RASSF2,0.04646075771223912,True,2,0.0575;0.0354
DOCK9,0.046479226243733573,True,2,0.0513;0.0416
EIF6,0.0464910447871123,False,2,-0.7418;0.8348
CSGALNACT1,0.04652520154114981,False,2,-0.0071;0.1002
SEPT6,0.04655500871679219,False,2,0.0998;-0.0067
ACTN4,0.04655744394209316,False,2,0.1574;-0.0643
CYSLTR2,0.04659010156433552,True,2,0.0310;0.0621
CALCOCO1,0.04659827601486444,True,2,0.0138;0.0794
SCYL3,0.04660593355412779,False,2,0.1113;-0.0181
PRDM14,0.046620395431624106,False,2,0.1064;-0.0132
ABCC8,0.046684188691620054,False,2,-0.1508;0.2442
CD44,0.04669011294870962,False,2,-0.0032;0.0965
ANKRD26,0.046823802861278074,True,2,0.0046;0.0890
DNAJB14,0.04683098524419782,True,2,0.0722;0.0215
PSD4,0.04685043961405716,False,2,0.2605;-0.1668
NMT2,0.046937775936688464,True,2,0.0281;0.0658
TRAPPC9,0.046991502687327213,False,2,0.1441;-0.0502
CPXM1,0.04699550057548363,False,2,0.1867;-0.0928
SUPT4H1,0.04700102210409807,True,2,0.0280;0.0660
MCCC2,0.04700898779773388,True,2,0.0007;0.0933
GGNBP2,0.04701170983994951,False,2,0.1209;-0.0269
DHRS7B,0.047075784630338346,True,2,0.0462;0.0479
ABI3,0.047150579724683284,False,2,0.2406;-0.1463
TUT7,0.04716689361452042,False,2,-0.0724;0.1667
PAX8,0.04717625661252878,False,2,0.1579;-0.0635
IGHMBP2,0.04717702168079241,True,2,0.0485;0.0458
VAMP3,0.047234151478110165,True,2,0.0060;0.0884
INAFM1,0.04735182286654804,False,2,-0.0974;0.1921
SH3KBP1,0.04744767751634826,True,2,0.0491;0.0458
RAB13,0.0474928396659513,True,2,0.0630;0.0320
RAB32,0.04751040997996503,True,2,0.0256;0.0694
PDF,0.04752819081690007,False,2,-0.0180;0.1131
TNFRSF25,0.04754380175794559,True,2,0.0386;0.0565
ZNF135,0.04754878546675473,False,2,0.2370;-0.1419
MSX2,0.04762156048534272,True,2,0.0112;0.0840
PTGES3,0.04763413529870281,False,2,0.1320;-0.0367
CNTD1,0.047705887424786986,False,2,0.1003;-0.0049
ARID3A,0.0477172901126085,False,2,0.1035;-0.0081
ZNF260,0.047736023355878565,False,2,0.1198;-0.0244
SPP1,0.047744810284986006,True,2,0.0908;0.0047
RAB31,0.047745699901815875,False,2,-0.0160;0.1115
SMIM20,0.04774779485082237,False,2,0.0986;-0.0031
SLC35F6,0.04776783224478254,False,2,-0.0247;0.1203
CDK6,0.04778960258458842,False,2,0.1034;-0.0078
FMR1,0.047792029462718766,False,2,-0.1108;0.2064
ZSCAN29,0.04782221701664713,False,2,-0.0494;0.1451
IL17A,0.04785292146408937,True,2,0.0280;0.0677
UBXN4,0.047885373649392715,False,2,-0.0073;0.1031
DUSP10,0.04792041312234374,False,2,-0.1431;0.2389
TYMP,0.04793575668370442,False,2,-0.0241;0.1200
OSBPL8,0.04797752787064208,False,2,0.1642;-0.0682
PPP4R4,0.04799806355097602,True,2,0.0055;0.0905
CLSTN1,0.0480098504061891,True,2,0.0015;0.0945
ABHD16B,0.04803328265415263,False,2,0.1713;-0.0752
PLIN3,0.048073200879462874,True,2,0.0777;0.0185
PMAIP1,0.04815099175997295,False,2,0.0967;-0.0004
MGST3,0.048186081913410894,True,2,0.0821;0.0142
APOBEC3B,0.04819637074288896,False,2,0.2111;-0.1147
NKX2-5,0.04820680638334418,True,2,0.0278;0.0686
ZKSCAN5,0.04823057396069663,False,2,-0.0289;0.1253
TRIM22,0.0482341725364232,False,2,0.1745;-0.0781
BTN2A2,0.048240842829604724,True,2,0.0458;0.0507
PDCD1LG2,0.04826318721536216,True,2,0.0709;0.0256
RPS23,0.04830344739547926,False,2,0.2155;-0.1189
SLC25A33,0.04833077891695514,True,2,0.0833;0.0134
TMEM104,0.04833443177489849,True,2,0.0105;0.0862
TSPAN15,0.04837526799152014,False,2,-0.0271;0.1239
AGAP1,0.048396851980302746,True,2,0.0464;0.0504
ACAT1,0.048443852104963714,True,2,0.0904;0.0065
EGLN2,0.048451673693991726,False,2,-0.2314;0.3283
RXYLT1,0.04854485043021206,False,2,0.1328;-0.0357
TMCC1,0.04858401414409175,False,2,0.1003;-0.0032
PDGFB,0.04860875446845553,False,2,0.1292;-0.0320
CDC42BPB,0.04863444865438882,True,2,0.0221;0.0752
KRR1,0.04865690233579334,False,2,0.1127;-0.0154
ZNF157,0.04866699256835494,False,2,0.2176;-0.1203
HIST4H4,0.04881444463660256,True,2,0.0375;0.0601
FBXO40,0.04883576625123054,False,2,-0.0795;0.1771
DMRT3,0.048841965416219546,True,2,0.0862;0.0115
RGS10,0.048850000769071644,False,2,-0.0918;0.1895
PIGS,0.04887579891401028,True,2,0.0276;0.0702
EEPD1,0.0488829979644434,True,2,0.0935;0.0043
BNIP1,0.04889191932525705,True,1,0.0489
CSRNP2,0.048907035415729716,False,2,0.1059;-0.0081
COLGALT2,0.048926098428919707,True,2,0.0092;0.0887
DHRS4L2,0.04893142259639688,False,2,0.2184;-0.1205
HKR1,0.0489646368877088,True,2,0.0955;0.0024
MEF2D,0.04899810325261944,False,2,-0.0216;0.1196
FKTN,0.049040645929096904,False,2,0.1405;-0.0424
KLHL6,0.049046076726039334,True,2,0.0889;0.0092
ZNF331,0.04905819120864585,True,2,0.0980;0.0001
NRN1,0.04910534734083116,False,2,0.2952;-0.1970
PIK3C3,0.04912005256353669,False,2,-0.0872;0.1855
SEMA4C,0.04912307301590013,False,2,0.1164;-0.0181
ACAA1,0.04912987654939871,False,2,-0.1986;0.2969
MAZ,0.04913688121771831,False,2,0.0985;-0.0002
WDR19,0.04917718758398848,False,2,0.1173;-0.0190
MTMR12,0.049251249498762695,True,2,0.0765;0.0220
TET1,0.04933843313277986,False,2,0.2150;-0.1163
ZMYM6,0.04938698679457143,False,2,0.1115;-0.0127
ZNF771,0.04940713126737395,True,2,0.0533;0.0456
PPP2R3B,0.049468477880486916,False,2,-0.0183;0.1173
ZNF652,0.04949346067225702,True,2,0.0978;0.0012
ZNF273,0.04954016424758201,False,2,0.1186;-0.0195
EIF4EBP1,0.049547425418053015,False,2,0.1729;-0.0738
NTAN1,0.04954799744011207,False,2,0.1126;-0.0135
NCAPH2,0.04958597428797418,True,2,0.0689;0.0302
ANKRD10,0.04960056772244892,True,2,0.0012;0.0980
PEA15,0.049637046069717305,True,2,0.0476;0.0517
WDR77,0.049674830594884645,False,2,0.1063;-0.0070
TAL2,0.049696174630090906,True,2,0.0136;0.0858
POLQ,0.04969689887986639,False,2,-0.0116;0.1110
SUCLG1,0.04973733039467887,True,2,0.0917;0.0077
MAPRE2,0.04973972036766894,True,2,0.0129;0.0866
DAPK2,0.04979087393063919,False,2,0.1067;-0.0071
NFIL3,0.04983197028267833,False,2,0.2124;-0.1127
COA3,0.049857650013589994,False,2,-0.0628;0.1625
CCDC32,0.04986917016360304,True,2,0.0456;0.0541
FAM122A,0.04989471865140149,False,2,-0.0831;0.1829
SOCS3,0.04991481654151153,False,2,0.2198;-0.1200
PCSK1N,0.04993697932284036,True,2,0.0851;0.0148
TYSND1,0.05001877060162907,False,2,-0.0078;0.1078
PPP2R2B,0.05006022216542605,False,2,-0.0008;0.1010
RAB8A,0.050060461265495126,True,2,0.0571;0.0430
LPCAT2,0.05013486171260273,True,2,0.0034;0.0969
CEP19,0.050141943606207384,False,2,-0.0860;0.1863
NLRX1,0.0501694503891329,False,2,-0.0069;0.1072
SH2B3,0.05018414078903011,True,2,0.0003;0.1000
MTMR1,0.050239395111757124,False,2,-0.0305;0.1309
DNTTIP1,0.050240266208458895,True,2,0.0393;0.0612
TBC1D8,0.050266115302899705,True,2,0.0864;0.0141
FAM91A1,0.050277076343466454,False,2,-0.0495;0.1500
RAD52,0.05030548349243302,False,2,0.1701;-0.0695
ICA1L,0.05031638680160666,False,2,-0.0800;0.1806
CRYZ,0.05033095592262693,False,2,-0.0536;0.1542
ANKRD40,0.0503430436841128,True,2,0.0708;0.0299
PEAK3,0.050360398241807935,True,2,0.0207;0.0801
IPO11,0.050378484147739266,True,2,0.0757;0.0250
KPNA4,0.05046114064774687,True,2,0.0010;0.0999
LEPR,0.050487074663445264,False,2,0.1498;-0.0489
CD22,0.05050665961116618,True,2,0.0124;0.0886
NOL3,0.050614485733382675,True,2,0.0621;0.0392
AATF,0.05062623795101251,True,1,0.0506
UBA3,0.05073986335546088,False,2,-0.2399;0.3414
NIPSNAP2,0.050798462731474814,True,2,0.0961;0.0055
HSD17B8,0.05080399862768559,False,2,0.1194;-0.0177
ZNF600,0.050866712824588434,True,2,0.0458;0.0560
OSM,0.05087235124286105,True,2,0.0085;0.0932
LRRC8D,0.05087944754847462,False,2,-0.0401;0.1419
HSPA4,0.05088313311872761,True,2,0.0644;0.0374
AIMP1,0.0509472102303683,True,2,0.0560;0.0459
TASP1,0.05096081641813277,False,2,0.1036;-0.0017
C12orf75,0.05097359497162357,False,2,0.1210;-0.0191
TAP2,0.05099179720373681,False,2,-0.1003;0.2023
AIMP2,0.0509945115587489,True,2,0.0494;0.0526
ZNF554,0.051065315515513854,False,2,0.1208;-0.0186
INPP5F,0.05107673916904898,False,2,-0.0562;0.1583
HSD17B4,0.05110649366006392,False,2,-0.0184;0.1206
CHRNB1,0.05118640268826391,True,2,0.0693;0.0330
LAMA1,0.051199500168255696,True,2,0.0821;0.0203
STK16,0.051290021672186104,True,2,0.0458;0.0568
BRD3,0.05131176570436924,True,2,0.0235;0.0791
AKIRIN1,0.0513863509958839,False,2,0.1318;-0.0291
ING1,0.051429256129968626,False,2,-0.2394;0.3423
MYCBPAP,0.05149541097512145,False,2,-0.0713;0.1743
KLHDC10,0.05152586157172645,False,2,-0.0780;0.1810
SATL1,0.051574658776077364,True,2,0.0363;0.0669
GPR146,0.051603135198489025,False,2,-0.0555;0.1587
NEURL1,0.05161867131004216,False,2,0.1182;-0.0150
SLC6A6,0.051678011742327556,True,2,0.0556;0.0478
SPN,0.051678786481144545,False,2,-0.0304;0.1337
KLF11,0.05169256855583815,True,2,0.0873;0.0161
HOXD1,0.051712301346615086,True,2,0.0133;0.0901
SRP68,0.05175134907674561,True,1,0.0518
NABP1,0.05175539168578991,True,2,0.0236;0.0799
FBXO45,0.05179135920022382,True,2,0.0672;0.0364
PTPRJ,0.05179287778107122,False,2,-0.0129;0.1165
DDX3Y,0.05183044912831486,False,2,0.1869;-0.0832
PRDX1,0.051834096953443876,True,2,0.0341;0.0695
CRTC3,0.05183487043939461,True,2,0.0707;0.0330
EP300,0.05187181732498197,False,2,0.1817;-0.0780
DHX38,0.05187972863565138,True,2,0.0305;0.0732
ELAVL1,0.05192220915483825,True,2,0.0386;0.0653
ZNF555,0.051937909277352756,False,2,0.2120;-0.1081
FBXW7,0.051953447262607644,True,2,0.0782;0.0257
ZNF248,0.05197256924707816,False,2,-0.0246;0.1286
FANCC,0.052030630221220786,False,2,0.1275;-0.0235
TRIM56,0.05206098678085158,False,2,-0.0394;0.1435
EXOC6,0.052096258132874884,False,2,0.1536;-0.0494
ZFPM2,0.052183636933434085,True,2,0.0767;0.0277
NUDT16,0.05222441815792034,False,2,0.1210;-0.0165
C7orf31,0.052232717409497975,False,2,-0.0351;0.1396
TMEM107,0.052246989163098556,False,2,-0.0363;0.1407
DSCC1,0.05226631696774786,False,2,-0.0309;0.1355
RTCA,0.05227013460056695,False,2,-0.0269;0.1314
BTLA,0.052278165879958816,False,2,0.2621;-0.1575
NDFIP1,0.05228575815724357,False,2,0.1684;-0.0638
TOPBP1,0.05229514715176381,False,2,0.2234;-0.1188
POLL,0.05231067883094109,False,2,-0.0967;0.2013
GCLM,0.05233560232722623,False,2,0.1819;-0.0772
YTHDF1,0.0524321517304569,True,2,0.0513;0.0536
MRPL47,0.05246522852024327,True,2,0.0366;0.0684
KAT5,0.05246733634604728,True,2,0.0611;0.0439
STRADB,0.052469989557931696,False,2,-0.0881;0.1931
DHX15,0.05248422852611134,True,1,0.0525
C19orf33,0.05250494778224146,True,2,0.0918;0.0133
MAF,0.05252914360187766,True,2,0.0428;0.0622
RETSAT,0.05254341264749818,False,2,0.1809;-0.0758
CDK11A,0.05254757109285102,True,2,0.0360;0.0691
CDC37L1,0.0525542675324393,True,2,0.0595;0.0456
SHISAL2A,0.05256585233434197,False,2,-0.0407;0.1459
PRPSAP2,0.05258423602043549,True,2,0.0067;0.0985
NCAM1,0.05268277711859193,False,2,-0.0176;0.1229
ZNF324B,0.05268359847644366,True,2,0.0812;0.0242
NDUFAF8,0.05270294463829961,True,2,0.0330;0.0724
MYBBP1A,0.05273333556257265,True,2,0.0958;0.0097
SYNJ2,0.05273408502185506,True,2,0.0436;0.0619
ATP1B1,0.052765965658382596,False,2,0.1528;-0.0472
NSA2,0.05279414519046255,True,1,0.0528
RAPGEF6,0.05280247953433537,False,2,-0.0127;0.1183
KIF20A,0.052945400402780174,True,2,0.0422;0.0637
STK35,0.052968793652664825,False,2,0.1355;-0.0296
CNTF,0.052973442206764476,False,2,0.2617;-0.1558
MPRIP,0.05307807714397206,True,2,0.0839;0.0222
COL7A1,0.05313595404462401,True,2,0.0037;0.1026
KRBA2,0.05316280620704761,True,2,0.0729;0.0334
MKI67,0.053189296256091256,True,2,0.0126;0.0938
CD37,0.053249082309837825,False,2,-0.0770;0.1835
LIN7B,0.053279877351385396,True,2,0.0642;0.0423
MUC5B,0.05330719544164564,True,2,0.0520;0.0546
UBASH3A,0.05338047288094783,False,2,-0.0821;0.1889
ZNF813,0.05338929689069766,False,2,0.1619;-0.0551
ADIRF,0.05339229730143269,False,2,-0.0067;0.1134
NME1,0.05340294064706064,False,2,-0.0328;0.1396
ZNF423,0.053441048559935256,True,2,0.0467;0.0602
ZNF229,0.05348072962703987,False,2,0.1268;-0.0198
CREBZF,0.053518758525893606,True,2,0.0801;0.0269
KLF1,0.05352649074614829,False,2,0.2379;-0.1309
MAN2B1,0.05360619357908525,False,2,0.1971;-0.0898
ASB3,0.05363603964671132,False,2,0.2103;-0.1031
LRFN3,0.05365717738204179,False,2,-0.0550;0.1623
HSPA13,0.053657869427355065,False,2,0.1082;-0.0009
CD81,0.05370922237008324,False,2,-0.1330;0.2404
HOXC5,0.05373301735280511,True,2,0.1052;0.0023
SFXN5,0.05383623598336418,False,2,-0.0004;0.1081
PPP1R1A,0.05385898122940108,False,2,0.1893;-0.0816
GLB1,0.05386564341908351,False,2,-0.0424;0.1501
SULT1A3,0.05394814532026371,False,2,-0.0212;0.1291
MFSD9,0.053991827496493394,False,2,0.1865;-0.0785
ATRX,0.0540041798606094,False,2,0.1478;-0.0398
PRIM2,0.05401114535588736,True,1,0.0540
BZW2,0.05409237896176733,True,2,0.0182;0.0900
GLT8D1,0.05414975481008899,True,2,0.0013;0.1070
AGK,0.05417645598080767,False,2,0.1269;-0.0185
CDC42,0.05418038670794301,True,2,0.0751;0.0333
WDPCP,0.05429875839426768,False,2,-0.1386;0.2472
ID1,0.054300204849947686,True,2,0.0723;0.0363
EXOG,0.05434787404322561,False,2,0.1186;-0.0099
KMT2B,0.05442004205887285,True,2,0.0775;0.0314
ZNF213,0.054429824586945674,False,2,-0.1122;0.2211
XPO4,0.054437531600962985,False,2,-0.0245;0.1334
STRN,0.054518711802989284,True,2,0.0354;0.0736
R3HCC1L,0.054557490591435,True,2,0.0521;0.0570
SELENOM,0.0545831388707263,True,2,0.0536;0.0555
STON2,0.05462952789503117,False,2,0.1298;-0.0205
DDX17,0.054671219017576544,False,2,-0.0024;0.1117
RAMAC,0.054712945659213474,False,2,0.1398;-0.0304
CASTOR1,0.05474656683246382,False,2,-0.0102;0.1197
ZNF414,0.054757513880626774,False,2,-0.0294;0.1390
ENTPD6,0.054768016970657696,False,2,0.1295;-0.0199
SDHC,0.05479488814043809,False,2,-0.0806;0.1902
UTP6,0.05482152011963659,True,2,0.1004;0.0093
PPIA,0.054831753357066915,False,2,-0.0707;0.1804
UPF1,0.05486966853624664,True,1,0.0549
BICDL1,0.054929448969468275,False,2,0.1619;-0.0521
APPL2,0.054932255648192485,False,2,-0.0349;0.1447
ARPP19,0.054973157012592644,False,2,-0.1343;0.2442
MAN1C1,0.05507240843509753,True,2,0.0822;0.0280
BLOC1S5,0.05518037524084857,False,2,0.1722;-0.0618
MEI1,0.055212368871738415,False,2,0.2632;-0.1527
ELOVL7,0.055215026534296,True,2,0.0135;0.0969
MDM4,0.055233931168298334,True,2,0.0094;0.1011
PHLDB1,0.05523479010406818,True,2,0.0703;0.0402
EID3,0.0552671245850872,True,2,0.0805;0.0300
S1PR1,0.05529090872039799,False,2,-0.0120;0.1226
TMEM45B,0.05529339075470763,False,2,0.1378;-0.0272
TNS4,0.05533383179598439,True,2,0.0384;0.0723
PPM1A,0.05535362487476159,False,2,0.1565;-0.0458
SPOP,0.05541743690416434,True,2,0.0485;0.0623
DAGLA,0.05543445098984656,True,2,0.0299;0.0810
FOXH1,0.05549189326198778,False,2,0.2056;-0.0946
PLPP1,0.05557065537471606,False,2,-0.0496;0.1608
ZNF257,0.0556756707364231,False,2,0.1730;-0.0616
FAM171A1,0.05569726161184396,False,2,0.1187;-0.0073
TOMM70,0.055713701588823605,True,2,0.0781;0.0333
ATP2A2,0.055722528994695986,True,2,0.0570;0.0544
KLHL7,0.05572418728635187,True,2,0.0302;0.0812
CABP5,0.05573097612093103,False,2,-0.0023;0.1138
CIDEB,0.055776116495707684,True,2,0.0819;0.0297
LRP1,0.055813880295212615,False,2,0.1401;-0.0284
HMGN4,0.055841030540568104,False,2,0.2863;-0.1747
MS4A6A,0.05594451157128477,True,2,0.0796;0.0323
GRIP1,0.055956627538310544,True,2,0.0347;0.0772
NELL2,0.05597711002575345,True,2,0.0835;0.0284
ZNF451,0.05599124729058469,True,2,0.0362;0.0757
HAVCR2,0.056002922067340255,False,2,-0.0534;0.1654
ADGRB2,0.05616229141808937,True,2,0.0182;0.0941
INSM1,0.056182015057576695,True,2,0.0539;0.0585
GPS2,0.05618859470910187,False,2,-0.1219;0.2342
ANKRD11,0.05631292901390417,False,2,-0.0432;0.1558
CDKN1B,0.05634554512909695,False,2,0.1386;-0.0259
EVX2,0.05635183304473601,False,2,-0.0597;0.1724
CTNNA1,0.05635488927903687,False,2,-0.0177;0.1304
ANGEL2,0.05639139841223417,True,2,0.0454;0.0673
YJEFN3,0.056446501450393205,True,2,0.0805;0.0324
FKBP5,0.05645381658638915,False,2,-0.0170;0.1299
CCNB1,0.0564794897494274,True,2,0.0026;0.1104
CES2,0.05649830522103538,False,2,0.1179;-0.0049
RPUSD2,0.056543502624590625,True,2,0.0590;0.0541
EMC2,0.05655928023682966,True,2,0.0221;0.0910
EGFL6,0.0565841643392081,True,2,0.0497;0.0635
PVR,0.05658475967885401,True,2,0.0413;0.0719
RELL2,0.05660143255098382,False,2,-0.0900;0.2032
LACTB,0.056668392026106185,False,2,0.1607;-0.0474
DCAF5,0.05667424030857171,False,2,-0.1717;0.2850
AMZ2,0.056705286709719416,False,2,-0.0255;0.1389
WDR62,0.056801211237054394,True,2,0.0220;0.0916
SEH1L,0.05681827342731094,False,2,0.1576;-0.0439
PDIA5,0.05685227440189211,True,2,0.0837;0.0300
NBPF26,0.05686668533804973,False,2,-0.0787;0.1925
APOBEC3D,0.056960247155109056,True,2,0.0788;0.0351
NEXN,0.05705029127681627,False,2,-0.0573;0.1714
TADA1,0.057078859102932644,True,2,0.0614;0.0527
CALM2,0.05710067473702274,True,2,0.0702;0.0440
SCAF11,0.05713329217266827,True,2,0.0831;0.0312
ASXL1,0.05718733283417521,True,2,0.0056;0.1088
GNRH1,0.057223756691456074,False,2,0.1820;-0.0676
FOXA1,0.05722806859816676,True,2,0.0927;0.0218
HOXD10,0.05730644015811576,False,2,0.1414;-0.0268
TMEM99,0.05731796796503097,True,2,0.0394;0.0752
HIST1H1D,0.05735320627294249,False,2,0.2264;-0.1117
ZNF793,0.05739250264280782,False,2,-0.0588;0.1735
ABCD1,0.05740786872003267,True,2,0.0030;0.1118
SNAPC4,0.05740888843443903,True,2,0.0514;0.0635
STPG1,0.05744916207665296,True,2,0.0466;0.0683
FHOD1,0.05747628164035501,True,2,0.0117;0.1032
CALHM6,0.057492216778271876,True,2,0.0663;0.0486
SLC26A6,0.05749290497290327,True,2,0.1129;0.0021
EIF4EBP3,0.05750911499166811,True,2,0.1006;0.0144
UNK,0.057544735323145746,True,2,0.0971;0.0180
RCSD1,0.057668761273936386,True,2,0.0468;0.0686
CDKAL1,0.05768994194799715,False,2,-0.1254;0.2408
LRRC37A2,0.05777882273727286,True,2,0.0473;0.0683
ZDBF2,0.05781386544676481,True,2,0.0354;0.0802
FAM76A,0.057820290591648504,False,2,-0.0371;0.1528
P2RX7,0.057822646980489556,True,2,0.1011;0.0146
CARD8,0.057825373825574955,False,2,0.1278;-0.0121
KIF3B,0.05787931472970054,True,2,0.0086;0.1071
DDIT3,0.05789380083980078,True,2,0.0075;0.1083
PSMF1,0.05789386079428349,False,2,0.1244;-0.0086
ZNF704,0.057897912319375244,False,2,0.1817;-0.0659
ZNF532,0.05792357978604834,False,2,-0.0857;0.2015
LSM5,0.057930873300605756,False,2,-0.1868;0.3026
ICK,0.057996693327664994,False,2,-0.0291;0.1451
POU2F3,0.058029879597748024,False,2,0.1643;-0.0482
TOP3B,0.05805189202706451,True,2,0.0601;0.0560
FCHO2,0.05809421667883358,False,2,0.1720;-0.0559
NKX6-2,0.058250883051061186,False,2,-0.0014;0.1179
CD101,0.058292603709272806,True,2,0.0152;0.1013
TMPRSS13,0.05830261827162908,True,2,0.0031;0.1135
ZNF362,0.05833774564666394,False,2,0.1271;-0.0104
TUBA4A,0.058398054557341705,True,2,0.0339;0.0829
NTN5,0.058419879421987564,True,2,0.0842;0.0326
EIF4E2,0.05842727573773576,False,2,0.1186;-0.0017
KIF22,0.0584351188106208,False,2,-0.1408;0.2577
SNX17,0.05844411467498034,False,2,-0.0191;0.1360
GLRX,0.05844885911210318,True,2,0.0885;0.0284
UBE2F,0.0584903068324073,True,2,0.0423;0.0747
MAGI2,0.05852073677607483,False,2,-0.0133;0.1303
SWI5,0.05857053886783492,False,2,0.1416;-0.0245
RNF149,0.058612000505361306,False,2,-0.0067;0.1239
MORN2,0.05862581147089685,True,2,0.0416;0.0757
LCORL,0.05862582338700417,False,2,-0.0982;0.2155
NOP14,0.058698825090442386,False,2,0.2709;-0.1535
B3GALT2,0.05878275319690918,True,2,0.0048;0.1127
FCRL6,0.05879000175943516,True,2,0.0802;0.0374
RBM10,0.05882986777150068,False,2,0.1772;-0.0595
ZBTB38,0.05885378246849171,True,2,0.0566;0.0611
DAAM1,0.05888585463344098,False,2,-0.0344;0.1522
SOHLH2,0.0588985642393382,False,2,0.2046;-0.0869
DMC1,0.05891298217599006,False,2,-0.0453;0.1631
TRIT1,0.058927435306941334,False,2,0.1669;-0.0491
HBD,0.05898932507611221,False,2,0.1420;-0.0240
SNX29,0.05909778088586071,False,2,-0.0329;0.1511
GTF2H1,0.059103250421599585,True,2,0.0710;0.0472
LPAR3,0.05917021914763021,True,2,0.0130;0.1053
LYZ,0.05927553605671121,False,2,-0.0577;0.1763
PIP5K1A,0.05929629773910228,False,2,-0.0232;0.1418
SAR1A,0.05929916548469982,True,2,0.0843;0.0343
SAP18,0.059333498033264265,True,1,0.0593
SERGEF,0.059336017298500576,False,2,-0.2092;0.3278
PKP4,0.05935662356502136,True,2,0.0061;0.1126
ZNF512B,0.05935771467079798,False,2,-0.0059;0.1246
RNF135,0.059393020844031974,True,2,0.0691;0.0497
GGCX,0.059449867321041405,False,2,-0.0259;0.1448
VASP,0.05945319393776094,False,2,-0.0515;0.1704
ZNF592,0.059466076695879444,False,2,0.1391;-0.0202
CLUAP1,0.05949601789695158,True,2,0.0252;0.0938
BTG2,0.059587571978917175,True,2,0.0086;0.1106
TOE1,0.05959013731840879,True,2,0.0806;0.0386
DYRK1B,0.05964296305037242,True,2,0.0002;0.1191
STAB1,0.05966786357272946,False,2,-0.0111;0.1305
CRIP1,0.05970199325762593,True,2,0.0045;0.1149
BBC3,0.05974652555503179,True,2,0.0480;0.0715
ZC3H3,0.05978147769560527,True,2,0.0733;0.0463
DRICH1,0.05986913198984922,False,2,0.1397;-0.0200
TMSB15B,0.05991490504174746,True,2,0.0868;0.0331
CD8A,0.060043296971213356,False,2,0.1820;-0.0619
KIFC1,0.06008632927450752,True,2,0.0733;0.0469
FOXL1,0.0601645261666508,False,2,-0.1320;0.2524
TOX2,0.06022212017311146,False,2,-0.0422;0.1627
ZFP41,0.06022528472178701,False,2,-0.0724;0.1928
GPR150,0.06024816835083524,True,2,0.0210;0.0995
OSBPL7,0.06025707419169013,False,2,-0.0716;0.1921
MRPL53,0.06033525150106289,False,2,0.1741;-0.0535
CTR9,0.060345355974357195,True,1,0.0603
CRYZL1,0.06049107562640155,True,2,0.0995;0.0215
DOK4,0.06053425295743531,True,2,0.0462;0.0749
SIAH1,0.06056138281649015,False,2,-0.0581;0.1793
NF2,0.06057443541634844,True,2,0.0787;0.0425
LIG3,0.06060601912749175,True,2,0.0362;0.0851
ZNF256,0.0606172480147788,False,2,0.2016;-0.0804
NCALD,0.06071783155621424,False,2,-0.0433;0.1648
ZNF562,0.06074351900290542,True,2,0.0130;0.1084
LAMA3,0.060874673619840336,True,2,0.0008;0.1210
MRTFB,0.06089039061065199,False,2,0.2709;-0.1491
ENTPD1,0.060923084523016535,False,2,-0.1066;0.2284
FAM98B,0.0609599182354813,True,2,0.0877;0.0342
ZNF134,0.06100195212589321,True,2,0.0590;0.0630
ELP4,0.061195886376365416,True,2,0.0139;0.1085
SSBP4,0.06123861420009957,False,2,0.2951;-0.1726
DHX34,0.061268531224492384,False,2,-0.0009;0.1235
ARHGAP11B,0.061283686590154374,True,2,0.0138;0.1088
RNF41,0.06134863154909398,False,2,0.1759;-0.0532
ZNF716,0.06140372625929902,False,2,0.1441;-0.0213
ACTN1,0.061425486966023346,True,2,0.1028;0.0201
TRIM61,0.06149738863600024,False,2,0.1637;-0.0407
MIA,0.061540747056479106,False,2,0.1906;-0.0675
RAB2B,0.061554880212328245,False,2,-0.0417;0.1648
ACOT7,0.06158403765560505,False,2,-0.0183;0.1414
RAB23,0.06164161190711248,True,2,0.0985;0.0248
CCP110,0.06164630068931576,True,2,0.0788;0.0445
PSME4,0.061741217327436426,True,2,0.0017;0.1217
EME1,0.06182283886293827,False,2,-0.0499;0.1736
DMGDH,0.061837768729191,False,2,-0.0387;0.1624
ZBTB8OS,0.06193152179916217,False,2,-0.1310;0.2549
ACACB,0.06195404955731243,True,2,0.1046;0.0193
FAM160A2,0.06204012762906641,False,2,-0.0104;0.1345
SMAD3,0.06204953281065417,False,2,-0.1337;0.2578
RARB,0.06208005816196416,True,2,0.0798;0.0444
GABARAP,0.06210417025388548,False,2,-0.0414;0.1656
PCSK5,0.062123362855460385,False,2,-0.1781;0.3024
IFT172,0.062131321390260896,False,2,-0.1087;0.2330
MEX3C,0.06214653749006416,False,2,-0.1030;0.2273
MCUR1,0.06219458190774774,False,2,0.1345;-0.0101
TG,0.06222181309033936,True,2,0.0205;0.1040
NDE1,0.06222193137780463,True,2,0.0925;0.0320
TUBB1,0.06222523013609493,False,2,0.1454;-0.0209
ACVR1,0.06230153573162822,False,2,0.2538;-0.1292
METTL3,0.062348050714978065,True,1,0.0623
JMJD7-PLA2G4B,0.06234904557690302,False,2,-0.1297;0.2544
CASZ1,0.06239379497553599,False,2,0.1359;-0.0111
TCEA1,0.062400247948634247,False,2,0.1756;-0.0508
ERV3-1,0.062404198636153874,False,2,0.2272;-0.1024
SGSM3,0.0624176241119081,True,2,0.0568;0.0680
MAST3,0.062423418959145716,True,2,0.0039;0.1209
TMEM68,0.06247233999986046,True,2,0.0407;0.0842
ZNF620,0.06248676164846573,False,2,0.1721;-0.0472
PLCXD2,0.0625113528864975,False,2,0.1829;-0.0579
TNIP1,0.06252875650139478,False,2,-0.0031;0.1282
ZNF107,0.06257324044819623,False,2,-0.1792;0.3044
QSOX1,0.06261799691961878,False,2,-0.1474;0.2726
SLC25A4,0.06263796890149909,False,2,0.1989;-0.0736
VPS36,0.06270592573892952,True,1,0.0627
C1R,0.06272603458703219,True,2,0.0501;0.0754
TMEM71,0.06273799447518269,False,2,0.1332;-0.0077
MUCL1,0.06276034478277337,True,2,0.1131;0.0124
VAX1,0.06286096406272201,True,2,0.0738;0.0519
PKN1,0.06291886994295737,False,2,-0.0529;0.1787
EEA1,0.06293771997841247,True,2,0.1161;0.0098
CFAP53,0.06301578712056699,False,2,0.2357;-0.1096
MTHFR,0.06309574871787682,False,2,0.1283;-0.0021
SMIM13,0.06309660533996353,True,2,0.1116;0.0146
ZNF71,0.06310174877947594,False,2,-0.1783;0.3045
SFTPA2,0.06310200363282448,True,2,0.0672;0.0590
POU2AF1,0.06311099298932343,True,2,0.0459;0.0804
DDX50,0.06311839824983068,False,2,0.1971;-0.0709
IFI6,0.06312110527969728,True,2,0.0898;0.0365
TLDC1,0.063125133185712,False,2,0.1572;-0.0310
CCDC191,0.06313368454505386,True,2,0.0889;0.0373
ADA,0.06313569198306357,False,2,-0.0331;0.1594
DHRS4,0.0632098516365619,False,2,0.3083;-0.1819
ZNF354C,0.06327042373031999,True,2,0.0132;0.1133
PIGP,0.06328778253411105,False,2,0.1451;-0.0185
TIRAP,0.0633016174363853,True,2,0.0288;0.0979
FCHSD2,0.06333693367110471,True,2,0.0845;0.0422
KRT2,0.06342756634308122,True,2,0.0299;0.0969
TBCCD1,0.06349371589011799,True,2,0.1016;0.0254
CENPW,0.06351988105304923,False,2,0.2509;-0.1239
CDHR3,0.06353437479628143,False,2,-0.0667;0.1938
BRF2,0.06363577279818222,True,2,0.0793;0.0479
TTPAL,0.06368791071485314,False,2,-0.0421;0.1694
BLOC1S6,0.0636894541400852,True,2,0.0332;0.0942
MEIS3,0.06369524054286357,False,2,-0.2006;0.3280
ZNF804B,0.06373033562517338,True,2,0.0103;0.1172
BAG4,0.06378121401879877,False,2,-0.0554;0.1830
ITPR2,0.06378135326419232,True,2,0.0678;0.0597
CHIC1,0.0638082638788553,False,2,-0.0396;0.1672
EHD4,0.06384567467723745,False,2,0.1485;-0.0208
NT5C3A,0.06386808446038694,False,2,-0.3528;0.4805
PEX1,0.06397817587780308,True,2,0.0594;0.0685
MTR,0.06398501796778355,True,2,0.0311;0.0969
SIM2,0.06398731413123931,False,2,0.2081;-0.0801
PEX5L,0.06402893629311424,True,2,0.0599;0.0682
NEMP1,0.06408351274823232,True,2,0.0051;0.1230
FARP2,0.06408838989418097,True,2,0.0420;0.0862
PILRA,0.06410471405785806,False,2,0.1852;-0.0570
CUZD1,0.06410598234532816,False,2,-0.0200;0.1482
ZNF282,0.06414461573820796,True,2,0.0966;0.0317
SNRNP35,0.0641618117256686,True,1,0.0642
TMEM223,0.06417000936007533,True,2,0.0459;0.0825
TEAD4,0.06417556316349493,True,2,0.0291;0.0993
ZWILCH,0.06422582449931202,False,2,-0.1361;0.2646
ACAP3,0.06429795434463903,False,2,-0.0201;0.1487
ZBTB49,0.06435119786442656,True,2,0.0016;0.1271
TNKS1BP1,0.06437557545679429,False,2,0.2427;-0.1139
KLHL31,0.06438927829151242,True,2,0.0193;0.1095
MRM1,0.06440495484222497,False,2,0.1401;-0.0113
CORO1B,0.06440914416742594,True,2,0.0211;0.1077
BAIAP2,0.0645073758185486,True,2,0.0451;0.0839
CCDC126,0.06452909340082402,True,2,0.0615;0.0676
SIKE1,0.06454725292768426,False,2,0.2514;-0.1223
AJAP1,0.06458462030538537,False,2,0.1366;-0.0074
ANO10,0.06466085602917371,False,2,-0.0388;0.1682
ADCY1,0.06476725214071988,False,2,0.1383;-0.0088
PIH1D1,0.06477238621178638,False,2,-0.0698;0.1994
PQLC1,0.0647741688857918,False,2,-0.0426;0.1722
KNOP1,0.06480486874662572,True,2,0.0792;0.0505
RPP25,0.06481598912062903,False,2,-0.0655;0.1952
APOL6,0.06482141061016045,False,2,0.1901;-0.0605
FBLIM1,0.06482725499699538,False,2,0.1516;-0.0219
POGK,0.06485102349748606,False,2,-0.0493;0.1790
ANKS3,0.06487405695072712,False,2,-0.0980;0.2278
BAIAP2L1,0.06489263477172563,False,2,0.1798;-0.0500
DHX30,0.06496808927480524,True,2,0.0543;0.0757
SMC3,0.06498467525229601,False,2,-0.4087;0.5387
SHLD2,0.0650158279513946,False,2,-0.0115;0.1415
PTBP3,0.06501611214023661,False,2,-0.0344;0.1644
HIST1H3D,0.06505094618731255,True,2,0.1185;0.0116
CDC42BPA,0.0651111861711745,True,2,0.0429;0.0873
RPGR,0.0651823641707755,True,2,0.0122;0.1181
ELF5,0.0651856399695625,True,2,0.0472;0.0832
SPAG16,0.06518865486404851,False,2,0.1770;-0.0467
FRMD8,0.06531369904772155,False,2,0.1422;-0.0116
ZFP37,0.06532829589462896,False,2,-0.0402;0.1708
PARD6A,0.0653590439295354,False,2,0.1360;-0.0053
ZNF280B,0.06536520947720664,False,2,0.1815;-0.0508
SH3YL1,0.06536731609606022,False,2,0.1710;-0.0403
RAB41,0.06542100666933737,False,2,-0.0693;0.2001
ULBP2,0.06542476688166138,False,2,0.1593;-0.0284
SLC19A1,0.0655355356165307,True,2,0.1101;0.0210
CXCR2,0.0655822041130254,False,2,-0.1224;0.2536
FTSJ1,0.06571789477129708,False,2,0.1401;-0.0086
CCL1,0.06575798858598925,True,2,0.0721;0.0594
ALG12,0.06582348348409517,True,2,0.1028;0.0288
TMOD2,0.06584198995911938,True,2,0.0520;0.0797
NEUROD2,0.0659324426462895,False,2,0.2528;-0.1209
ZNF439,0.0659402994078484,False,2,-0.0715;0.2034
MEF2A,0.06596105967367072,True,2,0.0624;0.0696
PPIF,0.06599914277826147,False,2,-0.1021;0.2341
PAN3,0.06601104599710672,False,2,-0.1258;0.2578
SLC9A3R2,0.06603453096405931,True,2,0.0976;0.0344
KAT2B,0.06611135747675934,False,2,0.1724;-0.0402
ARRB1,0.06619897916333328,True,2,0.1161;0.0163
GJC1,0.06620529648154794,True,2,0.0848;0.0476
NUAK1,0.06623307311412252,False,2,0.1398;-0.0074
PSAT1,0.06625296053873764,True,2,0.0871;0.0454
RTL8C,0.06626836830825744,False,2,-0.0560;0.1885
TDP2,0.06632288039111722,True,2,0.0451;0.0876
SAT2,0.06633682896782445,False,2,-0.0449;0.1776
RABEP2,0.06645519135356082,True,2,0.0267;0.1063
MARCH2,0.06648613971472239,False,2,0.2750;-0.1420
SSR3,0.06653854110350232,True,2,0.0405;0.0926
FOXN1,0.06654870953104564,True,2,0.1159;0.0172
TPM2,0.06657794656483917,True,2,0.0462;0.0869
PTF1A,0.06658479645324134,True,2,0.1062;0.0270
ADGRA3,0.0666018653659104,True,2,0.1062;0.0270
ASB8,0.06661573826934086,True,2,0.0503;0.0829
SYCE1L,0.0666862084872133,False,2,0.1527;-0.0193
TRAF2,0.0666939445812974,False,2,-0.0576;0.1910
ARL1,0.06669902771872527,False,2,-0.1935;0.3269
PHF10,0.06681059876487933,False,2,0.2250;-0.0914
RCC1,0.06692105081949928,False,2,-0.0450;0.1788
KLF15,0.06694664524857741,True,2,0.0840;0.0498
MBNL2,0.06695874507139343,True,2,0.0806;0.0533
STK25,0.06698210786647507,True,2,0.0272;0.1067
ARFIP1,0.0669832983095322,True,2,0.0319;0.1021
FCRL3,0.06698859464472084,False,2,-0.0159;0.1499
ZNF594,0.06699801390858606,True,2,0.0462;0.0878
ZFP42,0.06710150532195513,True,2,0.0379;0.0963
KIFC3,0.0671334253751329,True,2,0.0106;0.1237
SLFNL1,0.06717252195865553,False,2,0.1357;-0.0014
SLC16A3,0.06717950352771868,False,2,0.1901;-0.0557
ACBD3,0.06720167787654518,False,2,0.1432;-0.0088
APOL3,0.06722783409622379,True,2,0.0356;0.0988
DELE1,0.06724569359825505,True,2,0.0365;0.0980
SYNJ2BP,0.06727929988935033,True,2,0.0869;0.0476
SMIM7,0.06735689105015796,False,2,-0.3186;0.4533
CDK5RAP2,0.06740821088301174,True,2,0.0483;0.0865
GMPR,0.06743503880245849,True,2,0.0414;0.0935
PDHA1,0.06743879304995648,False,2,-0.0060;0.1409
ZNF317,0.06746265592203138,False,2,-0.2087;0.3436
TLNRD1,0.06749935610906022,True,2,0.1198;0.0152
C3orf33,0.06757117429365556,True,2,0.0282;0.1070
SH3BGRL2,0.06757948333524455,True,2,0.0725;0.0627
GAS6,0.06763726411573123,True,2,0.1285;0.0067
PGLYRP1,0.06766796073674464,False,2,0.1552;-0.0199
TMEM18,0.06767056173602637,False,2,-0.0122;0.1475
TPH1,0.06772287953237122,True,2,0.1074;0.0280
POLR2A,0.06774344610266647,True,1,0.0677
ARHGEF2,0.06774610180564133,True,2,0.0038;0.1317
GRAMD1B,0.06777581772175034,True,2,0.0449;0.0907
TBC1D16,0.06782599672032719,False,2,0.1439;-0.0083
ARMC7,0.0678546353432462,False,2,-0.0782;0.2139
KNL1,0.06791643409418724,False,2,-0.3380;0.4739
DICER1,0.068032209902531,True,1,0.0680
GMPR2,0.06809453536562154,False,2,0.2082;-0.0721
GEMIN4,0.06816146652616117,True,1,0.0682
CEP72,0.06821774191692753,False,2,-0.0302;0.1666
CTSB,0.06821878401954651,True,2,0.0150;0.1214
L3MBTL3,0.06822115326459133,True,2,0.0109;0.1256
ASB16,0.06827744626866644,False,2,0.1688;-0.0323
IFT122,0.06831654399755971,True,2,0.0177;0.1190
COLQ,0.06832735656040378,False,2,-0.0597;0.1963
MOK,0.06838879893180505,False,2,-0.1148;0.2515
TMEM30A,0.06839656607660838,False,2,-0.0020;0.1388
ZNF880,0.06840373703766534,False,2,0.1603;-0.0235
VAPB,0.06848253660126724,False,2,0.1585;-0.0216
P2RY8,0.06861432787712374,False,2,-0.0641;0.2013
HOXB2,0.06862120007143535,False,2,-0.0105;0.1478
CFLAR,0.06862983729913064,False,2,0.3052;-0.1679
CSK,0.06864257661076711,False,2,-0.0103;0.1476
PLA2G10,0.0686804602277653,False,2,-0.0088;0.1462
ATG3,0.06868683521883778,False,2,0.2526;-0.1152
HEBP2,0.06869693496645035,True,2,0.1079;0.0295
MLLT6,0.06879084342860109,True,2,0.0146;0.1229
S1PR4,0.06884663373382927,False,2,-0.0518;0.1895
STARD10,0.06885362014670304,False,2,-0.0402;0.1779
IRS1,0.06886727696623818,True,2,0.0237;0.1140
CIITA,0.0689060122761157,False,2,-0.1085;0.2463
TTC3,0.0689759087103361,True,2,0.0299;0.1081
WBP2,0.06910672310500587,True,2,0.1239;0.0143
CNKSR2,0.06911146073124452,True,2,0.0380;0.1003
GZMM,0.06912772446808313,True,2,0.0808;0.0574
KLHL11,0.06920143937324086,True,2,0.0169;0.1215
TCP11L2,0.06920617840418031,True,2,0.0566;0.0818
TCAF2,0.0692373606011687,True,2,0.1212;0.0173
RIMS3,0.0692833426119226,True,2,0.0939;0.0447
HK1,0.06930126894278166,False,2,-0.0041;0.1427
RYBP,0.06930237696389407,False,2,0.1526;-0.0140
TRPM2,0.06930459643047338,True,2,0.0403;0.0984
UBA52,0.06930727549033433,True,1,0.0693
CARNMT1,0.06931650517465726,True,2,0.1175;0.0211
EVC,0.06939596083033639,False,2,-0.1370;0.2758
FAM98A,0.0694097720168958,False,2,0.1939;-0.0551
DCTPP1,0.0694440201233073,True,2,0.1088;0.0301
METTL22,0.0694598307280172,True,2,0.0704;0.0686
CCM2,0.06947903514889175,True,2,0.1088;0.0301
DUXA,0.06960157677170953,True,2,0.1178;0.0214
RSPH4A,0.06961071670706426,False,2,0.2647;-0.1255
MARF1,0.0696539083104919,True,2,0.0969;0.0424
SEC11A,0.06966302925000678,False,2,-0.0181;0.1574
ZNF436,0.06978769576399613,True,2,0.0169;0.1227
ZNF461,0.06982436729573649,True,2,0.0583;0.0814
IL10,0.06997364598806821,True,2,0.1237;0.0162
ZNF214,0.06997577842000624,True,2,0.0023;0.1377
EHD1,0.06999585339071956,False,2,-0.1588;0.2988
FRS3,0.07001352384846993,True,2,0.0393;0.1007
MEFV,0.07014770240854917,True,2,0.1382;0.0021
MAP1LC3B,0.07015595308006162,False,2,-0.0436;0.1839
DNASE1,0.070204478307889,True,2,0.1288;0.0116
HAGH,0.07023297245239168,True,2,0.0839;0.0566
KLRD1,0.07023340285952684,False,2,0.1486;-0.0082
RNPS1,0.07025920811112413,False,2,0.2257;-0.0851
RAB30,0.07026781876258525,True,2,0.1387;0.0018
CAPN7,0.07027470931556346,True,2,0.0522;0.0884
ING3,0.07036023353859866,False,2,0.1417;-0.0010
FN3K,0.07051927085379961,True,2,0.1250;0.0161
LTBP1,0.07053564440865734,True,2,0.0600;0.0811
NEIL2,0.07061710629645113,True,2,0.0188;0.1225
TBX4,0.07064206200749845,False,2,-0.0129;0.1542
SFXN3,0.07072310361616663,False,2,-0.0102;0.1517
ZNF577,0.0708020524262094,True,2,0.0068;0.1348
KLRG1,0.07082021978468822,True,2,0.0738;0.0679
C15orf53,0.07085692792887555,True,2,0.0789;0.0628
HIST1H1C,0.07086213741260172,False,2,-0.0968;0.2385
ST18,0.07090435905952919,True,2,0.0766;0.0652
MAP3K7,0.07091050420319356,True,2,0.0844;0.0575
RNF141,0.07097453079518778,False,2,-0.0089;0.1508
ATG4D,0.0709813756533536,True,2,0.0320;0.1099
CPEB2,0.07098897045227126,False,2,0.2083;-0.0663
C5orf34,0.07099502714246608,True,2,0.1187;0.0233
PPP2R2D,0.07102406357416657,False,2,0.1671;-0.0250
TADA2B,0.07103173704157395,False,2,-0.0277;0.1698
SLC2A3,0.07103915168997921,True,2,0.0006;0.1415
C19orf53,0.07119035863932188,True,2,0.0299;0.1125
ZFP92,0.07120268728429635,True,2,0.0936;0.0488
FAM104B,0.07120858486253379,False,2,-0.0040;0.1464
EPHA4,0.07123209437467981,True,2,0.0956;0.0468
REX1BD,0.0712413171011902,True,2,0.0635;0.0790
TPRN,0.0713077941233008,True,2,0.0852;0.0574
C16orf91,0.0713133512735149,True,2,0.0706;0.0720
BCL7B,0.07133854766491265,False,2,-0.0542;0.1969
ZCCHC24,0.07146441331631426,False,2,-0.1148;0.2578
ZNF772,0.07152107083352066,True,2,0.0241;0.1189
FIBP,0.07154447380036588,True,2,0.0171;0.1260
ATF2,0.0715604776865888,False,2,-0.0780;0.2211
PDCD6,0.07160236645498652,True,2,0.1160;0.0272
TAB2,0.07161812608841112,True,2,0.0817;0.0615
NSUN5,0.07163784760246111,False,2,0.2035;-0.0603
MAX,0.07166389642031801,True,2,0.0058;0.1375
GPS1,0.07200372065823846,True,1,0.0720
ST5,0.07205953068986204,True,2,0.0828;0.0613
NDUFA10,0.07210076174477631,False,2,-0.0045;0.1487
ARRDC3,0.07211068786439911,True,2,0.0100;0.1342
F3,0.07213257581876353,True,2,0.0786;0.0657
MORC4,0.07215594422652072,False,2,-0.0600;0.2043
ENO2,0.07218440882431199,True,2,0.0969;0.0474
ACYP2,0.07220531442031686,False,2,-0.0590;0.2034
ANTXR2,0.07223589967539934,False,2,-0.1372;0.2817
ST20,0.07224182152594893,True,2,0.0712;0.0733
FAAH2,0.07248616982036171,True,2,0.1190;0.0260
PEX13,0.07255905380333871,False,2,-0.0378;0.1829
PLK2,0.07259701096430682,False,2,-0.0033;0.1485
ARMCX5,0.07259723814689578,True,2,0.0394;0.1058
DMRTC2,0.07260728499243979,False,2,0.2183;-0.0731
GLYCTK,0.07274137474725462,True,2,0.0863;0.0591
CMTM8,0.07297458578772853,False,2,0.1692;-0.0233
PPM1K,0.072990332106181,False,2,-0.1767;0.3227
SCGB2B2,0.07299392348406519,False,2,-0.0220;0.1680
VPS11,0.07299826784097097,True,2,0.0572;0.0888
NEUROD4,0.07323546523289937,True,2,0.0617;0.0847
RNF6,0.07325669248924638,False,2,0.1657;-0.0192
ZNF267,0.07328896341983526,True,2,0.0822;0.0644
HOXA5,0.07329424781951399,True,2,0.1281;0.0185
MYCBP2,0.07341156631464396,True,2,0.1386;0.0082
PLEKHO1,0.0736468662545342,False,2,0.2105;-0.0632
PARP10,0.07365244735698395,False,2,0.1814;-0.0341
NFYB,0.0737356081989694,False,2,-0.0275;0.1750
RCCD1,0.07373870736077137,True,2,0.0219;0.1255
UBE2V1,0.07376946084959024,True,2,0.1098;0.0377
WRAP73,0.07379511310015574,True,2,0.1262;0.0214
CLCN6,0.07381330900221195,True,2,0.0433;0.1044
ZNF175,0.0738287864485635,True,2,0.0241;0.1235
CLIP4,0.07387278979911338,False,2,-0.0349;0.1826
AKAP8L,0.07404798556553849,True,2,0.0139;0.1342
SRGAP2B,0.07407134499698709,True,2,0.0221;0.1261
DOK5,0.07407208163109769,False,2,-0.0340;0.1822
RUFY3,0.07415610299432296,False,2,0.3476;-0.1993
EEF1AKMT3,0.07424600633086054,True,2,0.0112;0.1373
C1orf174,0.07432129674045618,False,2,-0.0237;0.1724
GDF7,0.07434114165504141,False,2,0.1843;-0.0356
PSMB7,0.07435351912066235,True,2,0.0689;0.0798
PSMC3IP,0.07442592775944168,False,2,0.1521;-0.0032
UBR5,0.07444918467946682,True,2,0.1282;0.0207
XKR6,0.07448064081681693,True,2,0.0087;0.1403
PIAS2,0.07448851894114261,True,2,0.0584;0.0906
ZNF274,0.07452915198127374,False,2,-0.0211;0.1701
GTF2H2C,0.07453862563058289,True,1,0.0745
LYST,0.07463696892319516,True,2,0.0968;0.0525
ZNF136,0.07470973147531434,False,2,0.1568;-0.0073
OSBPL3,0.07472875472217672,False,2,0.2689;-0.1194
B3GNT2,0.07478333219262723,True,2,0.1452;0.0044
TMEM45A,0.07485122645375042,False,2,-0.1313;0.2811
LGALS3BP,0.07489147777023075,False,2,-0.0648;0.2146
CYBC1,0.07489520549668538,True,2,0.1089;0.0409
PCCA,0.07491275185876817,False,2,0.2621;-0.1122
ARHGAP18,0.07492706336881805,False,2,-0.0148;0.1647
TMEM63C,0.07500172670945537,True,2,0.1276;0.0224
USP11,0.0750319121654982,True,2,0.1149;0.0352
SOX5,0.0750681801236035,True,2,0.1190;0.0312
CALML4,0.07514573796980661,True,2,0.0997;0.0506
LIPE,0.07515761460193315,False,2,-0.0051;0.1554
PPM1L,0.07521462909318977,False,2,0.1533;-0.0029
PRKN,0.07524352101366327,True,2,0.0212;0.1293
FBXO8,0.07524459560987262,True,2,0.0522;0.0983
FBXW9,0.07525659347032099,True,2,0.1037;0.0468
L2HGDH,0.07528263546254421,False,2,-0.0738;0.2244
ZSCAN5A,0.07529064591134293,True,2,0.0174;0.1332
TSG101,0.07538260454772217,True,1,0.0754
TSPYL4,0.07538794798196335,True,2,0.0931;0.0577
RUNX3,0.07541891182435234,True,2,0.1226;0.0282
PACRGL,0.07545517774178584,False,2,0.2426;-0.0916
FUBP1,0.0754560804719025,False,2,0.3189;-0.1680
WDR5B,0.07549421841065773,True,2,0.1265;0.0245
IRF2BP1,0.07555631778581806,False,2,-0.0348;0.1859
DYNLL1,0.07556756355496608,False,2,-0.0372;0.1883
GOLPH3L,0.07559785685979181,False,2,-0.1075;0.2587
PPID,0.0756344055071061,False,2,-0.0549;0.2062
POU5F2,0.07566840900925109,False,2,-0.0703;0.2217
SPRYD3,0.07572230084486642,False,2,-0.0163;0.1677
DMXL1,0.07575309596009716,True,2,0.0042;0.1473
TMEM98,0.07576681076448355,True,2,0.0078;0.1437
PPP1R14A,0.07581312426175357,False,2,-0.0108;0.1625
KIF2C,0.07582712533891978,True,2,0.1061;0.0456
ROCK2,0.07585628435997593,False,2,-0.0351;0.1868
B4GALT4,0.07586816165208565,True,2,0.0532;0.0986
TPM3,0.07590631088558297,True,2,0.0838;0.0680
FBXO32,0.07591963986464911,False,2,-0.1060;0.2579
TSLP,0.07592688951712223,True,2,0.1485;0.0033
UBTD2,0.07595070529218573,False,2,-0.0926;0.2445
CTSA,0.07596933549336993,True,2,0.0197;0.1322
CHD1L,0.0760488224883179,False,2,-0.1170;0.2691
DFFA,0.07606016619714606,True,2,0.1271;0.0250
TRIM52,0.07619158898604683,True,2,0.0642;0.0881
PPM1F,0.07625294812942174,True,2,0.1004;0.0521
MRPS31,0.07627838607274329,True,2,0.0079;0.1446
ACOT13,0.07630482196021682,False,2,0.2400;-0.0874
GATC,0.0764304798486064,True,2,0.1210;0.0318
TNFSF11,0.07644429720021373,True,2,0.0844;0.0685
KCNAB3,0.07647839451930627,False,2,-0.0452;0.1982
HIST1H4J,0.07648813139485044,False,2,-0.0937;0.2467
NTRK2,0.07652360277302062,True,2,0.0394;0.1136
CTU2,0.07654062128899863,False,2,-0.0107;0.1638
COL16A1,0.07654923646310163,False,2,0.1617;-0.0086
BICD1,0.07661678931003435,True,2,0.0688;0.0844
TNPO1,0.07664077166685035,False,2,-0.0265;0.1798
TNIP2,0.0767160181155988,True,2,0.0747;0.0788
PNPLA7,0.07671608526524099,True,2,0.0538;0.0996
PKNOX2,0.07671947595200845,False,2,0.1736;-0.0201
HIST1H3I,0.07674728467562308,True,2,0.1175;0.0360
ACOT2,0.07688185473492193,True,2,0.1530;0.0008
ISCU,0.07693757162960912,False,2,-0.0636;0.2174
ZFP2,0.07699707845857529,True,2,0.1303;0.0237
C12orf4,0.07701384732023131,True,2,0.0752;0.0789
ZC3HC1,0.07702358305502022,True,2,0.0017;0.1524
NRDC,0.07721827879842968,True,2,0.0811;0.0734
TCTEX1D2,0.07725811915296332,True,2,0.0368;0.1177
LMNA,0.07730724327958172,True,2,0.1319;0.0227
CCDC47,0.07732627146959359,False,2,0.1728;-0.0182
TOB2,0.07747124226604962,False,2,-0.0361;0.1910
EPCAM,0.07760130933693454,True,2,0.0767;0.0785
C16orf46,0.07761120807970157,True,2,0.0316;0.1236
TTC34,0.07761202790265465,True,2,0.0772;0.0780
HID1,0.07761219973468414,False,2,-0.0281;0.1834
TMEM267,0.07766675613479512,False,2,0.1572;-0.0018
KLHL32,0.07769140744882563,True,2,0.0559;0.0994
ZFP57,0.07772636305377512,False,2,-0.0184;0.1738
HLA-DPB1,0.07794816314210895,False,2,0.1699;-0.0140
OPN3,0.07803791178247865,False,2,-0.0495;0.2056
PGAP3,0.07810171182514114,False,2,-0.0856;0.2418
RBAK,0.07813334996033439,False,2,-0.0357;0.1920
TMEM200A,0.07815895783212434,True,2,0.1143;0.0420
DHPS,0.07819857742732828,False,2,-0.0144;0.1707
CAD,0.07819911642210065,False,2,0.3432;-0.1868
DDX21,0.07829230255150021,False,2,0.1710;-0.0144
GPNMB,0.07832025094298944,False,2,-0.0151;0.1718
SNTA1,0.07834289126276017,True,2,0.0343;0.1224
HOXA9,0.0783554520190497,False,2,0.1816;-0.0249
TMTC3,0.07836148575300783,False,2,-0.0416;0.1983
KLRF1,0.0783736942129526,False,2,-0.0955;0.2523
PLA2G4A,0.07841871431967318,False,2,-0.1172;0.2740
TGIF2LY,0.07847442706732466,True,2,0.1378;0.0192
NFKBIB,0.07849607535742731,True,2,0.1210;0.0360
EMC3,0.07850068686701506,True,2,0.0313;0.1257
THEMIS,0.0786077276292767,False,2,-0.0694;0.2266
FAM229B,0.07860909087350731,True,2,0.1407;0.0166
LINS1,0.07866743803391063,True,2,0.0843;0.0730
ZNF611,0.07867251739896719,False,2,0.1579;-0.0006
ZMYND8,0.07869249755562102,True,2,0.0779;0.0795
SUSD6,0.07880939451776448,False,2,0.1594;-0.0018
PTPN2,0.07883079398682025,True,2,0.0521;0.1055
GALNT11,0.0788639764857546,False,2,-0.1227;0.2804
SMG9,0.07892542223186433,False,2,0.2790;-0.1212
C15orf40,0.07897046963235677,False,2,-0.0483;0.2062
HNRNPA0,0.07897076538407122,True,2,0.1533;0.0047
PPFIA4,0.0790733941189582,False,2,-0.0714;0.2295
ETV5,0.07907920538449853,False,2,0.2430;-0.0848
SCO1,0.07908323128084771,True,2,0.0693;0.0889
DMTN,0.07909436747578624,True,2,0.0218;0.1363
COMMD9,0.07912190370051214,False,2,0.1984;-0.0402
NIPBL,0.07916923644893148,True,2,0.1172;0.0412
GTF2H2,0.07921101659830576,True,1,0.0792
POLR2F,0.07927815552329265,True,1,0.0793
NAA60,0.07941342135378426,True,2,0.0402;0.1186
TPRG1,0.07945301682168449,True,2,0.0325;0.1264
CCHCR1,0.07946674951711252,False,2,-0.0815;0.2404
HIST1H2AB,0.07946980602212927,True,2,0.0343;0.1247
ITGB3BP,0.07950456973680098,True,2,0.0069;0.1521
ANKRD33B,0.0795581201101061,True,2,0.0509;0.1082
DGKA,0.07960801914940874,True,2,0.0886;0.0706
SPACA6,0.07961429918004059,True,2,0.1056;0.0536
IQGAP1,0.07963663931398512,False,2,-0.0430;0.2023
ECSIT,0.07964343180936084,True,2,0.1041;0.0552
AFMID,0.0796548207375204,False,2,-0.0365;0.1958
DNAL1,0.07968771783920658,True,2,0.0625;0.0968
ATF4,0.07968863148185085,False,2,0.3186;-0.1592
KMT2A,0.07972555181264906,False,2,-0.1090;0.2685
LIMA1,0.0797282715467934,True,2,0.0625;0.0970
SOX15,0.07972960733541001,True,2,0.1188;0.0407
RAD23A,0.07976552044652396,True,2,0.1175;0.0420
LTB,0.07980947163643454,False,2,0.2249;-0.0652
HYAL2,0.0799000328383841,True,2,0.1411;0.0187
CXCL9,0.08005081343957943,True,2,0.1537;0.0064
CDK17,0.08011260853126767,True,2,0.1264;0.0338
TCTE3,0.08012006070246214,False,2,-0.0691;0.2293
SSBP2,0.08016851085294308,True,2,0.0221;0.1382
ZNF556,0.08025079667258206,True,2,0.0726;0.0879
RER1,0.08034279341422146,True,2,0.1362;0.0245
HOXB8,0.08040821479985161,False,2,-0.0311;0.1919
RNF26,0.08040857063669948,True,2,0.1166;0.0442
FBXO7,0.0806151283268638,False,2,0.1807;-0.0194
ABHD11,0.08071229192385299,False,2,0.2075;-0.0460
SCARF1,0.08081223867598397,True,2,0.0351;0.1265
RAP2C,0.08082061182651468,False,2,-0.0994;0.2611
MUC13,0.08084496670933483,True,2,0.1087;0.0530
FAM184A,0.08087758852261628,True,2,0.0669;0.0949
MESD,0.08089208967031702,False,2,-0.0384;0.2002
GFI1B,0.08096248931245742,True,2,0.1346;0.0273
LBH,0.08103285594349419,True,2,0.1371;0.0250
RFNG,0.0811217775295563,True,2,0.0627;0.0995
AREG,0.08117759545895842,True,2,0.1355;0.0269
C1orf56,0.08126119114034192,True,2,0.1330;0.0295
P4HA1,0.08139122625584627,True,2,0.1333;0.0295
NSUN2,0.08144281999377978,True,2,0.0730;0.0899
TNFSF13,0.08165037858792956,True,2,0.0645;0.0988
FKBP14,0.08167788739876736,True,2,0.0866;0.0768
UBE2D3,0.08167969744183146,True,2,0.0154;0.1479
ADAMTSL5,0.08171658086377032,True,2,0.1374;0.0261
PODXL2,0.0817685136557813,True,2,0.0199;0.1436
PTGDR,0.0817737735014149,True,2,0.1634;0.0001
CCNE1,0.08178292576061497,False,2,-0.0389;0.2025
BRD4,0.08181974256093982,False,2,0.1681;-0.0045
DHX32,0.08192178564541286,True,2,0.0430;0.1208
TM4SF1,0.08199349936826561,False,2,-0.0272;0.1912
HINT2,0.08208166255663152,True,2,0.0323;0.1318
HNRNPH2,0.08217808030005702,True,2,0.0435;0.1208
SLC15A4,0.08218186040405706,False,2,-0.1854;0.3498
PIGF,0.08218826390939149,True,2,0.1184;0.0460
ZNF486,0.08223476660957407,True,2,0.1287;0.0358
PURB,0.08229231852578878,True,2,0.0537;0.1108
APOBEC2,0.08230889641172312,True,2,0.1281;0.0365
HIPK2,0.08251841637357549,True,2,0.0933;0.0718
UBN2,0.08271964998131609,True,2,0.1328;0.0326
COA7,0.08279777700888302,True,2,0.0830;0.0826
PDCD2L,0.08303049092677017,False,2,-0.0417;0.2078
NUBP2,0.0831180621386779,False,2,0.1726;-0.0064
ZNF141,0.0831509984298946,True,2,0.1418;0.0245
SLC15A3,0.08319203563131639,True,2,0.0353;0.1311
NDUFS4,0.08326961045289005,True,2,0.0206;0.1459
TMEM135,0.08333955467220766,False,2,-0.0490;0.2157
PDCD10,0.0834136510286414,False,2,0.2464;-0.0796
BRI3BP,0.0835156341647032,True,2,0.0631;0.1040
TMEM229B,0.08357874515095792,False,2,0.3341;-0.1669
MPZ,0.08362268921493954,True,2,0.1168;0.0504
TBC1D2,0.08365997331020653,False,2,0.2108;-0.0435
CD109,0.08371977614602244,True,2,0.1255;0.0420
TMEM143,0.08374216256599609,True,2,0.0677;0.0998
TMF1,0.08379680897196645,False,2,0.2191;-0.0515
KIAA1324,0.08380552786800638,False,2,0.2012;-0.0336
CPA5,0.08382331562345535,True,2,0.0993;0.0684
RGS14,0.08383242714617845,True,2,0.0731;0.0946
ATP2B1,0.08392940753967038,False,2,-0.0204;0.1883
TRAF3IP3,0.08394759895786008,False,2,-0.1370;0.3049
PPP1CB,0.08399881704220047,False,2,-0.0047;0.1727
AGBL2,0.08403106770680702,True,2,0.0977;0.0703
HOXC8,0.08409186960504345,True,2,0.0118;0.1564
TSTD1,0.0841580583446131,False,2,-0.1218;0.2901
MT1G,0.08421478818052963,False,2,-0.0388;0.2072
SLC25A37,0.08426625985027358,True,2,0.1425;0.0261
ANKRD17,0.08433869726284698,False,2,0.2877;-0.1190
SIGLEC10,0.08435889029023258,True,2,0.0731;0.0956
UBXN8,0.08439885868023222,False,2,-0.0094;0.1782
MCPH1,0.08442567321907368,True,2,0.0860;0.0829
ANAPC5,0.08446512878097101,True,1,0.0845
SAAL1,0.08448370751865497,False,2,-0.0169;0.1859
MS4A1,0.08448841112747985,True,2,0.0122;0.1568
CCDC152,0.0844936637681617,False,2,-0.0169;0.1859
XAB2,0.08458169429093543,True,1,0.0846
PAK2,0.08462779014797184,False,2,-0.0979;0.2672
DNAJC19,0.08471245614664058,True,2,0.1089;0.0605
ADI1,0.08474446119195422,True,2,0.0561;0.1134
CXCL13,0.08480490323609646,True,2,0.0135;0.1561
POMT2,0.08493322464773823,True,2,0.0659;0.1040
PLAC9,0.08511448253358278,True,2,0.0173;0.1529
ITGAX,0.08517686050922058,True,2,0.1214;0.0490
JRK,0.08519437096706672,True,2,0.0203;0.1500
LRRC47,0.0852225340238385,True,2,0.0700;0.1004
MED28,0.08523562206317181,True,1,0.0852
GPATCH2L,0.08523810377760799,False,2,-0.0164;0.1868
QRICH1,0.08525849005186759,True,2,0.1193;0.0512
FANCI,0.08529606460711653,False,2,0.2304;-0.0598
MBOAT2,0.08530009378438552,True,2,0.1016;0.0690
GRIPAP1,0.08536458516970113,False,2,-0.0278;0.1986
CNDP2,0.08556672861306669,True,2,0.0837;0.0875
IAH1,0.0855948163532767,True,2,0.1654;0.0058
MTM1,0.08562664708534373,False,2,-0.0368;0.2080
ACOT4,0.08568616744531676,True,2,0.0749;0.0965
SP110,0.08570603041853336,False,2,0.2072;-0.0358
ZNF670,0.08572611359922622,True,2,0.1534;0.0180
IL4I1,0.08575543106560235,False,2,-0.0446;0.2161
ZNF750,0.08582922730770626,True,2,0.0145;0.1572
TRAK1,0.08586498236450502,False,2,-0.0903;0.2621
GEN1,0.08603616046502971,False,2,0.2482;-0.0761
SLC26A2,0.08614429980038729,False,2,-0.1017;0.2740
SH3D21,0.08617140741909313,True,2,0.1339;0.0384
USP22,0.08628990962037453,True,2,0.0549;0.1177
UBA5,0.08635603339236209,True,2,0.0435;0.1292
PLPP5,0.08635691170047854,True,2,0.0858;0.0869
INPP4B,0.08637602665809396,False,2,-0.0840;0.2568
SUMO2,0.0863907358584145,False,2,-0.0147;0.1875
STON1,0.08639357586557406,True,2,0.0563;0.1165
SYDE2,0.08641721675674163,False,2,-0.0049;0.1778
ACTR1B,0.0864474465268465,False,2,0.2193;-0.0464
ZNF428,0.08646400074323302,True,2,0.0325;0.1404
ENPP1,0.08652114016105783,True,2,0.1286;0.0444
PLEK2,0.08652761849976998,False,2,-0.1911;0.3642
PFDN4,0.08670708784710413,True,2,0.0985;0.0749
WRN,0.08681319787411557,True,2,0.0510;0.1227
MYO18A,0.08685448567154763,False,2,-0.0522;0.2259
IMMP2L,0.08691155884572999,True,2,0.0848;0.0890
HGD,0.08692494278677987,True,2,0.0406;0.1333
NLE1,0.08696868981807893,True,2,0.0254;0.1485
TSGA10,0.08697816025224225,True,2,0.0580;0.1160
ADAMTS10,0.08702059282617625,True,2,0.0685;0.1055
DNAI2,0.08706747807685677,True,2,0.0471;0.1271
ZFAND2B,0.08710697802131684,True,2,0.0158;0.1584
SEC31A,0.08719623907277241,True,2,0.1470;0.0274
C9orf64,0.08726208458110041,True,2,0.0741;0.1004
RRBP1,0.08733572846044768,False,2,-0.0482;0.2228
BARX2,0.08737288673739763,False,2,-0.0033;0.1781
PSMD9,0.08738510222364482,True,2,0.0469;0.1278
ERMP1,0.08742549164185942,False,2,0.2253;-0.0505
KIF27,0.0875210419534872,True,2,0.0446;0.1305
LEPROTL1,0.08769914870994766,True,2,0.1513;0.0241
ZNF561,0.08773257437953574,True,2,0.0294;0.1461
METTL21A,0.0877330100622814,True,2,0.1119;0.0636
SLC9A9,0.08778779008238591,True,2,0.1545;0.0211
CIAO2B,0.08784145665902687,False,2,-0.1683;0.3440
FAM135A,0.08786354846037792,True,2,0.0598;0.1159
IPPK,0.08796821128584442,False,2,-0.0332;0.2091
GEMIN6,0.08799046436413827,False,2,-0.0507;0.2267
HNRNPD,0.08800526995622082,True,2,0.1365;0.0395
TAF1,0.0880764065215568,True,2,0.0308;0.1454
ZNF396,0.08820499582508634,True,2,0.0003;0.1761
GLIPR1,0.08823033316030049,False,2,-0.0238;0.2003
TWIST1,0.08827741312962734,True,2,0.1180;0.0585
C19orf24,0.08828168577298945,True,2,0.1659;0.0107
PTCH1,0.0883633502293304,False,2,-0.0668;0.2436
MZT2A,0.08849493681975851,False,2,-0.0149;0.1918
ZC3H12B,0.08851569574666851,False,2,0.1801;-0.0031
SLC35A5,0.08858366571897425,True,2,0.0201;0.1571
SUDS3,0.08860870099018114,False,2,-0.1704;0.3476
PRPF38A,0.08866156482475429,False,2,-0.2490;0.4263
MEGF8,0.08875824394264553,False,2,-0.0888;0.2664
SELPLG,0.08883363792542981,False,2,0.2112;-0.0335
RNF220,0.08884035218699315,True,2,0.0719;0.1057
SNX24,0.08889211945382125,True,2,0.0327;0.1451
CACNA2D4,0.08894085002645336,True,2,0.0945;0.0834
COPS7B,0.08894731503792697,True,2,0.1482;0.0297
LRMP,0.0889517384601205,True,2,0.0824;0.0955
CRELD2,0.08899276463620265,True,2,0.0166;0.1614
MUC12,0.08906934206479944,False,2,-0.0980;0.2761
MXRA8,0.08916501734245408,False,2,0.1791;-0.0008
HCN2,0.08924939298477741,True,2,0.0006;0.1779
RPL23A,0.08926869683175398,True,1,0.0893
ARFRP1,0.08931145380657468,True,2,0.1295;0.0491
BSCL2,0.08940342771854493,True,2,0.1696;0.0092
ABLIM3,0.08946427578933402,True,2,0.0849;0.0941
TRIM16,0.08950434332593227,False,2,-0.0317;0.2108
CAMKK2,0.08955661590775249,False,2,0.2500;-0.0709
ZNF182,0.08958355736659884,True,2,0.0035;0.1757
PAX6,0.0896111761844336,True,2,0.0677;0.1115
DALRD3,0.08965217451598995,True,2,0.0637;0.1156
NDUFB5,0.08969350156611955,False,2,-0.0224;0.2018
UBE3A,0.08976957190907209,True,2,0.0368;0.1427
FEZF1,0.08981510248309477,True,2,0.0025;0.1771
CLEC1B,0.08989184909721037,True,2,0.0963;0.0835
ANAPC11,0.08989658894401664,True,2,0.1651;0.0147
GRM2,0.08990026657902495,True,2,0.1180;0.0618
FAM168B,0.08999797098211271,True,2,0.0751;0.1049
ITPK1,0.0902103451225107,False,2,-0.0266;0.2070
CATSPERB,0.09035908131058001,True,2,0.0828;0.0979
JMJD8,0.09053815006616339,False,2,-0.0366;0.2177
PRDM8,0.09058505806406891,True,2,0.1028;0.0784
CDADC1,0.09066535672151943,True,2,0.0533;0.1281
ARMCX3,0.0907795473993046,False,2,-0.0109;0.1925
MAN2A2,0.09088744720167052,False,2,-0.1857;0.3674
SIRT6,0.09093472412438774,False,2,-0.0568;0.2386
ITGB7,0.09098056081939077,True,2,0.1704;0.0115
NFATC4,0.09098139581039588,False,2,0.1828;-0.0008
HIST1H2BB,0.09098409619512549,True,2,0.0167;0.1653
PTPN11,0.09108434948710764,True,2,0.1381;0.0441
N4BP3,0.09112900654229539,True,2,0.0418;0.1404
RYR3,0.09116799836992551,True,2,0.1677;0.0146
UBE2W,0.09131251024344456,True,2,0.0335;0.1491
IL18RAP,0.09134561734296387,True,2,0.0328;0.1499
AP4S1,0.09134743189263672,False,2,-0.0865;0.2692
GIMAP5,0.09137910332191224,True,2,0.0546;0.1281
STUB1,0.09141280357256054,False,2,0.2165;-0.0337
UBQLN4,0.09144026698719854,True,2,0.0322;0.1507
PIGG,0.09144589351021248,True,2,0.1716;0.0113
ACSL3,0.09154859052595232,False,2,-0.0145;0.1975
TMEM167A,0.09173368691140427,True,2,0.0594;0.1240
ALKBH5,0.09175745832116955,False,2,-0.0302;0.2137
PRDX4,0.09175823480792966,True,2,0.1608;0.0227
LRRC23,0.09177252319791407,False,2,0.1879;-0.0043
SFTPA1,0.09179783958308463,False,2,-0.0055;0.1891
TRIM25,0.09184175324607247,True,2,0.1546;0.0291
POLK,0.09186580912228093,False,2,-0.0076;0.1913
IL18R1,0.09191828027142923,True,2,0.1699;0.0139
IFT20,0.09192621409378021,True,2,0.0595;0.1243
EFHC2,0.09197983573037871,False,2,-0.0115;0.1954
ZFYVE1,0.09202638804352392,False,2,-0.1846;0.3687
TP53INP2,0.09218905508936848,True,2,0.0350;0.1494
SMIM24,0.09231666678514283,True,2,0.1583;0.0263
OSBPL2,0.0923883456257042,True,2,0.0679;0.1168
RGS17,0.09251728101461615,False,2,0.3235;-0.1384
TMEM183A,0.09252410653660681,True,2,0.1185;0.0665
SEC24A,0.09252460904384263,False,2,-0.0436;0.2287
COX6B1,0.0925353544581985,True,2,0.0993;0.0858
METTL26,0.09261590881413806,True,2,0.1316;0.0536
EHF,0.09266202994951589,True,2,0.0432;0.1421
NOL4L,0.09270515792228906,False,2,-0.1075;0.2929
DVL2,0.09302135200368866,True,2,0.1107;0.0753
SLC35B4,0.09308338383383474,True,1,0.0931
PPP1R21,0.09312012433373118,True,2,0.1750;0.0112
SLC27A5,0.09314465032312214,True,2,0.0616;0.1247
OVCA2,0.09328220639620033,True,2,0.1094;0.0772
TNFSF9,0.09331547792709227,True,2,0.0095;0.1771
YAE1,0.09349572301034503,True,1,0.0935
IGFLR1,0.09352631617654039,False,2,-0.0083;0.1954
RIC8B,0.09352649787870537,True,2,0.0840;0.1030
LIPA,0.09355469309883202,True,2,0.1204;0.0667
ZER1,0.09357177938911476,True,2,0.1857;0.0014
BAG6,0.09359387815099585,True,2,0.1691;0.0181
PYCR2,0.09362791910730583,True,2,0.0835;0.1038
SERAC1,0.0936532946379186,False,2,-0.0595;0.2468
ANKRD13C,0.09374845046276437,True,2,0.1157;0.0718
ZDHHC6,0.0937854562858409,True,2,0.0826;0.1050
KTN1,0.09382058579192087,False,2,-0.1251;0.3128
RAB11A,0.09399522536284188,True,2,0.0543;0.1337
TNFAIP1,0.09401518884642057,False,2,-0.1449;0.3329
BABAM2,0.09404951336848388,True,2,0.0024;0.1857
SDR39U1,0.09406919982995587,True,2,0.0948;0.0933
PUM1,0.09407499819304088,False,2,-0.0257;0.2138
AAMP,0.0940761420858165,False,2,-0.2482;0.4363
CAPN10,0.09417456118345802,True,2,0.0695;0.1188
AUTS2,0.09425672259394224,True,2,0.0635;0.1250
MFSD4B,0.09433195447666665,True,2,0.1558;0.0329
ABRACL,0.0943438713646777,True,2,0.1057;0.0830
C3orf62,0.0944523383316983,True,2,0.1235;0.0654
MACO1,0.09458672996324491,True,2,0.1215;0.0677
RBSN,0.09461317607992942,False,2,0.2546;-0.0654
SNX4,0.09463360545390187,False,2,-0.1777;0.3669
NUP62,0.0946440512975974,False,2,0.4385;-0.2492
TAF1C,0.09476472692346372,True,1,0.0948
NEUROG1,0.09483530382226901,True,2,0.0464;0.1433
POLH,0.09486741682945576,False,2,-0.0214;0.2111
AP1S3,0.0948729930936899,True,2,0.1022;0.0875
FBXO9,0.09490881420622266,False,2,-0.0754;0.2652
MTURN,0.0949587367803969,True,2,0.0729;0.1171
PI16,0.09498170190104632,False,2,0.3307;-0.1407
FRYL,0.09507390387339909,False,2,0.2137;-0.0235
HIST2H2BE,0.09517760545813958,False,2,0.2019;-0.0115
DAZAP2,0.09520537753904534,True,1,0.0952
NUDT14,0.09520570800788875,False,2,-0.2008;0.3912
SRF,0.09536855790709875,True,2,0.0107;0.1801
SORL1,0.09538151081551294,True,2,0.0948;0.0959
PRKX,0.09543967626172556,True,2,0.1376;0.0533
GPM6B,0.09546347060733129,True,2,0.0063;0.1846
MAP3K13,0.09551854954650818,False,2,-0.0008;0.1918
DUSP12,0.09552796808788488,True,2,0.0221;0.1689
DDX60,0.09557653218361306,False,2,-0.0957;0.2868
CRCP,0.09564317933267064,True,1,0.0956
SLC39A8,0.09568065565097211,False,2,0.3228;-0.1315
IGFBP4,0.09570488981782466,True,2,0.0738;0.1176
ZNF628,0.09572020444980267,False,2,-0.0658;0.2572
DGAT1,0.09572135704036755,True,2,0.1729;0.0186
TMEM121,0.09575944712435891,True,2,0.0055;0.1860
LYPD3,0.09576425789421916,True,2,0.0849;0.1066
EML5,0.09577727685518855,True,2,0.1537;0.0378
LAMP2,0.09578380461131186,True,2,0.1129;0.0787
PLEKHA2,0.0957939594966567,True,2,0.0484;0.1432
RNF138,0.09579700191979446,True,2,0.0051;0.1865
NQO1,0.09582754536468974,False,2,0.2042;-0.0126
MAP3K3,0.09584362818950931,False,2,0.1936;-0.0019
FGD3,0.09588092649672941,True,2,0.1116;0.0801
ANGEL1,0.0958974462425074,True,2,0.1374;0.0544
ZNF419,0.09590030836638774,True,2,0.1321;0.0597
WDR83,0.09595287014406217,False,2,-0.0871;0.2790
SNRNP48,0.09599874773360284,True,1,0.0960
ABHD14B,0.09610718188942902,True,2,0.0645;0.1277
FECH,0.09614438418681781,False,2,-0.0085;0.2008
TMEM30B,0.09616799946980203,False,2,-0.0392;0.2315
STK36,0.09617186550012513,True,2,0.0580;0.1343
RBM39,0.0962244566210706,False,2,0.3646;-0.1721
EBAG9,0.09622773333067547,False,2,0.2061;-0.0137
TRAPPC10,0.0964320474896011,False,2,-0.0433;0.2362
ZBED9,0.09651100374947896,False,2,-0.0141;0.2071
GNA12,0.09668293102955716,True,2,0.1086;0.0847
TNFRSF13C,0.09670460531930203,False,2,-0.1317;0.3251
SDCCAG8,0.09676129902703257,True,2,0.1899;0.0037
MPG,0.09677663772999068,True,2,0.1679;0.0257
MRPL51,0.09681830001588188,True,2,0.1282;0.0654
ESX1,0.09704322228088524,True,2,0.1142;0.0799
PPM1D,0.09709667381007658,True,2,0.0567;0.1375
GIMAP7,0.09729405376549094,False,2,0.2347;-0.0401
KIFAP3,0.0973157040159145,True,2,0.0661;0.1285
CHD2,0.09731865014720575,False,2,-0.1007;0.2953
HDAC8,0.09733205180955551,True,2,0.1099;0.0848
ACVR1C,0.09786696662234007,True,2,0.0453;0.1505
CCAR1,0.09799984619088797,False,2,0.2614;-0.0654
BCDIN3D,0.09811464520499169,False,2,-0.0442;0.2405
RNF181,0.09812348385461578,True,2,0.0986;0.0976
VWF,0.09812856781673374,False,2,-0.0643;0.2606
DSC2,0.09813576382637612,False,2,-0.1233;0.3195
PIK3C2A,0.0981648023813887,True,2,0.1611;0.0352
VPS8,0.09818689973410999,True,2,0.0821;0.1143
PDPR,0.09819981360703156,True,2,0.1195;0.0769
MYH14,0.09824889082951083,False,2,0.2419;-0.0454
PAK3,0.09825787849145717,False,2,-0.0871;0.2836
SEC23B,0.09827485510335165,False,2,0.2989;-0.1024
HIST1H2AE,0.09829741024250904,True,2,0.0410;0.1556
TACC3,0.09852512369152455,True,1,0.0985
KLF9,0.09861752920347244,False,2,0.2009;-0.0037
NACC1,0.09865678009568779,True,2,0.1630;0.0343
GUF1,0.09875375690972388,True,2,0.0090;0.1885
ELF2,0.0987739906035322,True,2,0.1017;0.0958
PCM1,0.09886424687211537,True,2,0.0100;0.1878
UBE2E1,0.09897340912525654,True,2,0.1624;0.0356
IFI30,0.09901145993650873,False,2,-0.1853;0.3834
SUMO1,0.09908270354056337,True,2,0.1591;0.0391
TRABD2A,0.09914494934913176,True,2,0.1049;0.0934
ADIPOR2,0.09914942025792284,True,2,0.1553;0.0430
AP1S1,0.09923049697660058,False,2,-0.0141;0.2126
APLP2,0.09926456990038757,True,2,0.0761;0.1224
AHRR,0.09932350177116556,False,2,-0.0524;0.2510
FAM98C,0.09932927725055729,True,2,0.0422;0.1564
TMA16,0.09941734439611627,True,2,0.0101;0.1888
ANKRD46,0.09942693941536607,False,2,-0.0610;0.2598
MRPL49,0.0995066715007551,False,2,0.2635;-0.0644
CHMP1A,0.09961840847190306,True,2,0.0512;0.1480
HIST1H2BI,0.09963066644996399,False,2,-0.0036;0.2029
CCDC184,0.09969155545523833,True,2,0.1825;0.0169
NEFM,0.0998068885264013,True,2,0.0797;0.1199
CCDC93,0.09988045673085955,False,2,-0.1407;0.3405
CAND1,0.09997172871342674,True,2,0.0900;0.1099
LPAR6,0.1001559312757836,True,2,0.0703;0.1300
PRCP,0.10019230296036175,True,2,0.1513;0.0491
VWDE,0.10020640763151856,True,2,0.1615;0.0389
ADM5,0.10025136993811112,True,2,0.0933;0.1072
SLC12A7,0.10031770071088075,False,2,-0.0010;0.2016
TPCN1,0.10034099815829489,True,2,0.1168;0.0839
ZFPM1,0.10047614830893792,True,2,0.0630;0.1379
OSBPL11,0.1005839433042901,True,2,0.1802;0.0210
VTA1,0.10064450197909552,False,2,0.2742;-0.0729
SPATA2,0.1006786356279461,True,2,0.0186;0.1828
GPR15,0.1007724929735313,False,2,-0.2382;0.4397
DSTN,0.10079923289777237,True,2,0.0360;0.1656
KIF3A,0.10092292052796781,True,2,0.0237;0.1781
PCLAF,0.10094543750526153,False,2,0.2068;-0.0049
ITGAV,0.10097319413340566,True,2,0.1716;0.0303
PANK2,0.10100838180637961,False,2,-0.0135;0.2156
FSD1,0.10103809469910197,True,2,0.1532;0.0489
GLI4,0.10108065016340129,True,2,0.0024;0.1998
ACBD6,0.1011082309201361,True,2,0.1971;0.0052
PHF20,0.10111889316412392,True,2,0.1274;0.0749
HSPH1,0.10115238926543907,False,2,0.2612;-0.0589
ADCK5,0.10134162215336995,True,2,0.1506;0.0521
ASB7,0.10152151054518854,False,2,-0.0084;0.2114
SHPRH,0.10153618348972232,False,2,0.2856;-0.0826
SECISBP2L,0.10171608753512307,False,2,-0.0302;0.2337
FAM200A,0.10177325961136874,True,2,0.0154;0.1882
CCNT2,0.1018808499822429,True,2,0.0164;0.1874
ZSCAN31,0.10201616830926452,True,2,0.1108;0.0932
C6orf62,0.10201781603585602,True,2,0.0265;0.1775
CELF1,0.10210251800805148,True,2,0.0780;0.1262
PIGC,0.10214581442806558,True,2,0.1316;0.0727
RNF130,0.10217492986983934,True,2,0.0168;0.1875
GIMAP8,0.10231067320471032,True,2,0.0586;0.1461
CPSF3,0.10235903697776783,True,1,0.1024
PSME1,0.10252206439926626,False,2,-0.1025;0.3075
CSF2RA,0.10258163352562366,True,2,0.0468;0.1584
EVI5,0.10262461743693368,False,2,0.2628;-0.0575
SGK3,0.10262870631785825,False,2,-0.1366;0.3419
GON4L,0.102654994966067,False,2,-0.0288;0.2341
ABCA1,0.10266809445716274,True,2,0.1917;0.0137
C5orf15,0.10270688703084796,True,2,0.1469;0.0585
WDR75,0.10277213828399195,False,2,0.3116;-0.1061
MARCH9,0.10277290762349034,True,2,0.0645;0.1411
NPAS1,0.10279033522219233,False,2,0.3240;-0.1184
SARDH,0.10279661444780452,False,2,-0.0245;0.2301
BEND2,0.1028066872965111,True,2,0.1308;0.0749
MVD,0.10289790837403567,False,2,0.2342;-0.0285
VDAC3,0.10290792501204837,True,2,0.0172;0.1886
ADD3,0.10291563777647827,False,2,-0.0132;0.2190
CEP350,0.10299780452853446,False,2,0.2436;-0.0376
PIAS1,0.10310544297135871,True,2,0.0920;0.1142
OTUB1,0.10325025409660038,True,2,0.1879;0.0186
CDH23,0.10333924106294456,True,2,0.0748;0.1319
CCDC167,0.10335667277632865,False,2,-0.0025;0.2092
DNAJB5,0.1033798438651734,True,2,0.1635;0.0433
MCOLN3,0.103411603614746,True,2,0.0395;0.1674
WDR90,0.10360578569552115,False,2,-0.0028;0.2100
IL36RN,0.10370193745108558,True,2,0.0375;0.1700
GPR68,0.10379331333982167,True,2,0.0667;0.1409
CC2D1B,0.10398891621522777,True,2,0.1738;0.0342
NBPF3,0.10401788288113961,False,2,0.2545;-0.0465
MAP1A,0.10402617343136089,True,2,0.1374;0.0706
OSGEP,0.10411186126357141,True,2,0.0668;0.1414
PXK,0.1041137494431369,False,2,0.2241;-0.0159
GABARAPL1,0.10425486148002072,True,2,0.0595;0.1490
NPM1,0.10426609634766448,False,2,-0.0628;0.2714
FUNDC2,0.10436065556199159,True,2,0.0526;0.1561
LMLN,0.10445320841576822,True,2,0.0726;0.1363
TNFRSF4,0.10447898768070196,True,2,0.1602;0.0488
RDH11,0.10449993725501838,True,2,0.1905;0.0185
CTDSPL2,0.10460551185308242,True,2,0.1096;0.0996
SEPT9,0.10463611607472645,True,2,0.0434;0.1659
CAB39,0.10468790125511673,False,2,-0.0171;0.2265
MTUS1,0.10471149431086768,True,2,0.0915;0.1180
NAIF1,0.10475984645962533,False,2,0.2107;-0.0012
CCNYL1,0.10490217328498652,True,2,0.0716;0.1382
IGSF22,0.10490726521665028,True,2,0.0353;0.1745
RASSF4,0.10492659296862716,False,2,0.2516;-0.0417
PPAT,0.10520015354123591,True,2,0.1644;0.0460
CARNS1,0.10538336626708134,True,2,0.0589;0.1518
METTL8,0.10545448148302183,True,2,0.0648;0.1461
RHOT2,0.10548130250755283,True,2,0.0828;0.1282
VSIG10,0.10556195620807762,True,2,0.1425;0.0687
CCDC58,0.10557182697342848,True,2,0.1440;0.0671
FBRSL1,0.10560001622473214,True,1,0.1056
NBEAL2,0.10562070584219241,True,2,0.0226;0.1887
YBX2,0.10567258775089305,False,2,0.2130;-0.0017
AKAP8,0.10571873328851422,True,2,0.2060;0.0054
DPM1,0.10572913579010301,True,2,0.1193;0.0922
RBM47,0.10573324579765919,False,2,-0.0726;0.2840
CRTC2,0.10578319776061951,True,2,0.1742;0.0374
LRCH1,0.10581069654812392,True,2,0.0233;0.1883
MSGN1,0.10583206034732773,False,2,-0.0626;0.2742
N4BP2L1,0.10584411636487212,True,2,0.1850;0.0267
HEATR6,0.1058619300094884,True,2,0.0833;0.1285
RAB40B,0.10592469263983162,True,2,0.0122;0.1996
SLC9A3R1,0.10593325286483224,False,2,-0.0630;0.2748
LIME1,0.10597384004636246,True,2,0.0443;0.1677
PLVAP,0.10600969445245778,True,2,0.0667;0.1453
CWC25,0.10603378010392284,True,2,0.2104;0.0017
PRADC1,0.10611691931939204,True,2,0.1453;0.0670
CPEB3,0.1061182215896792,False,2,-0.0097;0.2219
KLHL29,0.10623819413479241,True,2,0.1609;0.0516
GRPEL1,0.1062652807593163,True,1,0.1063
HSFY2,0.10626792545526365,True,2,0.0167;0.1959
SPAG7,0.10657909573342805,False,2,-0.0415;0.2547
C5,0.10660523703291302,True,2,0.0645;0.1487
NPRL3,0.10665686384300654,True,2,0.2067;0.0066
ZIC4,0.10672046823880876,False,2,-0.1276;0.3411
ERI2,0.10679651085324382,True,2,0.1084;0.1052
SSU72,0.10681151335686323,True,1,0.1068
TAS2R4,0.10681736236960315,True,2,0.0867;0.1269
ZNF185,0.10682314356816403,True,2,0.1107;0.1029
MRPL54,0.10694503957528967,True,2,0.1265;0.0874
UBR3,0.10713408512064304,False,2,-0.0574;0.2717
BAZ1A,0.10718888432339535,True,2,0.1277;0.0867
DIS3L2,0.10719900540113092,False,2,-0.0216;0.2360
TBCK,0.10724899527467457,True,2,0.1502;0.0643
ANXA2,0.10731601841524369,False,2,0.2916;-0.0770
MFF,0.10736814902147296,True,2,0.1548;0.0599
NOMO2,0.10757731760746747,False,2,-0.1938;0.4090
AP2M1,0.10761174802820772,True,1,0.1076
SLC7A1,0.10767815820376714,True,2,0.0647;0.1507
DDX1,0.10782050377971952,False,2,-0.1803;0.3960
METTL25,0.10791135234239002,False,2,-0.1480;0.3639
EGLN1,0.10794412996082581,True,2,0.1222;0.0937
FOXE1,0.10796583070564625,True,2,0.1316;0.0844
AACS,0.10798404893728364,True,2,0.1127;0.1033
PEBP1,0.10803388097817901,True,2,0.1074;0.1086
EP400,0.10808174410526084,True,1,0.1081
HMGB3,0.10821881345340667,True,2,0.0820;0.1344
RPL36,0.10841610779837985,False,2,-0.0695;0.2863
ZNF780A,0.1084354214975567,False,2,-0.0579;0.2748
HACE1,0.10856873087760677,False,2,-0.0087;0.2259
ARHGAP15,0.108621309852445,True,2,0.0708;0.1464
GRK5,0.10866150309379241,True,2,0.0182;0.1991
SESN1,0.1087031641190872,True,2,0.0409;0.1765
CXCL10,0.10872126760961676,True,2,0.0539;0.1635
GCM1,0.10876722983314635,True,2,0.1283;0.0893
HDHD2,0.10881570171914634,True,2,0.1361;0.0815
ZNF717,0.10889397637026726,False,2,0.2707;-0.0529
TGIF1,0.1089222076711166,True,2,0.1572;0.0606
ATG9A,0.10892735608644921,False,2,0.3570;-0.1392
C21orf91,0.10894068946935764,True,2,0.0255;0.1924
TAF5L,0.10906675620952044,True,2,0.0377;0.1804
HDAC3,0.10914849663606674,True,2,0.1771;0.0412
ULK3,0.10916733550317537,True,2,0.0412;0.1771
DCTN6,0.1091962599909384,True,1,0.1092
CDCA4,0.1092019429744775,True,2,0.1160;0.1024
POLR1A,0.10939212601020976,True,1,0.1094
XYLT1,0.10953137746281671,False,2,-0.1366;0.3557
NAE1,0.10959237975841929,True,2,0.1608;0.0584
CD99,0.1097235717171543,False,2,-0.1669;0.3864
LIG4,0.10975073815605108,True,2,0.0602;0.1593
GNLY,0.10979849293851696,False,2,0.2650;-0.0454
PFN2,0.10991575737833037,False,2,-0.0075;0.2273
ABRAXAS2,0.1099484454361006,False,2,-0.0615;0.2814
AARSD1,0.1099690335925082,True,2,0.1340;0.0860
TMEM43,0.11001233759003548,True,2,0.0720;0.1480
AHCYL1,0.11017769726563886,True,2,0.0686;0.1517
ZNF524,0.11022269306236232,True,2,0.0616;0.1589
ATP13A1,0.11029609196229939,True,2,0.0465;0.1741
NFKB1,0.1103828308581638,False,2,-0.1281;0.3489
ARMH2,0.11043091663812665,True,2,0.1377;0.0832
HEATR4,0.11047391176253585,False,2,-0.0455;0.2664
FBXW11,0.11047584846389602,True,2,0.0770;0.1439
TAF6L,0.11057572378695024,True,2,0.0134;0.2078
ZNF502,0.11072329404963022,True,2,0.1640;0.0574
USPL1,0.11074263604375956,True,1,0.1107
ZNF580,0.1108563575623106,False,2,-0.0786;0.3003
EDF1,0.11091415865733845,True,2,0.0996;0.1222
UNC5CL,0.11092457936470268,False,2,0.2532;-0.0314
TST,0.11096262532349421,True,2,0.1092;0.1127
BST1,0.1110621854876378,True,2,0.1816;0.0406
PSIP1,0.11110840719790194,True,2,0.1394;0.0828
PRR12,0.11113663011278696,True,2,0.0701;0.1522
METAP1,0.11116750668049258,True,2,0.0526;0.1697
TAF1D,0.11123394786775986,True,2,0.2189;0.0036
TYW1,0.11123709954483807,True,2,0.0604;0.1621
MITD1,0.11124252626623465,True,2,0.0672;0.1553
PIGBOS1,0.11127520077917713,False,2,0.3057;-0.0832
ZNF32,0.11133784386955581,True,2,0.1124;0.1103
NUDCD3,0.11134349120700815,True,2,0.0964;0.1263
CPT1B,0.11144305290062684,False,2,-0.1828;0.4057
SEPHS1,0.11148135269886428,True,1,0.1115
CNBP,0.11150060729275924,True,2,0.0180;0.2050
HJURP,0.11156475821607525,False,2,-0.3752;0.5983
ZNF181,0.11166689475964364,True,2,0.1054;0.1180
CABP4,0.11167246393115993,False,2,0.2441;-0.0208
SLC25A24,0.11174312859670488,True,2,0.0492;0.1743
CPM,0.11176244521492112,False,2,0.2690;-0.0454
C17orf80,0.11181793415610208,True,2,0.0133;0.2103
FOXC2,0.11183152164613053,True,2,0.0855;0.1381
MFSD10,0.11184598414986813,True,2,0.1556;0.0681
KIF5B,0.11185621277059499,True,2,0.1331;0.0906
ARL4D,0.11199407225578262,True,2,0.2148;0.0092
KIF1C,0.11200767140299506,False,2,-0.0225;0.2465
GLRX2,0.11205408643460579,True,2,0.1084;0.1157
FPGT,0.11206492002573754,True,2,0.1146;0.1095
SYMPK,0.11237183798557138,True,2,0.1878;0.0369
TMTC4,0.11250310980926725,True,2,0.0741;0.1509
ACSS1,0.11267720132433046,False,2,-0.0323;0.2577
PML,0.11271698138309705,False,2,-0.1242;0.3496
PPP6C,0.1129961671703621,True,2,0.0717;0.1543
TUBGCP3,0.11301768892857655,True,1,0.1130
CFAP36,0.11304327360005728,True,2,0.0613;0.1648
MPPE1,0.11311409695357866,True,2,0.0723;0.1539
SLC25A51,0.1131912767211124,False,2,-0.2364;0.4627
CNOT2,0.11325126881717529,False,2,0.2873;-0.0608
GPR25,0.11345711596385621,True,2,0.1007;0.1262
IDH1,0.11358387328085473,True,2,0.0728;0.1544
GINS4,0.11359927209392384,True,1,0.1136
UBE2Q2,0.11362162814190668,True,2,0.1362;0.0910
PARK7,0.11386112924616654,False,2,-0.0380;0.2657
CREB3L3,0.11388971177471974,True,2,0.1171;0.1107
SLC46A3,0.11400034880496779,True,2,0.0053;0.2227
IFNGR2,0.11402904687905657,True,2,0.1210;0.1070
NFAM1,0.11406504694010522,False,2,-0.0923;0.3205
MTG1,0.1140843740962828,True,2,0.0658;0.1623
TRIP12,0.11411749903586499,True,2,0.1230;0.1052
EIF3A,0.11416963417892112,False,2,-0.4357;0.6640
ATG14,0.11428147316462378,True,2,0.2224;0.0062
ZNF774,0.11431735450457203,True,2,0.1887;0.0400
SNX13,0.11442454400046498,True,2,0.0330;0.1958
CD200R1,0.11452481738043141,True,2,0.0388;0.1903
TTC37,0.11453455760997511,True,2,0.1313;0.0978
TERT,0.11459866093897086,True,2,0.0019;0.2273
APEH,0.11462730743018335,False,2,0.2349;-0.0056
TLE3,0.11472329656712765,True,2,0.1802;0.0493
EVI2B,0.11491799260461932,True,2,0.0125;0.2173
ZSCAN18,0.1149212999677014,True,2,0.0950;0.1348
DUSP2,0.1150284850164649,True,2,0.1631;0.0670
EIF5A,0.11510033509445727,False,2,-0.0372;0.2674
RPRD2,0.11512096068481248,True,2,0.0042;0.2260
UBE4B,0.11512907801656425,True,2,0.2240;0.0063
SPPL3,0.11519058446460573,True,2,0.0096;0.2208
NUCB1,0.1152821110238873,False,2,-0.3427;0.5733
HIST1H4E,0.1153462976426396,False,2,-0.0036;0.2342
DOCK5,0.11539021099129587,False,2,-0.0745;0.3053
C11orf24,0.11551477736960147,True,2,0.0202;0.2108
ANXA3,0.11564727937221375,True,2,0.1029;0.1284
TRIM23,0.11583389390577681,True,2,0.0159;0.2158
DBF4B,0.11593492376803782,True,2,0.0052;0.2266
RNF166,0.11600144309950788,False,2,-0.0200;0.2520
SAT1,0.11608024591756094,True,2,0.1305;0.1017
ATP6V0D1,0.11620842962125033,False,2,-0.1419;0.3743
ACKR3,0.1163240550124629,True,2,0.1086;0.1240
FCGBP,0.11646912514125951,False,2,-0.0708;0.3037
ANKRD6,0.11657704626940724,True,2,0.0177;0.2154
BECN1,0.11659260500859303,True,2,0.2137;0.0195
GRAMD1A,0.1166585966185143,True,2,0.0551;0.1782
NEPRO,0.11670922716577614,True,2,0.0868;0.1466
ABHD12,0.11674888294930674,True,2,0.1631;0.0704
FGR,0.11684731010339544,False,2,0.2570;-0.0233
EIF2AK2,0.11686993831072678,False,2,-0.0010;0.2347
CNOT9,0.11687114428651679,False,2,-0.1462;0.3799
FGD2,0.11688385891332442,True,2,0.1052;0.1286
CADM1,0.1169100215641069,False,2,-0.0170;0.2508
CUBN,0.11692757511590124,True,2,0.1554;0.0784
ZNF799,0.11694185632498766,True,2,0.2303;0.0035
HLA-DPA1,0.11697915431747019,True,2,0.1144;0.1196
TOM1L2,0.11698588220399486,True,2,0.0301;0.2039
DYNC2LI1,0.11700429316327166,False,2,-0.0299;0.2639
GNAI1,0.11703539496923732,True,2,0.1442;0.0899
C3orf18,0.1172661314419795,False,2,-0.0738;0.3083
NAA80,0.11726657025083831,False,2,-0.0370;0.2715
IKZF5,0.11733283929304139,False,2,-0.0633;0.2980
REXO1,0.11760397701608749,True,2,0.0307;0.2045
MAGI3,0.11762077689254524,True,2,0.1598;0.0755
SLC25A22,0.11763835876610274,True,2,0.1249;0.1103
FAM189B,0.11769583369194747,True,2,0.1311;0.1043
RPS28,0.11778809569131221,True,1,0.1178
CCDC138,0.1177979293461322,False,2,-0.0082;0.2438
FANCE,0.1178102872639043,False,2,-0.0441;0.2798
SPATA32,0.11798912962183394,True,2,0.1044;0.1316
ANKEF1,0.1180717163743027,True,2,0.0009;0.2353
FASN,0.11821296446384733,True,2,0.2363;0.0001
SVIL,0.11822566421915692,True,2,0.1148;0.1216
SLC25A3,0.1182667887734532,True,2,0.0687;0.1678
HDGFL3,0.11826819649234532,True,2,0.1583;0.0782
TCF3,0.11839677230722367,True,2,0.1744;0.0624
SLC35F5,0.1185061595093233,False,2,0.2808;-0.0438
HEBP1,0.11863311065248006,True,2,0.0233;0.2140
RAB3GAP1,0.11873641878019692,True,2,0.1050;0.1325
TP53RK,0.11881432086783739,True,2,0.1405;0.0971
INPP4A,0.1188222429120227,True,2,0.1016;0.1361
BHLHE41,0.1188276174462759,False,2,0.2379;-0.0003
GDPD5,0.1188485993587376,False,2,-0.0325;0.2702
STAG3,0.11889382045290786,False,2,-0.1788;0.4166
ZNF674,0.11889970039214803,True,2,0.1630;0.0748
SRSF5,0.11892446589694339,False,2,-0.0791;0.3170
MED26,0.11914402016545012,True,2,0.0536;0.1847
PUSL1,0.11924315626436077,True,2,0.0258;0.2127
PEX3,0.1193804415756543,False,2,-0.0278;0.2666
ICA1,0.11942807954590817,True,2,0.0905;0.1484
FOSB,0.1194562555658778,False,2,-0.0288;0.2677
IRGM,0.11964668609166784,True,2,0.0262;0.2131
DTX1,0.1197596065270412,True,2,0.2239;0.0156
TNFSF12,0.11989870097670363,False,2,-0.3332;0.5730
STARD4,0.11991253018771886,True,2,0.0392;0.2007
POU3F2,0.12003524671561328,True,2,0.0902;0.1499
CRABP2,0.12019992652749134,True,2,0.1648;0.0756
SRD5A1,0.1202916594827097,False,2,-0.0655;0.3060
NUCKS1,0.12035247001938598,True,2,0.0697;0.1710
SLCO4A1,0.12041136961164367,True,2,0.0459;0.1949
ANKRD39,0.12048984552114472,True,2,0.0417;0.1992
TELO2,0.12071232617746902,False,2,0.3016;-0.0601
DCP1A,0.12078423173066932,False,2,0.2902;-0.0486
TBC1D5,0.12083369646534592,False,2,-0.0974;0.3391
ETNK1,0.12084195942763065,False,2,0.2495;-0.0078
CCDC85C,0.12100592545498617,False,2,0.2808;-0.0387
SLC30A6,0.12107621046723394,False,2,0.4013;-0.1591
ATG13,0.12122623281669942,True,2,0.0931;0.1494
PLCL2,0.1213444069761147,True,2,0.0279;0.2148
MUC2,0.1215906057608066,False,2,-0.1236;0.3668
SASH3,0.12162098403442678,True,2,0.1086;0.1346
KCNIP2,0.12163118405160034,True,2,0.2310;0.0123
APOM,0.12164962236474597,False,2,-0.2185;0.4618
RPL37A,0.1218988747363452,True,1,0.1219
CRIP3,0.12196424584920229,True,2,0.0402;0.2037
ACSF2,0.1220461140602429,False,2,-0.1422;0.3863
LRP11,0.12204893996515764,True,2,0.0679;0.1762
SMC4,0.12211683918543725,True,1,0.1221
ITPR3,0.12225321321238325,True,2,0.1458;0.0987
PUS7,0.12225538256578183,True,2,0.0950;0.1496
NRBP2,0.12249331029920196,True,2,0.0184;0.2265
MYO1G,0.12250411191061084,True,2,0.1767;0.0683
BSPRY,0.12259638226353764,True,2,0.0143;0.2309
RCE1,0.12268312859565211,False,2,-0.0042;0.2496
ATMIN,0.12274530330821698,True,2,0.0947;0.1508
APBA2,0.12287164389223704,False,2,-0.0337;0.2795
DGKZ,0.12321866804109383,True,2,0.1696;0.0768
STIP1,0.1232925036185889,True,2,0.1431;0.1035
POC5,0.12337040664724952,True,2,0.1160;0.1307
PBRM1,0.12341628118369063,True,2,0.0649;0.1819
EXOC3,0.12352419216167976,True,2,0.1182;0.1288
UBAP1L,0.12353884076826516,True,2,0.1601;0.0870
CRBN,0.12357003153751156,True,2,0.0495;0.1976
TESK1,0.12364271604025623,False,2,-0.1412;0.3885
HLA-DQA1,0.12370866223403909,True,2,0.0324;0.2150
TCIM,0.12371559044574287,False,2,0.2546;-0.0071
RABGAP1,0.12414618645136877,True,2,0.1334;0.1149
DNAJB1,0.1241844807633361,True,2,0.1250;0.1234
NDUFS3,0.12424444757139264,True,2,0.0435;0.2050
CREBL2,0.12429577974866934,False,2,-0.0351;0.2837
WDR4,0.12431250967274798,True,2,0.1962;0.0525
ERCC8,0.1244057360758426,True,2,0.1615;0.0873
BMP2K,0.1244701188337416,True,2,0.1626;0.0864
E2F2,0.12449686082341949,False,2,0.2595;-0.0105
NKX6-1,0.12454038079256224,True,2,0.1999;0.0492
UBE2I,0.1246098368533044,False,2,0.2906;-0.0414
CCL5,0.1246280053436839,True,2,0.0235;0.2258
RCBTB1,0.12475920431441512,True,2,0.0027;0.2468
AMFR,0.12485780408686842,True,2,0.0425;0.2072
IL6ST,0.1249109182207252,True,2,0.1769;0.0729
GSN,0.12493769581503023,True,2,0.0282;0.2217
ZFP36L1,0.12503580291708816,True,1,0.1250
GATA3,0.12506043252959864,True,2,0.1768;0.0734
CDNF,0.12508271766994572,True,2,0.2114;0.0387
XCL2,0.12518393080784773,True,2,0.0805;0.1699
ZNF285,0.12530779996767338,True,2,0.1458;0.1048
AOAH,0.12537769487752304,True,2,0.0125;0.2382
CERS5,0.12541595785270032,True,2,0.1209;0.1299
PRMT9,0.12553686744776815,True,2,0.0010;0.2501
PEX19,0.12581868356556714,True,2,0.2189;0.0328
RPL24,0.12586187926095205,True,2,0.1161;0.1356
CEP112,0.1259566332133174,True,2,0.0915;0.1604
TFDP3,0.12607941064493344,True,2,0.0433;0.2089
ZNF37A,0.1261485880837625,False,2,0.2538;-0.0016
NR2F6,0.12617909256831705,True,2,0.1919;0.0604
PATJ,0.12619588672219917,True,2,0.0558;0.1966
UTRN,0.12627055981833069,True,2,0.0905;0.1620
AHCY,0.12634333138396125,True,1,0.1263
TNFRSF9,0.12646372003047968,False,2,-0.1366;0.3895
MXD3,0.12672577954147013,True,2,0.1540;0.0994
FKRP,0.12673776622273392,True,2,0.1598;0.0937
CBWD5,0.12677914482939912,True,2,0.1110;0.1426
SS18L1,0.1268175676297153,True,2,0.1069;0.1467
FURIN,0.12721577216216162,False,2,0.2631;-0.0087
TLR6,0.12723808063642594,False,2,-0.1193;0.3738
PPIH,0.12724385565259866,True,2,0.1104;0.1441
PCED1B,0.12753052487519945,True,2,0.1635;0.0916
NT5DC1,0.12755368279347512,True,2,0.1021;0.1530
OIP5,0.12774231934097835,True,1,0.1277
UBL3,0.12783869782881452,False,2,-0.0029;0.2586
ATP5MC2,0.12790546788212664,True,2,0.1093;0.1465
DBX2,0.1281377727778522,True,2,0.0546;0.2017
HIST3H2BB,0.12833346761890974,True,2,0.0172;0.2395
NQO2,0.1285752342623372,True,2,0.1490;0.1082
RNF19A,0.12863658113980425,True,2,0.1839;0.0733
ECHS1,0.12891529492672416,True,2,0.0558;0.2020
RASSF6,0.1289188204584074,True,2,0.2233;0.0345
HES2,0.12908448846890896,True,2,0.0554;0.2027
LMO4,0.12908815751468272,True,1,0.1291
ZNF557,0.12911496141606094,True,2,0.1213;0.1369
SAP130,0.1291273769609128,False,2,-0.1938;0.4521
PTBP2,0.12915211073852872,True,2,0.0557;0.2026
TMEM115,0.12921882155601527,True,2,0.2008;0.0577
IL23R,0.12926801983718184,True,2,0.1638;0.0948
BBX,0.12929571722802924,True,2,0.0291;0.2295
RRM2B,0.12931286885207194,True,2,0.1164;0.1422
SOCS7,0.1293138788591114,True,2,0.1470;0.1116
ATN1,0.12942992054012203,True,2,0.0358;0.2230
POLR1E,0.1294444867748623,True,2,0.1122;0.1467
CEP85,0.129587855200184,True,2,0.0103;0.2488
CTSZ,0.12960210713308085,True,2,0.1939;0.0653
SEM1,0.12961129201836252,False,2,-0.0209;0.2801
ANKRD36C,0.1296711535674412,False,2,-0.1398;0.3992
RAD18,0.1297889570284938,True,2,0.1182;0.1414
SUPT5H,0.12982011247833125,True,2,0.0916;0.1680
DHODH,0.13018799240599943,False,2,-0.0157;0.2761
ZNF197,0.13032301234765575,True,2,0.0704;0.1903
C12orf29,0.1304318149396041,True,2,0.0940;0.1669
METTL4,0.1306498915822426,True,2,0.0469;0.2144
PLEKHA1,0.1306924458562826,True,2,0.1922;0.0692
MAMLD1,0.13081579853153813,True,2,0.1758;0.0859
SLAMF6,0.13083802037299164,True,2,0.0312;0.2305
GLB1L3,0.13091903291964757,True,2,0.0604;0.2015
PRX,0.13100361391379767,True,2,0.1266;0.1354
PPM1G,0.13119032426219568,True,2,0.2432;0.0191
AKT2,0.13134083358688264,True,2,0.0216;0.2411
KCTD9,0.1314576073688024,True,2,0.1864;0.0765
SRGN,0.13151302652598074,True,2,0.0471;0.2159
IL17F,0.13164864090923545,True,2,0.1796;0.0837
SELENOH,0.13169593483191155,True,2,0.2463;0.0171
SENP3,0.13183924626350513,False,2,0.2935;-0.0298
SLC39A9,0.13186187283425732,True,1,0.1319
AKR1C3,0.13187051441581632,True,2,0.1463;0.1174
FOXO6,0.13199252929600025,True,2,0.1902;0.0738
GMDS,0.1320275508874712,True,2,0.1707;0.0934
HOXC9,0.1320644222983115,True,2,0.1494;0.1147
SLC8B1,0.13210035085917926,True,2,0.2510;0.0132
ACAP1,0.13213201077733128,True,2,0.1784;0.0859
C6orf136,0.13228952061230892,True,2,0.0915;0.1731
RPS25,0.13239530479619632,True,2,0.2407;0.0241
GALK1,0.13243315693616797,True,2,0.1873;0.0776
GSK3B,0.13244397644814698,True,2,0.1058;0.1591
F2RL1,0.1327623447371692,True,2,0.0890;0.1765
FAM214B,0.13304388769299924,True,2,0.0451;0.2210
LMF1,0.13310732288023663,True,2,0.2489;0.0173
C1GALT1,0.13314186719796317,False,2,-0.1118;0.3781
SNAP23,0.13319264145729115,False,2,-0.0460;0.3124
C2orf15,0.13344584550897554,False,2,0.3382;-0.0713
BET1,0.133505850879859,True,1,0.1335
AAGAB,0.13355997615079063,True,2,0.1553;0.1118
TMEM161B,0.1336273083393681,True,2,0.0136;0.2536
SPDYA,0.13368049423664075,True,2,0.0404;0.2270
CHEK1,0.13372206161686506,True,1,0.1337
PHGDH,0.13377197113455064,True,2,0.2338;0.0338
BTG3,0.13381552638791372,False,2,-0.0800;0.3477
FAM227B,0.13384892482525246,True,2,0.1489;0.1188
STK32C,0.13388036794980884,True,2,0.0567;0.2110
HIST2H2AA3,0.13408194112115313,True,2,0.0091;0.2590
NRROS,0.13409283520564153,True,2,0.0881;0.1801
C12orf10,0.13428449550441002,True,2,0.0010;0.2676
FAF1,0.13433009163747933,True,2,0.0865;0.1822
CLINT1,0.13442679835858395,True,2,0.0560;0.2128
TPRX1,0.13485346206544924,True,2,0.1234;0.1463
LDLRAP1,0.13488139524519116,True,2,0.0723;0.1975
ATP5MC1,0.13496007051236314,True,2,0.1650;0.1050
PLCD1,0.13496767322488423,True,2,0.0377;0.2323
SETD5,0.13514992813495408,True,2,0.0456;0.2247
RPS5,0.1351827715334497,True,1,0.1352
HIST1H2AG,0.135466903141773,True,2,0.0854;0.1855
CHSY1,0.13557279197236605,True,2,0.0588;0.2123
PTPN22,0.13560649235917754,True,2,0.0595;0.2117
ARV1,0.13561234115481147,True,2,0.0637;0.2075
MDN1,0.13562266020713687,True,1,0.1356
MEAF6,0.13566936881437552,False,2,-0.1670;0.4383
ALS2CL,0.1359139950002728,False,2,-0.0416;0.3135
PSMD10,0.13609223522827707,True,2,0.1440;0.1282
OXSR1,0.1361947896548794,True,2,0.2148;0.0576
KATNAL1,0.13632638647730977,True,2,0.0334;0.2392
ERCC3,0.13641584688975383,True,1,0.1364
NOC2L,0.13644531559314133,True,1,0.1364
IRF7,0.13645526927237983,True,2,0.1063;0.1666
SKIL,0.13654783110769053,True,2,0.0982;0.1749
SATB1,0.13672085783943155,True,2,0.2053;0.0682
AGAP5,0.13676243627759643,True,2,0.1086;0.1649
ARID2,0.1369007208971218,False,2,-0.0266;0.3004
MFSD4A,0.13707524474059773,True,2,0.2150;0.0591
SLC1A6,0.13710591312834253,False,2,-0.0009;0.2752
PTEN,0.13719302347866724,True,2,0.0556;0.2188
LPGAT1,0.13732404371979323,True,2,0.1201;0.1545
CCDC71,0.13739978385621854,True,2,0.1848;0.0900
MLF2,0.13750773855642728,False,2,0.3994;-0.1244
SLC7A5,0.137616053391719,True,2,0.2141;0.0612
ICOS,0.13831832762877005,True,2,0.0083;0.2684
WDR60,0.13833986718715308,False,2,0.2842;-0.0075
SLC7A7,0.13838078494609718,False,2,-0.0271;0.3039
CCDC7,0.13858474301744106,True,2,0.0094;0.2677
YBEY,0.13860307720426412,True,1,0.1386
PLEKHG1,0.13860597164008437,False,2,-0.0089;0.2861
TXNL4B,0.1386918970814609,False,2,-0.2127;0.4901
FBP1,0.13877976794389724,True,2,0.2561;0.0215
DHX33,0.1387904989476022,True,2,0.0610;0.2165
ADAM23,0.13904495439239306,True,2,0.0742;0.2039
PUS3,0.13909586997390422,False,2,-0.1020;0.3802
MTA2,0.1392799247141252,True,2,0.0340;0.2446
KDM1B,0.13928266399715705,True,2,0.2238;0.0548
STX17,0.13929805283556274,True,2,0.2375;0.0411
UBE2B,0.13939883809628273,False,2,-0.1674;0.4462
MAGED4B,0.1396566665300345,True,1,0.1397
SLAMF1,0.13979703739301674,True,2,0.1322;0.1474
ZBTB39,0.13980550026780902,True,2,0.1233;0.1563
GNAI3,0.14011323606507786,True,2,0.0832;0.1970
PFDN5,0.14023082747866933,True,2,0.0609;0.2196
CDH3,0.1406962845079649,True,2,0.1869;0.0945
TYROBP,0.14086948784432807,True,2,0.1349;0.1469
CD244,0.14088293644782834,False,2,-0.0373;0.3190
NPIPA7,0.14091115696214718,False,2,-0.1409;0.4227
CA7,0.14111550968382636,True,2,0.2169;0.0653
C19orf48,0.1413995157159117,False,2,-0.1037;0.3865
GTF3C1,0.14147452173013764,False,2,-0.2425;0.5255
XIAP,0.14154466172761782,True,2,0.1086;0.1745
HOXB3,0.1417305615530562,True,2,0.2138;0.0697
XRCC1,0.14175219425109598,True,2,0.0402;0.2433
PADI4,0.14189526610755088,False,2,-0.0637;0.3475
KIF18A,0.1419424926968711,True,2,0.2581;0.0258
NUP43,0.14194514118632556,False,2,0.3943;-0.1104
DGCR6,0.14196333303755582,True,1,0.1420
CBLB,0.142093752917472,False,2,0.4375;-0.1533
ARL6,0.142266780406477,False,2,0.3400;-0.0554
FUCA2,0.1423978625855027,True,2,0.0535;0.2313
RPS21,0.14248854196630556,True,2,0.1048;0.1802
SRM,0.14251719569531607,True,2,0.0413;0.2438
TMEM170A,0.14253614450598662,True,2,0.2607;0.0244
SERPINE1,0.14267584146855294,True,2,0.1054;0.1800
WDTC1,0.14272213101532827,True,2,0.0987;0.1867
SDF2,0.14273764830447633,False,2,0.4199;-0.1344
PRH2,0.14294073567901133,True,2,0.1812;0.1046
ATP6V1E2,0.14297633833871348,True,2,0.2419;0.0440
HCK,0.14304959308811627,True,2,0.0607;0.2254
PRPF40A,0.14318970561350175,True,2,0.0493;0.2371
GRHPR,0.14321606182425617,False,2,-0.1366;0.4230
DCTD,0.14327537559612913,True,2,0.0346;0.2520
PAX9,0.14339697122510564,True,2,0.1506;0.1362
ZNHIT6,0.14340444234751226,True,1,0.1434
RPF1,0.14345602908893929,True,1,0.1435
ITSN1,0.1436193427139455,True,2,0.2242;0.0630
ADGRE5,0.14374321280898184,False,2,-0.0556;0.3431
RPP38,0.1438039872977318,False,2,0.3777;-0.0901
ADORA2A,0.14387796838723577,False,2,-0.1668;0.4546
AHSA1,0.14395355737569793,True,2,0.1415;0.1464
CHMP7,0.14404851458774215,True,2,0.1128;0.1753
SOHLH1,0.14425134197835576,True,2,0.0281;0.2605
EPS8L2,0.14429843104990459,False,2,-0.0272;0.3158
CD151,0.1443026860635105,False,2,-0.0539;0.3425
INSM2,0.14458261604209988,True,2,0.1202;0.1690
ZNF775,0.14469202398823722,False,2,0.2930;-0.0036
TTC9C,0.14476128749439587,True,2,0.1589;0.1306
LSM14B,0.14513779732377674,True,2,0.0275;0.2627
CXCL2,0.14523245041590138,True,2,0.1523;0.1381
SERP1,0.14543437844174545,True,2,0.0774;0.2135
MED31,0.14553034652303554,True,1,0.1455
RPS29,0.14554922689399508,True,1,0.1455
SETD7,0.14561663807570313,True,2,0.1936;0.0976
ATP13A3,0.14563764077134356,True,2,0.1208;0.1705
ARRDC5,0.14567740662649564,True,2,0.1358;0.1555
BICD2,0.14570411875564715,False,2,-0.0325;0.3239
HOXA11,0.1460880025469301,True,2,0.2202;0.0720
SIRT7,0.14625055561397104,False,2,-0.0592;0.3517
HMGCR,0.1462731137002488,False,2,0.4051;-0.1125
ZNF236,0.14639325369051537,True,2,0.2584;0.0344
SLC50A1,0.1464792666011332,False,2,-0.0071;0.3001
ZNF410,0.1466438297029643,True,2,0.0328;0.2605
MBLAC1,0.14686454433633633,True,2,0.1604;0.1333
CHMP5,0.14702938883572947,True,1,0.1470
KLHDC8B,0.14716850508049084,True,2,0.0405;0.2538
DDTL,0.14733856113698673,True,2,0.0958;0.1989
RNASEH2A,0.1474860069477053,True,2,0.2326;0.0624
MAPK14,0.1475350541950322,False,2,0.4742;-0.1791
WDR35,0.14766338596935658,True,2,0.0376;0.2577
MAOB,0.1476714407997427,False,2,-0.0202;0.3155
PRRC2A,0.147671923946591,True,2,0.0885;0.2068
RABIF,0.14791926125340893,True,2,0.0908;0.2050
CCNC,0.14804239720524281,True,2,0.0129;0.2832
ZNF101,0.14820510792425123,False,2,-0.0133;0.3097
RPH3AL,0.14821999752936899,True,2,0.2449;0.0516
LHX8,0.1483236056010213,True,2,0.1724;0.1242
INAFM2,0.14839580110873063,False,2,-0.0205;0.3173
CD5,0.14865298066043664,True,2,0.1529;0.1445
AVPI1,0.14877901854440168,False,2,-0.0064;0.3040
CSTF1,0.1488646935207616,True,2,0.2524;0.0454
TMEM181,0.14893847402004878,False,2,-0.0715;0.3694
RPL22L1,0.1490662152527209,True,2,0.1251;0.1731
FEM1A,0.1491706007020196,False,2,0.4568;-0.1585
PDSS2,0.14937218643593997,True,2,0.1618;0.1369
GOT2,0.1493773489920993,True,2,0.1178;0.1810
C3orf52,0.1494101230457846,True,2,0.0818;0.2170
TNIK,0.1495134717320723,True,2,0.0860;0.2131
SULT1B1,0.1495386025208506,True,2,0.0214;0.2777
MPP2,0.14959481903345317,True,2,0.1015;0.1977
C1orf54,0.14968115080589028,False,2,-0.0461;0.3454
TCEANC,0.14986215098885036,False,2,-0.0038;0.3035
CCDC122,0.15002297727037084,True,2,0.1457;0.1543
NAP1L2,0.15068219374898806,True,2,0.1632;0.1382
IRX4,0.15107936093521657,True,2,0.0074;0.2947
CDKN2D,0.15117880445146936,True,2,0.0962;0.2061
PTTG1IP,0.15127801542324903,False,2,-0.0264;0.3290
UQCRQ,0.1513979082777238,True,2,0.1134;0.1894
TEX261,0.151447768810408,True,2,0.2308;0.0721
CYP46A1,0.1515643292363309,True,2,0.0867;0.2164
THTPA,0.15163731298443062,False,2,-0.1098;0.4131
FAM13A,0.15174466533560504,True,2,0.0320;0.2715
ADAM12,0.15185274701423157,True,2,0.2967;0.0070
CIB1,0.151903596317983,True,2,0.1488;0.1550
HNRNPA2B1,0.15219867401874831,True,2,0.0446;0.2598
PIGW,0.15226719816651424,True,2,0.0545;0.2500
NFX1,0.1523368784870398,True,2,0.1783;0.1264
TFDP1,0.1524819937322046,True,2,0.1044;0.2005
VSIR,0.1526826285105778,False,2,0.3495;-0.0442
CEP126,0.1529896114869318,True,2,0.2784;0.0276
PHLPP2,0.15302131489660997,True,2,0.0749;0.2311
RIOK1,0.15309842095963416,False,2,0.3960;-0.0898
NVL,0.1531125375296416,False,2,-0.0526;0.3588
UFM1,0.15328617440690429,True,2,0.2047;0.1019
LRPAP1,0.1533060061145567,True,2,0.2400;0.0666
GRSF1,0.1534001861218408,True,2,0.1646;0.1422
DCUN1D5,0.15352528191379444,True,1,0.1535
CSF3R,0.15358392827856182,True,2,0.1563;0.1509
UVSSA,0.1536407615006885,True,1,0.1536
ZBTB20,0.1538080243835782,False,2,-0.1578;0.4655
CBR4,0.15396211734433818,False,2,-0.0143;0.3222
SEPT8,0.1540010286177962,True,2,0.0436;0.2644
NFYA,0.1544145383740867,True,1,0.1544
BOLA2B,0.15442943174847734,False,2,-0.1294;0.4383
NR5A1,0.15460904908638062,True,2,0.0188;0.2904
ZFP14,0.1546436872107556,True,2,0.2635;0.0458
KMT2C,0.15468164840401583,False,2,0.3714;-0.0621
RBM17,0.1548470645651816,True,1,0.1548
MSC,0.15489627790767035,True,2,0.1480;0.1618
PBX2,0.15505656041061877,True,2,0.0652;0.2449
TIMM29,0.15536683691764258,False,2,0.3652;-0.0545
COX6C,0.1554991513980093,True,2,0.0680;0.2430
UBL4A,0.15581597415899628,True,2,0.1565;0.1551
ZNF485,0.15603705917099497,True,2,0.0360;0.2760
ATF7IP,0.15655076945428126,True,2,0.0705;0.2426
FCGR3A,0.15663923942473212,False,2,-0.0226;0.3359
OTUD4,0.1567929235890252,True,2,0.1374;0.1761
PIGQ,0.15712523712385607,False,2,-0.0815;0.3958
ZNF17,0.1571436611519209,False,2,-0.0578;0.3721
SYPL1,0.15724886851429354,True,2,0.0815;0.2330
GYPC,0.15743678708787012,True,2,0.2114;0.1035
IQGAP2,0.15754774582948405,True,2,0.2101;0.1050
NCBP1,0.15755986551137546,True,1,0.1576
XPNPEP1,0.1578708056188125,True,2,0.1181;0.1976
RGS2,0.15788892162923174,True,2,0.2057;0.1101
TMEM33,0.15799084098608174,True,2,0.0179;0.2980
KIAA2026,0.1583107809049633,False,2,-0.0341;0.3507
VPS18,0.15841589707529513,False,2,0.3302;-0.0133
METTL7A,0.15843795324137477,False,2,-0.0152;0.3321
EMC7,0.15849873526470282,True,2,0.2313;0.0857
S100A6,0.15875133869631253,True,2,0.2088;0.1087
ARL13B,0.1590327575806909,True,2,0.0637;0.2544
WNT9A,0.15917627146158908,False,2,-0.0563;0.3747
C17orf67,0.1594428634966253,False,2,0.3198;-0.0009
ADGRE1,0.1603277641503893,True,2,0.1320;0.1886
NCOA4,0.16041522572367506,True,2,0.0685;0.2523
NPTN,0.16056297383679863,False,2,-0.0561;0.3772
C20orf96,0.1606351376459496,True,2,0.0367;0.2846
STAMBP,0.16097350922276776,True,2,0.0439;0.2780
CAV1,0.16105807913089443,True,2,0.0848;0.2374
CHRAC1,0.16142832352122283,True,2,0.0766;0.2462
SAXO2,0.16153436482746786,True,2,0.1773;0.1458
ASXL2,0.1616724053632589,True,2,0.0595;0.2639
RPA2,0.16188349556444237,True,1,0.1619
MAP1LC3A,0.16219203488027178,True,2,0.0859;0.2384
SH2D2A,0.16239387914475611,True,2,0.2962;0.0285
TMEM97,0.1625292372695668,True,2,0.0176;0.3074
HES5,0.16258039524547618,True,2,0.1926;0.1325
CYB5R3,0.16263426211112642,True,2,0.0914;0.2339
CCND3,0.16271289026832536,True,2,0.1098;0.2156
TRIM24,0.16275259183361412,True,2,0.1452;0.1803
DMD,0.16288387326820175,True,2,0.0955;0.2302
SPZ1,0.16293462488728716,True,2,0.0113;0.3145
CENPV,0.1632858186577485,False,2,-0.0906;0.4171
DPH1,0.16366408947739353,True,2,0.1411;0.1862
CHD7,0.16368719012585287,True,2,0.1603;0.1671
EIF4G1,0.16399693417454386,True,2,0.0336;0.2944
RAPH1,0.16400407317553933,False,2,-0.1931;0.5211
GPANK1,0.16405199650634428,True,2,0.1028;0.2253
BDP1,0.16414433518919203,True,2,0.2597;0.0685
HAT1,0.16433446341416702,True,2,0.0210;0.3076
HK2,0.16437953763716995,True,2,0.2002;0.1285
WIZ,0.164468788493639,True,2,0.2506;0.0783
MDH1,0.16478286740260417,True,2,0.2586;0.0709
BABAM1,0.16484170355521166,True,2,0.3115;0.0182
NAIP,0.1648911784916085,True,2,0.0580;0.2718
ANAPC13,0.16500317963971023,True,2,0.0726;0.2574
ENPP5,0.16544654626055044,True,2,0.1749;0.1560
H2AFY2,0.16592162101635688,True,2,0.0579;0.2740
C5orf63,0.1667855465568049,True,2,0.0018;0.3318
BEX2,0.16691298384984232,True,2,0.0033;0.3306
FXYD5,0.16701095026548396,True,2,0.1107;0.2233
SHLD1,0.16716995062992157,True,2,0.2639;0.0704
DDA1,0.1674951543908585,True,2,0.0496;0.2854
TPD52L1,0.16749835188820072,True,2,0.1009;0.2341
TIGD5,0.16758765008902698,True,2,0.0522;0.2830
PRPF39,0.16762430617745006,True,2,0.0441;0.2912
POU6F2,0.16796674772652742,False,2,-0.1274;0.4634
PRR29,0.1684137131151774,True,2,0.1708;0.1661
PPP1R10,0.1686922198691969,True,2,0.0496;0.2877
ZNF33B,0.16898987988623126,True,2,0.0771;0.2609
HCFC2,0.1693750846564983,True,2,0.2577;0.0810
CMTR2,0.1698229732924338,True,2,0.2496;0.0901
WASF2,0.16985932374819224,True,2,0.2176;0.1221
FAM241B,0.1699670649156867,True,2,0.1326;0.2073
LAG3,0.17007231159131297,True,2,0.1460;0.1941
RPLP1,0.17023435861557967,True,2,0.3093;0.0312
LRRC29,0.17036620177299377,True,2,0.0417;0.2990
RAB11FIP1,0.17043983152506137,False,2,-0.2084;0.5493
NPAT,0.17057401959287155,True,2,0.2274;0.1138
ZSWIM9,0.17074942222736023,True,2,0.0849;0.2566
MICAL2,0.1719149337255761,True,2,0.0883;0.2555
IL1RAP,0.17210899694600446,True,2,0.1038;0.2404
SFT2D1,0.1721172938562019,True,2,0.1838;0.1604
DVL3,0.17215886643802403,True,2,0.0804;0.2640
ENDOV,0.17234158744065986,False,2,-0.0480;0.3927
HTATIP2,0.17252930665420252,True,2,0.0434;0.3017
PBXIP1,0.17275405113983178,True,2,0.0662;0.2793
SIVA1,0.17276785992408084,True,2,0.1249;0.2206
HENMT1,0.17283685775035107,True,2,0.0967;0.2490
HSFX2,0.1729313716190709,True,2,0.1652;0.1807
CIZ1,0.17295523752347342,True,2,0.2338;0.1121
SETD2,0.1731017712444426,True,2,0.0792;0.2670
TMEM179B,0.1734601933146831,True,2,0.0612;0.2857
MC1R,0.1735003040797105,False,2,-0.0892;0.4362
C19orf66,0.17396172469064375,False,2,-0.0748;0.4227
FMN1,0.17399931179677364,True,2,0.2380;0.1100
NOP56,0.174703176877532,True,1,0.1747
SPIRE1,0.17479942688642924,False,2,-0.1402;0.4898
AFF3,0.175471915982782,True,2,0.2419;0.1090
ZMYND11,0.17549702299737813,True,2,0.2433;0.1077
RPUSD1,0.17554417373732945,True,2,0.1931;0.1580
TFAP2C,0.17566867550435894,True,2,0.1796;0.1718
MRPL16,0.1756822965284187,True,2,0.1081;0.2432
LIN9,0.17583522000569785,True,1,0.1758
EOGT,0.17591055863985827,False,2,-0.0451;0.3970
CACNA1C,0.17603414567521958,True,2,0.0620;0.2901
H2AFJ,0.17621448759550562,False,2,-0.0725;0.4249
CDH19,0.1762391389550183,True,2,0.2670;0.0854
LONRF3,0.17631072976211948,True,2,0.0453;0.3074
AMPD2,0.17633935105752396,True,2,0.0932;0.2595
SCGB3A1,0.17644147828381507,True,2,0.2120;0.1409
POLR3GL,0.17649102152219098,True,2,0.0493;0.3037
CLEC7A,0.17670514129214943,True,2,0.0285;0.3249
FANCM,0.17697719151418867,True,2,0.1234;0.2306
CCNA1,0.17739533220361425,True,2,0.0569;0.2979
CYREN,0.1776166745308667,False,2,-0.0719;0.4271
ELOC,0.17771621899465118,True,2,0.0004;0.3550
MST1,0.17790581147042905,False,2,-0.0079;0.3637
CWC15,0.17805205943594848,True,1,0.1781
NNMT,0.1781413894083117,True,2,0.3560;0.0003
TNNC1,0.1785063928498709,True,2,0.1141;0.2429
MBP,0.17877095089633754,True,2,0.1953;0.1622
DNAJA3,0.17882554877241708,True,2,0.0570;0.3006
RBL1,0.179099136230655,False,2,-0.0384;0.3966
KDM6A,0.17911983635252948,True,2,0.0986;0.2596
HPCAL4,0.17925207728567816,True,2,0.2552;0.1033
REST,0.17933943143892028,True,2,0.0561;0.3026
SLX1B,0.17945402653807097,False,2,-0.0014;0.3603
DNAJC2,0.17977907469958565,False,2,-0.0259;0.3855
MOB3C,0.18016626492216126,True,2,0.0957;0.2646
BLMH,0.18055346624002588,True,2,0.0355;0.3256
HIST1H2BK,0.1809016813934643,True,2,0.0565;0.3053
SORBS2,0.18129053005276397,True,2,0.1420;0.2206
CRTC1,0.1819028255674393,True,2,0.3023;0.0616
CENPJ,0.18192257201773276,True,2,0.1449;0.2189
SPATA5,0.18222311918648904,False,2,-0.0206;0.3850
RPAP2,0.1829188679983733,True,2,0.2752;0.0907
RPS8,0.1829970545209476,True,1,0.1830
NAT10,0.18317818923225193,True,1,0.1832
C18orf25,0.18319799908932888,False,2,-0.0823;0.4486
HELQ,0.18330104670238856,True,2,0.1342;0.2324
PDK1,0.18331641384002106,True,2,0.2105;0.1561
AHR,0.18337677966111132,True,2,0.0481;0.3187
TOX,0.18379387001698633,True,2,0.1183;0.2493
PDCL,0.18397933475197026,True,2,0.0614;0.3066
ARL17A,0.1842678982346958,False,2,-0.1148;0.4833
BTN3A1,0.18456313979525696,False,2,-0.1216;0.4908
TMPRSS6,0.18457170584312155,True,2,0.1398;0.2293
NME4,0.1847693234335146,True,2,0.0585;0.3110
ZNF564,0.18482599747994577,False,2,-0.0857;0.4553
DIMT1,0.1849902165271644,True,2,0.2546;0.1153
MORC2,0.1850880390915547,False,2,-0.0555;0.4256
VIRMA,0.18516411464622407,False,2,0.3816;-0.0113
PPIE,0.18603174411814694,True,1,0.1860
DNAJC9,0.18618904970686745,False,2,-0.1983;0.5707
STYXL1,0.1866056668522157,True,2,0.0006;0.3727
ZNF687,0.18704883987372667,True,2,0.2861;0.0880
TAF1A,0.18719499347049084,True,1,0.1872
NINJ1,0.1873426747553496,True,2,0.2550;0.1197
TMEM106C,0.18743258473780988,False,2,-0.0215;0.3964
AZIN1,0.18754818697701414,True,2,0.1420;0.2331
PQBP1,0.18768878360925723,False,2,-0.0726;0.4480
MPND,0.18773097741045375,True,2,0.3394;0.0360
CLEC4A,0.1879361350583435,True,2,0.2580;0.1179
CEP295,0.18794009506101728,True,1,0.1879
DDAH2,0.18806021192818534,False,2,-0.0478;0.4240
NDUFB3,0.18808944736253108,True,2,0.0427;0.3335
ZNF266,0.18818114086534043,True,2,0.0950;0.2814
ZNF160,0.18851829216510552,False,2,-0.0650;0.4421
CALCB,0.18858728161206084,True,2,0.2448;0.1324
CNN2,0.18907600537978353,True,2,0.2637;0.1144
UBE2V2,0.189426184306678,False,2,-0.0221;0.4009
TAOK1,0.18967904888857656,False,2,-0.1288;0.5082
PFDN6,0.19026005498292098,False,2,-0.0806;0.4611
LTA4H,0.19048576510111204,True,2,0.1722;0.2088
PGPEP1,0.19052037724624937,True,1,0.1905
ZC3H13,0.190639491643388,True,1,0.1906
ARMC8,0.19101128811206136,True,2,0.1478;0.2343
STAT6,0.1910919938643757,True,2,0.1944;0.1878
ANAPC7,0.19125852547672773,True,2,0.1451;0.2374
TLK1,0.19137825987639168,True,2,0.3370;0.0457
IPO5,0.19146918216776876,True,2,0.0193;0.3636
AMPD3,0.19152938549623788,True,2,0.2229;0.1602
PSMG2,0.1916151182665049,True,2,0.2158;0.1674
RBMS1,0.19165493879291917,False,2,-0.1266;0.5099
GTF2F1,0.19170570524566544,True,1,0.1917
RPL17-C18orf32,0.1918518540261105,True,1,0.1919
RBM26,0.1922736333961479,True,2,0.0766;0.3080
YTHDF3,0.19251260338939957,True,2,0.1986;0.1864
DACT1,0.19297458678913393,True,2,0.1652;0.2207
PIP,0.1929977579686024,False,2,0.4965;-0.1105
NDUFAF1,0.1936800105910338,True,2,0.2442;0.1432
TESK2,0.19369485747633164,True,2,0.3620;0.0254
SHARPIN,0.1937159938563593,True,2,0.0459;0.3415
ESCO1,0.19384118690515606,False,2,-0.0881;0.4758
APBB2,0.19404806035768707,True,1,0.1940
PRKDC,0.19433471536646785,True,2,0.2372;0.1515
BAG1,0.19469136851152335,True,2,0.1662;0.2232
ZDHHC7,0.1947383679139516,True,2,0.0905;0.2990
NDUFAF7,0.19481630808491068,True,2,0.0648;0.3248
MIGA1,0.19526962782817314,True,2,0.0480;0.3425
HSD17B13,0.1959517978260472,True,2,0.0191;0.3728
FUT8,0.19608636446984207,True,2,0.1106;0.2816
CMTM1,0.19677507668395855,False,2,-0.1735;0.5671
TUBA1A,0.19707158678985914,True,2,0.1707;0.2235
CXorf56,0.19723011054740747,False,2,-0.0434;0.4378
WNK1,0.1972997990156392,True,2,0.0621;0.3325
CSGALNACT2,0.1973491559387892,True,2,0.2234;0.1713
GAMT,0.1974483604849585,True,2,0.2398;0.1551
KYAT3,0.19745592696710645,True,2,0.0777;0.3172
SH2D3A,0.197786977989568,True,2,0.3262;0.0694
WDR91,0.1980745869418069,True,2,0.0251;0.3710
PCBP3,0.19812535470609116,False,2,-0.0208;0.4171
HNRNPU,0.19833480768482425,True,2,0.2217;0.1749
DCAF8,0.1984011889102406,False,2,-0.1303;0.5271
SUPT20H,0.19858958669033466,True,2,0.0312;0.3660
SIM1,0.19877707838036163,True,2,0.2512;0.1463
ATP6V0C,0.19911407298789197,True,1,0.1991
RDX,0.1991456980037246,False,2,-0.3832;0.7815
MAGED2,0.19933290275746007,True,2,0.2340;0.1647
LAT2,0.19949174050118612,False,2,-0.0890;0.4880
PEX11A,0.19952255650780204,False,2,-0.0080;0.4070
AKAP10,0.19978729243428017,True,2,0.0411;0.3585
GPX4,0.20030858982398048,True,2,0.1169;0.2837
C1QA,0.20135259513334536,True,2,0.3766;0.0261
ZBTB34,0.20233122445095808,True,2,0.1103;0.2944
SDF2L1,0.2028798875769554,True,2,0.2009;0.2048
FAM173B,0.20293427901828065,True,1,0.2029
NUP50,0.20300722957408812,True,2,0.0456;0.3604
ATG101,0.2031679809314887,False,2,-0.0107;0.4170
NUDC,0.20405891488985728,True,1,0.2041
MMP28,0.20444563739049393,True,2,0.0095;0.3994
PRKAR1A,0.2050272016019875,False,2,-0.0139;0.4239
RABGEF1,0.20508633367115503,True,2,0.3760;0.0341
JCHAIN,0.20515944622791338,True,2,0.2898;0.1205
MCM6,0.20545842068080034,True,1,0.2055
SLC41A3,0.20566307482696744,True,2,0.0873;0.3241
ARRB2,0.2058568261965974,True,1,0.2059
TMEM63A,0.20598697904052032,True,2,0.0737;0.3383
DIABLO,0.20619740426091349,True,2,0.0912;0.3212
NCAPD2,0.20625008565426806,True,2,0.1088;0.3037
RNF169,0.20630300535901613,True,2,0.1356;0.2770
FAM3A,0.20697465127377268,True,2,0.3726;0.0413
SLC52A2,0.20709652831201852,True,2,0.0242;0.3900
C11orf1,0.20758280901407455,False,2,-0.0651;0.4803
ZPR1,0.20799866617751306,False,2,-0.1471;0.5631
RNPEP,0.20809083925788463,True,2,0.0312;0.3850
IST1,0.20818521504470955,True,2,0.1382;0.2782
RNF38,0.20883215953751033,True,2,0.3310;0.0867
MRPL19,0.2096900418854829,True,2,0.2150;0.2044
ALKBH2,0.21092060415911384,False,2,-0.0429;0.4647
GPR137B,0.21119286727376918,True,2,0.1548;0.2676
ZNF830,0.21127146367952532,False,2,0.6805;-0.2580
PLSCR3,0.21144541327207667,True,2,0.0318;0.3911
SCRT1,0.21152277660351437,True,2,0.1407;0.2824
ZNF541,0.21175223737365845,False,2,-0.0294;0.4529
SUMF2,0.2120628276451556,True,2,0.0764;0.3477
PTTG1,0.21206805851922983,True,1,0.2121
AXIN1,0.21224992176367374,True,1,0.2122
PCTP,0.21281401417697088,True,2,0.0884;0.3373
DLG3,0.21281583816275373,True,2,0.0959;0.3298
NUP133,0.21306294038890894,True,2,0.0399;0.3863
TADA3,0.2138110353895709,True,2,0.3237;0.1040
NPTXR,0.21395035927081663,True,2,0.1535;0.2744
ZNF528,0.21440931217839931,True,2,0.1691;0.2597
DPY19L3,0.21443225942890343,True,2,0.1967;0.2321
EDA,0.21522502747094208,True,2,0.0531;0.3774
DEXI,0.21533211571719713,False,2,-0.0082;0.4389
IPMK,0.21552315802277922,True,2,0.3032;0.1279
UBE2O,0.2158836889624851,True,2,0.1188;0.3130
HIST1H3F,0.21652739408932842,True,2,0.2457;0.1874
GALNT7,0.21715912192927966,False,2,-0.0114;0.4457
ZSCAN30,0.21723685767770096,True,2,0.0367;0.3977
PIK3R4,0.218152464746606,True,2,0.0636;0.3727
JTB,0.21832257015051781,False,2,0.4858;-0.0492
BIK,0.2189198548874527,True,2,0.0041;0.4338
PARD6B,0.21912776917347587,True,2,0.0247;0.4135
HSD3B7,0.2193357432716888,True,2,0.1898;0.2488
PABPC4,0.21937705000995267,False,2,0.4795;-0.0407
SP5,0.21940566046218057,True,2,0.0345;0.4043
ZNF883,0.22005990421431165,False,2,-0.0603;0.5004
EED,0.22035877317657204,True,2,0.2642;0.1766
POLR1C,0.22073288803861002,True,2,0.2261;0.2153
GREM2,0.22097895641745446,True,2,0.2047;0.2372
ATP5F1C,0.2210950474597836,True,2,0.2284;0.2138
TPT1,0.22151757765359203,True,2,0.3477;0.0954
DEK,0.22317618376576165,False,2,-0.0518;0.4982
ASCL5,0.22318771701884987,True,2,0.0045;0.4419
CCNA2,0.2237030302648344,True,2,0.0863;0.3612
NSD2,0.2245375270907949,False,2,-0.0932;0.5423
SPATS2,0.22464451553502762,True,2,0.0556;0.3937
XRCC4,0.22618318881778765,True,1,0.2262
USP6NL,0.22631569104349658,True,2,0.1524;0.3003
YJU2,0.2266341352882456,False,2,-0.0194;0.4726
PIEZO1,0.2267794331968933,True,2,0.3093;0.1443
MCEE,0.22733974637035614,False,2,0.4737;-0.0190
RPL8,0.22749898870019525,True,1,0.2275
MED4,0.22754457961183439,True,2,0.3361;0.1190
RECQL5,0.2275987055856188,True,2,0.0546;0.4006
UROD,0.2277736105265462,False,2,-0.1810;0.6366
WDR24,0.2278585143925289,True,2,0.1291;0.3267
IRF8,0.22796595357109817,False,2,0.4656;-0.0096
RRP36,0.22851222920731973,False,2,0.4582;-0.0011
ZFAND3,0.22888826881310687,True,2,0.0285;0.4293
CYB5RL,0.22894379260561182,True,2,0.4546;0.0033
SLTM,0.22910053019651733,True,2,0.2395;0.2187
BTRC,0.23001117772071766,True,1,0.2300
B4GALNT3,0.23010370065078667,False,2,-0.0609;0.5211
GOSR2,0.23027993187033347,True,1,0.2303
TLK2,0.2304724840989043,True,2,0.3907;0.0702
RAD54B,0.23062372567518952,True,2,0.0097;0.4515
DPF3,0.23152525747721053,True,2,0.1753;0.2877
BCL11B,0.232889655553975,True,2,0.3589;0.1069
DMBX1,0.23387882349189337,True,2,0.2124;0.2554
ZSCAN9,0.2338993790460877,True,2,0.2029;0.2649
SYS1,0.2341222063972117,True,1,0.2341
ZCWPW1,0.23425869523240128,True,2,0.0701;0.3984
NXF1,0.2343871251735994,True,2,0.2655;0.2033
GPALPP1,0.2356190782178269,True,2,0.1423;0.3290
WIPI2,0.23630309219756662,True,2,0.2140;0.2586
CD24,0.23656199542679912,True,2,0.2424;0.2307
ETFDH,0.23683824497064376,False,2,0.6582;-0.1845
IL21,0.2370494698992648,True,2,0.0814;0.3927
SHKBP1,0.23818092426466442,False,2,-0.1049;0.5813
HABP4,0.23895221835015146,False,2,-0.0626;0.5405
POLR1D,0.23898420331212367,True,2,0.0539;0.4241
FAM32A,0.2394507816360285,True,1,0.2395
SFT2D2,0.24036478985490295,True,2,0.0495;0.4312
NHSL2,0.24061003056289376,True,1,0.2406
ZNF511,0.24224351011474,True,2,0.1714;0.3131
DENND6A,0.24261160550642802,True,2,0.2745;0.2107
SAMD10,0.2431407408253622,True,2,0.1019;0.3844
ZNF449,0.2431705991707369,True,2,0.2035;0.2829
ANLN,0.24319229367175654,True,1,0.2432
SP100,0.24362148879757195,True,2,0.1856;0.3016
TIMM21,0.2453900510991731,True,2,0.0206;0.4702
MPHOSPH9,0.2460491519931618,True,2,0.2361;0.2560
NENF,0.24636767504458534,True,2,0.1893;0.3035
RCC2,0.24663920464809752,True,2,0.0752;0.4181
ZGLP1,0.24701215104975005,True,2,0.3358;0.1582
TPMT,0.24731946671225435,True,2,0.2531;0.2415
POLD3,0.24799637422450438,True,1,0.2480
UFL1,0.24814055515772482,True,2,0.2028;0.2935
TNFSF10,0.24888320927486496,True,2,0.2529;0.2449
MTX2,0.24907453421838005,False,2,0.5783;-0.0802
NSMCE1,0.25043670750439784,True,1,0.2504
FBXL22,0.25244239675755387,False,2,-0.0435;0.5483
DCAF13,0.2530444399692675,True,1,0.2530
RTCB,0.2530998249279869,True,2,0.2076;0.2986
ANAPC10,0.2543932430259984,True,2,0.1154;0.3934
CCDC115,0.25648780023909634,True,2,0.2176;0.2954
USP5,0.2571693871206622,True,1,0.2572
HECW2,0.25749439698738685,False,2,-0.0499;0.5649
MTFR1L,0.25818492070645016,True,2,0.2985;0.2179
INTS6,0.25832632484520923,False,2,-0.1755;0.6922
ZNF746,0.259565858716268,False,2,-0.0415;0.5606
POLR2M,0.25967326167643134,False,2,-0.0805;0.5998
WDR86,0.26000779811045027,True,2,0.2556;0.2644
DCK,0.2603729027469446,True,1,0.2604
CENPK,0.2603803694242657,True,1,0.2604
MRPL13,0.2606231600096547,True,1,0.2606
GOLGA8N,0.26068015879906425,False,2,-0.0481;0.5695
RWDD3,0.2658918966653899,True,2,0.1402;0.3916
RPL13A,0.2680464088722049,True,2,0.2885;0.2476
MUT,0.26854754459481045,True,2,0.2023;0.3348
SREK1,0.26992391052841713,True,2,0.3210;0.2188
KIAA0825,0.2702629614496441,True,2,0.1503;0.3903
TRA2B,0.2712209874151459,True,1,0.2712
POT1,0.2724265383866544,False,2,0.6859;-0.1410
TBC1D15,0.2725191204812657,True,2,0.0693;0.4758
RBM42,0.2728713469394348,True,1,0.2729
PMPCB,0.2740842438478107,True,2,0.2591;0.2891
TTC39C,0.27487478176258096,True,2,0.1152;0.4346
CEBPB,0.2749808280326156,True,2,0.2382;0.3117
HOXD8,0.2755830148940026,True,2,0.1964;0.3547
GIGYF2,0.2764078765831114,True,2,0.0672;0.4856
NUDT5,0.2774380728163186,False,2,-0.3505;0.9054
SAMM50,0.2785173403688721,True,1,0.2785
KIAA1551,0.27867823500586375,True,2,0.1298;0.4276
DCP2,0.27993970416278313,True,2,0.1664;0.3935
BCAS2,0.28058742973586304,True,1,0.2806
KHDRBS1,0.28081741882719047,True,2,0.0338;0.5279
PHOSPHO2,0.2811062729000384,True,2,0.2251;0.3371
DONSON,0.28116149562452475,True,1,0.2812
TFG,0.28127407489232636,True,2,0.1507;0.4118
BRK1,0.2833883607543093,True,2,0.0316;0.5352
HDHD3,0.2837894682851314,True,2,0.1745;0.3931
ZNF649,0.28509017092357436,False,2,-0.2235;0.7936
RBM41,0.2853282740874352,True,2,0.4686;0.1021
PPP2R1A,0.28596006365755045,True,2,0.1669;0.4050
RPP40,0.2871049166151267,True,2,0.4986;0.0756
PPRC1,0.2871310211723168,True,2,0.3741;0.2002
CACHD1,0.28778306482091653,False,2,-0.0416;0.6172
SUPT7L,0.28992985889177236,True,2,0.2706;0.3093
E4F1,0.2934353837822252,False,2,-0.1373;0.7242
BRCA2,0.2940142288904951,True,2,0.0255;0.5625
ACAD11,0.2946471806427984,True,2,0.0532;0.5361
RTL10,0.2948571101523021,True,1,0.2949
SEC61A1,0.2951656842209103,True,1,0.2952
MED8,0.296013697524783,True,2,0.3639;0.2281
NOL10,0.2981717165276172,True,2,0.0802;0.5162
ZNF98,0.2981824239269666,True,2,0.0404;0.5559
GRK4,0.2989891271431847,True,2,0.3343;0.2637
RPLP0,0.30077737438554786,True,2,0.5253;0.0763
SEPT7,0.30202443740852936,True,2,0.4350;0.1690
NOP53,0.3023167572211761,True,2,0.4361;0.1686
SLX4,0.30839291972916894,True,2,0.0516;0.5652
LMTK2,0.3096596620082498,False,2,-0.2562;0.8755
N4BP2L2,0.3099827717755427,False,2,-0.1160;0.7360
LRRC1,0.31189573720433783,True,2,0.1456;0.4782
SH2D3C,0.3120009917329627,True,1,0.3120
KDM2A,0.31221934159150533,True,2,0.1387;0.4857
FLT4,0.31227175289558484,True,2,0.0391;0.5854
ZNF608,0.313498942804578,False,2,-0.2133;0.8403
KLHL17,0.3135597584017028,True,2,0.3685;0.2587
PSMD13,0.31405891538613007,True,2,0.2478;0.3803
PACS2,0.31439465096313013,True,2,0.4593;0.1695
BARD1,0.316099086288399,True,1,0.3161
TOX4,0.3164660053509787,True,1,0.3165
CSNK1A1,0.31794176280267517,True,2,0.6099;0.0260
SLC4A7,0.3180961323218007,False,2,-0.0188;0.6550
CREB3,0.3183951314003799,True,2,0.2863;0.3505
ESF1,0.3205550605811269,True,2,0.6120;0.0292
AKIP1,0.32376706020852464,True,2,0.2837;0.3638
ZSCAN2,0.3271470086343685,True,2,0.1077;0.5466
ZBTB7A,0.32979655180857304,True,2,0.2119;0.4477
NDUFAF5,0.3311385552349708,False,2,0.8317;-0.1694
VIM,0.33238626835241103,False,2,-0.0250;0.6897
CENPQ,0.33266951284013657,True,2,0.1803;0.4851
SLAMF7,0.3341226585163172,False,2,-0.0201;0.6883
NCKAP1L,0.3368736146010086,True,2,0.2161;0.4577
MORN1,0.33692309410891175,True,2,0.4050;0.2689
EEF2,0.34093850636308143,True,1,0.3409
NEDD1,0.34440730806874353,True,1,0.3444
PNO1,0.34523722511223887,False,2,-0.3552;1.0456
UBLCP1,0.3456374032873992,True,2,0.0146;0.6767
CPSF6,0.34873475994592906,True,2,0.4452;0.2523
TSR2,0.3505199052634398,True,2,0.6079;0.0932
DAXX,0.35389672824727547,True,2,0.2763;0.4315
CARS,0.3540607242804277,True,1,0.3541
TXLNB,0.3542113732429367,True,2,0.0879;0.6206
RPL18A,0.3546129822775361,True,1,0.3546
CDC27,0.35537286504683085,True,1,0.3554
HAUS3,0.35588995141788904,True,1,0.3559
TRIM11,0.35645711634004607,True,1,0.3565
ERGIC3,0.3566247260632325,True,2,0.0042;0.7090
SKP1,0.35780417818827803,True,2,0.1332;0.5824
FAM185A,0.3598481615946679,True,2,0.0644;0.6553
METTL16,0.36133402585322827,True,1,0.3613
CDK5RAP3,0.3660575925839392,True,2,0.4467;0.2855
PRMT1,0.37162601956850294,True,2,0.3264;0.4168
CENPM,0.3760046267455679,True,1,0.3760
DDRGK1,0.3768754617239882,True,2,0.6059;0.1478
OGFOD1,0.38299370769340924,True,2,0.5291;0.2369
EIF3L,0.3881800382875872,True,2,0.5164;0.2600
CSAD,0.38840216989402643,True,2,0.0147;0.7621
TNPO3,0.39079544980438596,True,1,0.3908
WDHD1,0.39081816365493993,True,1,0.3908
URB2,0.391221360825194,True,2,0.0833;0.6991
PPP1R2,0.39167885447761197,True,2,0.0135;0.7698
CENPL,0.40060636078416034,True,1,0.4006
SF3A3,0.40082482499819516,True,1,0.4008
LRRC41,0.40230848326641333,True,2,0.0648;0.7398
TPX2,0.402719903367484,True,1,0.4027
GAK,0.40321927787318856,True,2,0.6207;0.1857
YRDC,0.4042231261393855,True,2,0.2780;0.5304
GPN2,0.4068805264842861,True,1,0.4069
NFKB2,0.4131948089020836,False,2,-0.1155;0.9419
PWP1,0.41434213992692365,False,2,0.9127;-0.0840
TTC27,0.4158318520657547,True,1,0.4158
SRP19,0.41836940405175693,True,1,0.4184
RPL19,0.42699872436544495,True,1,0.4270
BAP1,0.4323168486869371,True,2,0.7628;0.1018
TBCC,0.4332337508664621,False,2,-0.2636;1.1300
LSM7,0.43502699950817125,True,1,0.4350
IL12RB2,0.4352795098895854,False,2,-0.1746;1.0452
RPS3,0.4374251574813479,True,2,0.3144;0.5605
UBL5,0.4392360982669271,True,2,0.5287;0.3498
TCOF1,0.44047751807547786,True,2,0.4340;0.4469
COPS8,0.44275461197559773,True,2,0.5397;0.3459
MPHOSPH10,0.4428300329120559,True,2,0.7598;0.1258
PLRG1,0.4524158894083159,True,1,0.4524
GINS1,0.4595285171630903,True,1,0.4595
ROMO1,0.46016829899486467,True,2,0.0085;0.9119
NHP2,0.4619767052300767,True,2,0.7447;0.1792
MED21,0.4671235551988544,True,1,0.4671
RPS24,0.46739042183492807,True,1,0.4674
TAF10,0.4698492334269554,True,2,0.8385;0.1012
KAT7,0.4743618075639613,True,2,0.8212;0.1275
ZP3,0.4846788274469712,True,2,0.0972;0.8722
EXOSC10,0.4874875526762257,True,1,0.4875
HPS1,0.49313120991527626,True,2,0.0870;0.8993
WDR55,0.49527289425518295,True,1,0.4953
POLR2I,0.502032881939561,True,1,0.5020
ZMYM2,0.5027180252358687,False,2,-0.0728;1.0783
FCF1,0.5047606251865159,True,2,0.7603;0.2492
RBM28,0.5050308117140115,True,2,0.0364;0.9737
XRCC5,0.5069210796076478,True,1,0.5069
RPA3,0.5083365530468227,True,1,0.5083
ZMAT2,0.5188656008159699,True,2,0.6263;0.4114
TICRR,0.5206843361529958,True,1,0.5207
UTP3,0.5224818804144953,True,1,0.5225
CFAP298,0.5248533670622214,False,2,-0.2958;1.3455
PSMD8,0.5259206840324362,True,1,0.5259
HAUS6,0.5293082362941077,True,1,0.5293
NOL11,0.5316697111546995,True,1,0.5317
RRP12,0.5323646080393788,True,2,0.0022;1.0625
QARS,0.5373494076378641,True,2,0.0204;1.0543
RPS15,0.538676727907639,True,1,0.5387
DDX10,0.5416999793648472,True,1,0.5417
EIF5B,0.5447791446523127,True,1,0.5448
CENPN,0.5520573562182121,True,1,0.5521
DCTN1,0.5544740521830664,True,1,0.5545
USP9Y,0.5596470140204889,False,2,-0.1164;1.2357
PSMC5,0.5667529018726944,True,1,0.5668
PSMC3,0.5844955286768743,True,2,0.9180;0.2510
CDK1,0.588954743878878,True,1,0.5890
MED17,0.5915321124947424,True,1,0.5915
CIAO3,0.6029174611117314,True,1,0.6029
TIMELESS,0.63491257922178,True,1,0.6349
RAD9A,0.6559274490190821,True,1,0.6559
CPNE7,0.6620730623983229,True,2,0.9507;0.3735
RPL32,0.6627266661212399,True,1,0.6627
GUK1,0.6698821593900715,True,1,0.6699
EIF3E,0.694351791498744,True,1,0.6944
TAF6,0.7140994011807754,True,2,1.0805;0.3477
BCCIP,0.7746012987352633,True,1,0.7746
PSMD6,0.7857772043668847,True,1,0.7858
PPP2CA,0.8356014222575043,True,1,0.8356
FIP1L1,0.8474698376168757,True,1,0.8475
SLF2,0.895587062972145,True,1,0.8956
HSCB,0.9470231966675391,True,1,0.9470
PMF1,0.9753051933963759,True,1,0.9753
EIF3C,0.9927803455321889,True,1,0.9928
LSM2,1.0180558943643396,True,1,1.0181
ETF1,1.147652925599429,True,1,1.1477
CENPC,1.1477664589747691,True,1,1.1478
